consolidated_townland,consolidated_townland_upper,sources,geojson_townland,match_type,match_score,approval_status
Rasnastraw,RASNASTRAW,"aggregated_records.csv, tenancies.csv",ROSNASTRAW,FUZZY,90,PENDING
ballynultagh,BALLYNULTAGH,aggregated_records.csv,ballynultagh,EXACT,100,APPROVED
BALLEESE LOWER,BALLEESE LOWER,wicklow-census-data.csv,,NO_MATCH,0,NEEDS_REVIEW
carrigatheme,CARRIGATHEME,aggregated_records.csv,carrigatheme,EXACT,100,APPROVED
ruskeen,RUSKEEN,aggregated_records.csv,,NO_MATCH,0,NEEDS_REVIEW
BALLYWARD,BALLYWARD,wicklow-census-data.csv,BALLARD,FUZZY,88,PENDING
GLASNARGET SOUTH,GLASNARGET SOUTH,wicklow-census-data.csv,,NO_MATCH,0,NEEDS_REVIEW
BALLINAMEESDA T,BALLINAMEESDA T,wicklow-census-data.csv,,NO_MATCH,0,NEEDS_REVIEW
L. Munney,L. MUNNEY,aggregated_records.csv,,NO_MATCH,0,NEEDS_REVIEW
BORKILL MORE,BORKILL MORE,wicklow-census-data.csv,,NO_MATCH,0,NEEDS_REVIEW
ballyknockers and deerepark,BALLYKNOCKERS AND DEEREPARK,aggregated_records.csv,,NO_MATCH,0,NEEDS_REVIEW
Kyle,KYLE,"aggregated_records.csv, tenancies.csv",Kyle,EXACT,100,APPROVED
Ballycumber South,BALLYCUMBER SOUTH,"aggregated_records.csv, tenancies.csv",Ballycumber South,EXACT,100,APPROVED
Dunbun,DUNBUN,"aggregated_records.csv, tenancies.csv",,NO_MATCH,0,NEEDS_REVIEW
RATHMEAGUE,RATHMEAGUE,"unified_census.csv, wicklow-census-data.csv",RATHMEAGUE,EXACT,100,APPROVED
CANNOW,CANNOW,wicklow-census-data.csv,,NO_MATCH,0,NEEDS_REVIEW
"Mullans, South","MULLANS, SOUTH","aggregated_records.csv, tenancies.csv",MULLANS SOUTH,FUZZY,96,PENDING
cronythorn,CRONYTHORN,aggregated_records.csv,,NO_MATCH,0,NEEDS_REVIEW
SLIEVEMAAN,SLIEVEMAAN,"unified_census.csv, wicklow-census-data.csv",SLIEVEMAAN,EXACT,100,APPROVED
TOMRILAND,TOMRILAND,wicklow-census-data.csv,,NO_MATCH,0,NEEDS_REVIEW
SESKIN,SESKIN,"unified_census.csv, wicklow-census-data.csv",SESKIN,EXACT,100,APPROVED
KILLINURE,KILLINURE,"unified_census.csv, wicklow-census-data.csv",KILLINURE,EXACT,100,APPROVED
Killabeg,KILLABEG,"aggregated_records.csv, tenancies.csv",Killabeg,EXACT,100,APPROVED
Hillbrook Lower,HILLBROOK LOWER,"aggregated_records.csv, tenancies.csv",Hillbrook Lower,EXACT,100,APPROVED
LEAMORE LOWER,LEAMORE LOWER,wicklow-census-data.csv,,NO_MATCH,0,NEEDS_REVIEW
COAN,COAN,wicklow-census-data.csv,,NO_MATCH,0,NEEDS_REVIEW
Hillbrook and Up Coolboy,HILLBROOK AND UP COOLBOY,"aggregated_records.csv, tenancies.csv",,NO_MATCH,0,NEEDS_REVIEW
Mullans,MULLANS,aggregated_records.csv,,NO_MATCH,0,NEEDS_REVIEW
KNOCKLOE,KNOCKLOE,"unified_census.csv, wicklow-census-data.csv",KNOCKLOE,EXACT,100,APPROVED
tubberconagh,TUBBERCONAGH,aggregated_records.csv,,NO_MATCH,0,NEEDS_REVIEW
glenphillipeen,GLENPHILLIPEEN,aggregated_records.csv,GLENPHILIPEEN,FUZZY,96,PENDING
ROCK BIG,ROCK BIG,wicklow-census-data.csv,,NO_MATCH,0,NEEDS_REVIEW
Coollattin,COOLLATTIN,"aggregated_records.csv, tenancies.csv",COOLATTIN,FUZZY,95,PENDING
Rasheenmore,RASHEENMORE,aggregated_records.csv,,NO_MATCH,0,NEEDS_REVIEW
bahana,BAHANA,aggregated_records.csv,,NO_MATCH,0,NEEDS_REVIEW
poullingate,POULLINGATE,aggregated_records.csv,,NO_MATCH,0,NEEDS_REVIEW
ballicionogue,BALLICIONOGUE,aggregated_records.csv,,NO_MATCH,0,NEEDS_REVIEW
SLIEVENAMOUGH,SLIEVENAMOUGH,"unified_census.csv, wicklow-census-data.csv",SLIEVENAMOUGH,EXACT,100,APPROVED
BARNAMIRE,BARNAMIRE,wicklow-census-data.csv,,NO_MATCH,0,NEEDS_REVIEW
BALLYNERRIN UPPER,BALLYNERRIN UPPER,wicklow-census-data.csv,,NO_MATCH,0,NEEDS_REVIEW
GLENCAP COMMONS SOUTH,GLENCAP COMMONS SOUTH,wicklow-census-data.csv,,NO_MATCH,0,NEEDS_REVIEW
Urrigan,URRIGAN,"aggregated_records.csv, tenancies.csv",,NO_MATCH,0,NEEDS_REVIEW
Blackditch and Ballyadock,BLACKDITCH AND BALLYADOCK,"aggregated_records.csv, tenancies.csv",,NO_MATCH,0,NEEDS_REVIEW
RAHEENLEAGH,RAHEENLEAGH,wicklow-census-data.csv,,NO_MATCH,0,NEEDS_REVIEW
REDCROSS,REDCROSS,wicklow-census-data.csv,,NO_MATCH,0,NEEDS_REVIEW
TINORANHILL NORTH,TINORANHILL NORTH,wicklow-census-data.csv,,NO_MATCH,0,NEEDS_REVIEW
KILRUDDERY DEMESNE EAST,KILRUDDERY DEMESNE EAST,wicklow-census-data.csv,,NO_MATCH,0,NEEDS_REVIEW
MONEY LOWER,MONEY LOWER,"unified_census.csv, wicklow-census-data.csv",MONEY LOWER,EXACT,100,APPROVED
TINNAPARK DEMESNE,TINNAPARK DEMESNE,wicklow-census-data.csv,,NO_MATCH,0,NEEDS_REVIEW
CASTLESALLAGH,CASTLESALLAGH,wicklow-census-data.csv,,NO_MATCH,0,NEEDS_REVIEW
TOMNASKELA,TOMNASKELA,"unified_census.csv, wicklow-census-data.csv",TOMNASKELA,EXACT,100,APPROVED
rathcot,RATHCOT,aggregated_records.csv,rathcot,EXACT,100,APPROVED
CORPORATION MURRAGH,CORPORATION MURRAGH,wicklow-census-data.csv,,NO_MATCH,0,NEEDS_REVIEW
SLIEVEROE,SLIEVEROE,"unified_census.csv, wicklow-census-data.csv",SLIEVEROE,EXACT,100,APPROVED
Ballinacor,BALLINACOR,"aggregated_records.csv, tenancies.csv",Ballinacor,EXACT,100,APPROVED
tansey close,TANSEY CLOSE,aggregated_records.csv,,NO_MATCH,0,NEEDS_REVIEW
KILMACANOGE NORTH,KILMACANOGE NORTH,wicklow-census-data.csv,,NO_MATCH,0,NEEDS_REVIEW
Ballynavortha,BALLYNAVORTHA,"aggregated_records.csv, tenancies.csv",Ballynavortha,EXACT,100,APPROVED
rasheenmore,RASHEENMORE,aggregated_records.csv,,NO_MATCH,0,NEEDS_REVIEW
KILLINPARK,KILLINPARK,wicklow-census-data.csv,,NO_MATCH,0,NEEDS_REVIEW
GLENART,GLENART,wicklow-census-data.csv,,NO_MATCH,0,NEEDS_REVIEW
LEABEG UPPER,LEABEG UPPER,wicklow-census-data.csv,,NO_MATCH,0,NEEDS_REVIEW
ballinguile hill,BALLINGUILE HILL,aggregated_records.csv,BALLINGUILEHILL,FUZZY,97,PENDING
monagrullen,MONAGRULLEN,aggregated_records.csv,,NO_MATCH,0,NEEDS_REVIEW
PARK (ED Ballingate),PARK (ED BALLINGATE),wicklow-census-data.csv,,NO_MATCH,0,NEEDS_REVIEW
Killybegg,KILLYBEGG,aggregated_records.csv,KILLABEG,FUZZY,82,PENDING
Park and Drumlin,PARK AND DRUMLIN,aggregated_records.csv,,NO_MATCH,0,NEEDS_REVIEW
SHEEANABEG (Robeck),SHEEANABEG (ROBECK),wicklow-census-data.csv,,NO_MATCH,0,NEEDS_REVIEW
TOOR,TOOR,wicklow-census-data.csv,,NO_MATCH,0,NEEDS_REVIEW
SPRINGFARM,SPRINGFARM,wicklow-census-data.csv,,NO_MATCH,0,NEEDS_REVIEW
Knockloe,KNOCKLOE,"aggregated_records.csv, tenancies.csv",Knockloe,EXACT,100,APPROVED
MARSH,MARSH,wicklow-census-data.csv,,NO_MATCH,0,NEEDS_REVIEW
BOYSTOWN or BALTYBOYS UPPER,BOYSTOWN OR BALTYBOYS UPPER,wicklow-census-data.csv,,NO_MATCH,0,NEEDS_REVIEW
ballyvole,BALLYVOLE,aggregated_records.csv,,NO_MATCH,0,NEEDS_REVIEW
KNOCKANODE,KNOCKANODE,wicklow-census-data.csv,,NO_MATCH,0,NEEDS_REVIEW
KNOCKMILLER,KNOCKMILLER,wicklow-census-data.csv,,NO_MATCH,0,NEEDS_REVIEW
Park and Drummin,PARK AND DRUMMIN,"aggregated_records.csv, tenancies.csv",,NO_MATCH,0,NEEDS_REVIEW
Slieveroe,SLIEVEROE,"aggregated_records.csv, tenancies.csv",Slieveroe,EXACT,100,APPROVED
BALLEESHAL,BALLEESHAL,wicklow-census-data.csv,,NO_MATCH,0,NEEDS_REVIEW
SRUHAUN,SRUHAUN,wicklow-census-data.csv,,NO_MATCH,0,NEEDS_REVIEW
money upper,MONEY UPPER,aggregated_records.csv,money upper,EXACT,100,APPROVED
KILPIPE,KILPIPE,"unified_census.csv, wicklow-census-data.csv",KILPIPE,EXACT,100,APPROVED
TOMANIERIN UPPER,TOMANIERIN UPPER,wicklow-census-data.csv,,NO_MATCH,0,NEEDS_REVIEW
BALLYKILMURRY LOWER,BALLYKILMURRY LOWER,wicklow-census-data.csv,,NO_MATCH,0,NEEDS_REVIEW
CLONMANNAN,CLONMANNAN,wicklow-census-data.csv,,NO_MATCH,0,NEEDS_REVIEW
SHELTON,SHELTON,wicklow-census-data.csv,,NO_MATCH,0,NEEDS_REVIEW
SLIEVENAVODE,SLIEVENAVODE,wicklow-census-data.csv,,NO_MATCH,0,NEEDS_REVIEW
MUCKLAGH (ED Kilpipe),MUCKLAGH (ED KILPIPE),wicklow-census-data.csv,,NO_MATCH,0,NEEDS_REVIEW
ballinguile,BALLINGUILE,aggregated_records.csv,ballinguile,EXACT,100,APPROVED
TIKNOCK,TIKNOCK,wicklow-census-data.csv,,NO_MATCH,0,NEEDS_REVIEW
BIRCHWOOD,BIRCHWOOD,wicklow-census-data.csv,,NO_MATCH,0,NEEDS_REVIEW
Wingrove Boleynakells,WINGROVE BOLEYNAKELLS,aggregated_records.csv,,NO_MATCH,0,NEEDS_REVIEW
rathcoyle,RATHCOYLE,aggregated_records.csv,,NO_MATCH,0,NEEDS_REVIEW
KILMAGIG UPPER,KILMAGIG UPPER,wicklow-census-data.csv,,NO_MATCH,0,NEEDS_REVIEW
tinahely and ballinacorby,TINAHELY AND BALLINACORBY,aggregated_records.csv,,NO_MATCH,0,NEEDS_REVIEW
Killaleagh,KILLALEAGH,"aggregated_records.csv, tenancies.csv",,NO_MATCH,0,NEEDS_REVIEW
PARK (ED Arklow Rural),PARK (ED ARKLOW RURAL),wicklow-census-data.csv,,NO_MATCH,0,NEEDS_REVIEW
BALLINTOMBAY UPPER,BALLINTOMBAY UPPER,wicklow-census-data.csv,,NO_MATCH,0,NEEDS_REVIEW
FREYNESTOWN UPPER,FREYNESTOWN UPPER,wicklow-census-data.csv,,NO_MATCH,0,NEEDS_REVIEW
CRONELUSK,CRONELUSK,wicklow-census-data.csv,,NO_MATCH,0,NEEDS_REVIEW
carrigatler,CARRIGATLER,aggregated_records.csv,,NO_MATCH,0,NEEDS_REVIEW
MOUNTLUSK,MOUNTLUSK,wicklow-census-data.csv,,NO_MATCH,0,NEEDS_REVIEW
Tomifinogue,TOMIFINOGUE,aggregated_records.csv,,NO_MATCH,0,NEEDS_REVIEW
kyle,KYLE,aggregated_records.csv,kyle,EXACT,100,APPROVED
lascoleman,LASCOLEMAN,aggregated_records.csv,LISCOLMAN,FUZZY,84,PENDING
DRAGOONHILL,DRAGOONHILL,wicklow-census-data.csv,,NO_MATCH,0,NEEDS_REVIEW
BURKEEN,BURKEEN,wicklow-census-data.csv,,NO_MATCH,0,NEEDS_REVIEW
sliverroe,SLIVERROE,aggregated_records.csv,SLIEVEROE,FUZZY,89,PENDING
coolattin als stoops,COOLATTIN ALS STOOPS,aggregated_records.csv,,NO_MATCH,0,NEEDS_REVIEW
BALLYDONNELL NORTH,BALLYDONNELL NORTH,wicklow-census-data.csv,,NO_MATCH,0,NEEDS_REVIEW
BALLINAGONEEN,BALLINAGONEEN,wicklow-census-data.csv,,NO_MATCH,0,NEEDS_REVIEW
WINDGATE,WINDGATE,wicklow-census-data.csv,,NO_MATCH,0,NEEDS_REVIEW
IRISHTOWN WEST,IRISHTOWN WEST,wicklow-census-data.csv,,NO_MATCH,0,NEEDS_REVIEW
COOLDROSS UPPER,COOLDROSS UPPER,wicklow-census-data.csv,,NO_MATCH,0,NEEDS_REVIEW
Cronyhorn Upper,CRONYHORN UPPER,"aggregated_records.csv, tenancies.csv",Cronyhorn Upper,EXACT,100,APPROVED
BALLINANTY,BALLINANTY,wicklow-census-data.csv,BALLINGATE,FUZZY,80,PENDING
CALARY UPPER,CALARY UPPER,wicklow-census-data.csv,,NO_MATCH,0,NEEDS_REVIEW
KILLEGAR,KILLEGAR,wicklow-census-data.csv,,NO_MATCH,0,NEEDS_REVIEW
newcastle and blackditch,NEWCASTLE AND BLACKDITCH,aggregated_records.csv,,NO_MATCH,0,NEEDS_REVIEW
Ballinulta,BALLINULTA,"aggregated_records.csv, tenancies.csv",BALLYNULTAGH,FUZZY,82,PENDING
Ruddenagh,RUDDENAGH,"aggregated_records.csv, tenancies.csv",RODDENAGH,FUZZY,89,PENDING
ballybeg,BALLYBEG,aggregated_records.csv,ballybeg,EXACT,100,APPROVED
SPRINGFIELD,SPRINGFIELD,wicklow-census-data.csv,,NO_MATCH,0,NEEDS_REVIEW
rusnastraw,RUSNASTRAW,aggregated_records.csv,ROSNASTRAW,FUZZY,90,PENDING
coolboy,COOLBOY,aggregated_records.csv,coolboy,EXACT,100,APPROVED
COOLHARBOUR LOWER,COOLHARBOUR LOWER,wicklow-census-data.csv,,NO_MATCH,0,NEEDS_REVIEW
tomcoyle preban,TOMCOYLE PREBAN,aggregated_records.csv,,NO_MATCH,0,NEEDS_REVIEW
BULLFORD,BULLFORD,wicklow-census-data.csv,,NO_MATCH,0,NEEDS_REVIEW
kilcaven,KILCAVEN,aggregated_records.csv,KILLAVENY,FUZZY,82,PENDING
Mehassy                           (? illegible word),MEHASSY                           (? ILLEGIBLE WORD),tenancies.csv,,NO_MATCH,0,NEEDS_REVIEW
JOHNSTOWN NORTH,JOHNSTOWN NORTH,wicklow-census-data.csv,,NO_MATCH,0,NEEDS_REVIEW
Mulllins,MULLLINS,aggregated_records.csv,,NO_MATCH,0,NEEDS_REVIEW
Dunburr,DUNBURR,"aggregated_records.csv, tenancies.csv",,NO_MATCH,0,NEEDS_REVIEW
muskeagh,MUSKEAGH,aggregated_records.csv,muskeagh,EXACT,100,APPROVED
MONATORE,MONATORE,wicklow-census-data.csv,,NO_MATCH,0,NEEDS_REVIEW
WOODLANDS,WOODLANDS,wicklow-census-data.csv,,NO_MATCH,0,NEEDS_REVIEW
halverstown,HALVERSTOWN,aggregated_records.csv,,NO_MATCH,0,NEEDS_REVIEW
ASKAKEAGH,ASKAKEAGH,"unified_census.csv, wicklow-census-data.csv",ASKAKEAGH,EXACT,100,APPROVED
KIRIKEE,KIRIKEE,wicklow-census-data.csv,,NO_MATCH,0,NEEDS_REVIEW
HOLLYWOOD UPPER,HOLLYWOOD UPPER,wicklow-census-data.csv,,NO_MATCH,0,NEEDS_REVIEW
DRUMDANGAN,DRUMDANGAN,wicklow-census-data.csv,,NO_MATCH,0,NEEDS_REVIEW
ballyoolen,BALLYOOLEN,aggregated_records.csv,,NO_MATCH,0,NEEDS_REVIEW
rathingrany,RATHINGRANY,aggregated_records.csv,,NO_MATCH,0,NEEDS_REVIEW
mill land,MILL LAND,aggregated_records.csv,mill land,EXACT,100,APPROVED
DAVIDSTOWN,DAVIDSTOWN,wicklow-census-data.csv,,NO_MATCH,0,NEEDS_REVIEW
Umrygar,UMRYGAR,"aggregated_records.csv, tenancies.csv",Umrygar,EXACT,100,APPROVED
FRIARHILL,FRIARHILL,wicklow-census-data.csv,,NO_MATCH,0,NEEDS_REVIEW
TOMBREEN,TOMBREEN,"unified_census.csv, wicklow-census-data.csv",TOMBREEN,EXACT,100,APPROVED
Park and Coolrun,PARK AND COOLRUN,"aggregated_records.csv, tenancies.csv",,NO_MATCH,0,NEEDS_REVIEW
CARRIGACURRA,CARRIGACURRA,wicklow-census-data.csv,,NO_MATCH,0,NEEDS_REVIEW
COOLAFUNSHOGE,COOLAFUNSHOGE,"unified_census.csv, wicklow-census-data.csv",COOLAFUNSHOGE,EXACT,100,APPROVED
kilaveney,KILAVENEY,aggregated_records.csv,KILLAVENY,FUZZY,89,PENDING
KILMACANOGE SOUTH,KILMACANOGE SOUTH,wicklow-census-data.csv,,NO_MATCH,0,NEEDS_REVIEW
Tinahely + Lugduff,TINAHELY + LUGDUFF,aggregated_records.csv,,NO_MATCH,0,NEEDS_REVIEW
ballyvolen,BALLYVOLEN,aggregated_records.csv,,NO_MATCH,0,NEEDS_REVIEW
BALLINACARRIG LOWER,BALLINACARRIG LOWER,wicklow-census-data.csv,,NO_MATCH,0,NEEDS_REVIEW
TINORANHILL SOUTH,TINORANHILL SOUTH,wicklow-census-data.csv,,NO_MATCH,0,NEEDS_REVIEW
MOORSTOWN,MOORSTOWN,wicklow-census-data.csv,,NO_MATCH,0,NEEDS_REVIEW
Glenphillippeen,GLENPHILLIPPEEN,aggregated_records.csv,GLENPHILIPEEN,FUZZY,93,PENDING
BURROW,BURROW,wicklow-census-data.csv,,NO_MATCH,0,NEEDS_REVIEW
GLASNAMULLEN,GLASNAMULLEN,wicklow-census-data.csv,,NO_MATCH,0,NEEDS_REVIEW
LUGGLASS UPPER,LUGGLASS UPPER,wicklow-census-data.csv,,NO_MATCH,0,NEEDS_REVIEW
slaney,SLANEY,aggregated_records.csv,,NO_MATCH,0,NEEDS_REVIEW
Ballard and Crone,BALLARD AND CRONE,"aggregated_records.csv, tenancies.csv",,NO_MATCH,0,NEEDS_REVIEW
GRANABEG UPPER,GRANABEG UPPER,wicklow-census-data.csv,,NO_MATCH,0,NEEDS_REVIEW
tinihaley mortons,TINIHALEY MORTONS,aggregated_records.csv,,NO_MATCH,0,NEEDS_REVIEW
NEWCASTLE,NEWCASTLE,wicklow-census-data.csv,,NO_MATCH,0,NEEDS_REVIEW
TINAHELY,TINAHELY,"unified_census.csv, wicklow-census-data.csv",TINAHELY,EXACT,100,APPROVED
OLDCOURT,OLDCOURT,wicklow-census-data.csv,,NO_MATCH,0,NEEDS_REVIEW
KELSHA,KELSHA,wicklow-census-data.csv,,NO_MATCH,0,NEEDS_REVIEW
BALLINTEMPLE,BALLINTEMPLE,wicklow-census-data.csv,,NO_MATCH,0,NEEDS_REVIEW
CRONAWINNIA,CRONAWINNIA,wicklow-census-data.csv,,NO_MATCH,0,NEEDS_REVIEW
knockadoomcoyle lease having expired,KNOCKADOOMCOYLE LEASE HAVING EXPIRED,aggregated_records.csv,,NO_MATCH,0,NEEDS_REVIEW
ballinicionogue,BALLINICIONOGUE,aggregated_records.csv,,NO_MATCH,0,NEEDS_REVIEW
BALLYHAD UPPER,BALLYHAD UPPER,wicklow-census-data.csv,,NO_MATCH,0,NEEDS_REVIEW
BALLYCULLEN,BALLYCULLEN,wicklow-census-data.csv,,NO_MATCH,0,NEEDS_REVIEW
OGHIL LOWER,OGHIL LOWER,wicklow-census-data.csv,,NO_MATCH,0,NEEDS_REVIEW
KEADEEN,KEADEEN,wicklow-census-data.csv,,NO_MATCH,0,NEEDS_REVIEW
COOLACORK,COOLACORK,wicklow-census-data.csv,,NO_MATCH,0,NEEDS_REVIEW
FREYNESTOWN LOWER,FREYNESTOWN LOWER,wicklow-census-data.csv,,NO_MATCH,0,NEEDS_REVIEW
BALLYDUFF SOUTH,BALLYDUFF SOUTH,wicklow-census-data.csv,,NO_MATCH,0,NEEDS_REVIEW
Coolkenna,COOLKENNA,"aggregated_records.csv, tenancies.csv",Coolkenna,EXACT,100,APPROVED
TICLASH,TICLASH,wicklow-census-data.csv,,NO_MATCH,0,NEEDS_REVIEW
TINNAKILLY UPPER,TINNAKILLY UPPER,wicklow-census-data.csv,,NO_MATCH,0,NEEDS_REVIEW
BALLYTUNNY,BALLYTUNNY,wicklow-census-data.csv,,NO_MATCH,0,NEEDS_REVIEW
SEAVIEW,SEAVIEW,wicklow-census-data.csv,,NO_MATCH,0,NEEDS_REVIEW
MONEYSTOWN NORTH,MONEYSTOWN NORTH,wicklow-census-data.csv,,NO_MATCH,0,NEEDS_REVIEW
CRONYBYRNE,CRONYBYRNE,wicklow-census-data.csv,,NO_MATCH,0,NEEDS_REVIEW
lugduff,LUGDUFF,aggregated_records.csv,lugduff,EXACT,100,APPROVED
raoth,RAOTH,aggregated_records.csv,RATH,FUZZY,89,PENDING
KILLYBEG,KILLYBEG,wicklow-census-data.csv,KILLABEG,FUZZY,88,PENDING
BARNACLEAGH NORTH,BARNACLEAGH NORTH,wicklow-census-data.csv,,NO_MATCH,0,NEEDS_REVIEW
CLONEEN,CLONEEN,wicklow-census-data.csv,,NO_MATCH,0,NEEDS_REVIEW
KILRANELAGH,KILRANELAGH,wicklow-census-data.csv,,NO_MATCH,0,NEEDS_REVIEW
RAHERD,RAHERD,wicklow-census-data.csv,,NO_MATCH,0,NEEDS_REVIEW
Farnees at Crossbridge,FARNEES AT CROSSBRIDGE,aggregated_records.csv,,NO_MATCH,0,NEEDS_REVIEW
killybegg,KILLYBEGG,aggregated_records.csv,KILLABEG,FUZZY,82,PENDING
Tomacork,TOMACORK,"aggregated_records.csv, tenancies.csv",Tomacork,EXACT,100,APPROVED
STRATFORD LODGE,STRATFORD LODGE,wicklow-census-data.csv,,NO_MATCH,0,NEEDS_REVIEW
Toberlownagh,TOBERLOWNAGH,"aggregated_records.csv, tenancies.csv",Toberlownagh,EXACT,100,APPROVED
Seabegg,SEABEGG,aggregated_records.csv,,NO_MATCH,0,NEEDS_REVIEW
rathingrancy,RATHINGRANCY,aggregated_records.csv,,NO_MATCH,0,NEEDS_REVIEW
KILMULLIN (ED Moneystown),KILMULLIN (ED MONEYSTOWN),wicklow-census-data.csv,,NO_MATCH,0,NEEDS_REVIEW
tinahely,TINAHELY,aggregated_records.csv,tinahely,EXACT,100,APPROVED
DEERPARK (ED Donaghmore),DEERPARK (ED DONAGHMORE),wicklow-census-data.csv,,NO_MATCH,0,NEEDS_REVIEW
KNOCKNAGILKY UPPER,KNOCKNAGILKY UPPER,wicklow-census-data.csv,,NO_MATCH,0,NEEDS_REVIEW
GORTEEN,GORTEEN,"unified_census.csv, wicklow-census-data.csv",GORTEEN,EXACT,100,APPROVED
TIGRONEY WEST,TIGRONEY WEST,wicklow-census-data.csv,,NO_MATCH,0,NEEDS_REVIEW
BELMONT DEMESNE,BELMONT DEMESNE,wicklow-census-data.csv,,NO_MATCH,0,NEEDS_REVIEW
COOLNASKEAGH,COOLNASKEAGH,wicklow-census-data.csv,,NO_MATCH,0,NEEDS_REVIEW
Gowle,GOWLE,"aggregated_records.csv, tenancies.csv",Gowle,EXACT,100,APPROVED
Tombreen,TOMBREEN,"aggregated_records.csv, tenancies.csv",Tombreen,EXACT,100,APPROVED
RATHSHANMORE SOUTH,RATHSHANMORE SOUTH,"unified_census.csv, wicklow-census-data.csv",RATHSHANMORE SOUTH,EXACT,100,APPROVED
JOHNSTOWN SOUTH,JOHNSTOWN SOUTH,wicklow-census-data.csv,,NO_MATCH,0,NEEDS_REVIEW
CULLENTRAGH BIG,CULLENTRAGH BIG,wicklow-census-data.csv,,NO_MATCH,0,NEEDS_REVIEW
Killidreenin [?],KILLIDREENIN [?],aggregated_records.csv,,NO_MATCH,0,NEEDS_REVIEW
BALLYKNOCKAN LOWER,BALLYKNOCKAN LOWER,wicklow-census-data.csv,BALLYKNOCKER,FUZZY,80,PENDING
Ballicionogue,BALLICIONOGUE,"aggregated_records.csv, tenancies.csv",,NO_MATCH,0,NEEDS_REVIEW
WOODENBOLEY,WOODENBOLEY,wicklow-census-data.csv,,NO_MATCH,0,NEEDS_REVIEW
tomnaskela,TOMNASKELA,aggregated_records.csv,tomnaskela,EXACT,100,APPROVED
CLOGHLEAGH,CLOGHLEAGH,wicklow-census-data.csv,,NO_MATCH,0,NEEDS_REVIEW
Newtown,NEWTOWN,"aggregated_records.csv, tenancies.csv",Newtown,EXACT,100,APPROVED
Mangans,MANGANS,"aggregated_records.csv, tenancies.csv",Mangans,EXACT,100,APPROVED
AVONDALE,AVONDALE,wicklow-census-data.csv,,NO_MATCH,0,NEEDS_REVIEW
BALLYRONAN,BALLYRONAN,wicklow-census-data.csv,,NO_MATCH,0,NEEDS_REVIEW
TOMCOYLE LOWER,TOMCOYLE LOWER,wicklow-census-data.csv,RATHCOYLE LOWER,FUZZY,83,PENDING
BALLYNABROCKY,BALLYNABROCKY,wicklow-census-data.csv,,NO_MATCH,0,NEEDS_REVIEW
SANTRYHILL,SANTRYHILL,wicklow-census-data.csv,,NO_MATCH,0,NEEDS_REVIEW
KNOCKNASKEAGH,KNOCKNASKEAGH,wicklow-census-data.csv,,NO_MATCH,0,NEEDS_REVIEW
knockkadoomcoyle,KNOCKKADOOMCOYLE,aggregated_records.csv,KNOCKATOMCOYLE,FUZZY,87,PENDING
lr munney,LR MUNNEY,aggregated_records.csv,,NO_MATCH,0,NEEDS_REVIEW
KILTEGAN T,KILTEGAN T,wicklow-census-data.csv,,NO_MATCH,0,NEEDS_REVIEW
tomnarkaly,TOMNARKALY,aggregated_records.csv,,NO_MATCH,0,NEEDS_REVIEW
Rashenmore,RASHENMORE,"aggregated_records.csv, tenancies.csv",,NO_MATCH,0,NEEDS_REVIEW
BLINDWOOD,BLINDWOOD,wicklow-census-data.csv,,NO_MATCH,0,NEEDS_REVIEW
BALLINACROW LOWER,BALLINACROW LOWER,wicklow-census-data.csv,,NO_MATCH,0,NEEDS_REVIEW
wicklow at bolarney,WICKLOW AT BOLARNEY,aggregated_records.csv,,NO_MATCH,0,NEEDS_REVIEW
Tomeagle and Preban,TOMEAGLE AND PREBAN,"aggregated_records.csv, tenancies.csv",,NO_MATCH,0,NEEDS_REVIEW
MONEY UPPER,MONEY UPPER,"unified_census.csv, wicklow-census-data.csv",MONEY UPPER,EXACT,100,APPROVED
stranakelly,STRANAKELLY,aggregated_records.csv,stranakelly,EXACT,100,APPROVED
Moyne,MOYNE,"aggregated_records.csv, tenancies.csv",Moyne,EXACT,100,APPROVED
knockloe,KNOCKLOE,aggregated_records.csv,knockloe,EXACT,100,APPROVED
ballinavorta,BALLINAVORTA,aggregated_records.csv,BALLYNAVORTHA,FUZZY,88,PENDING
carricknameal,CARRICKNAMEAL,aggregated_records.csv,,NO_MATCH,0,NEEDS_REVIEW
park and coolrun,PARK AND COOLRUN,aggregated_records.csv,,NO_MATCH,0,NEEDS_REVIEW
RATHMORE,RATHMORE,wicklow-census-data.csv,,NO_MATCH,0,NEEDS_REVIEW
PLEZICA,PLEZICA,wicklow-census-data.csv,,NO_MATCH,0,NEEDS_REVIEW
BURGAGE MOYLE,BURGAGE MOYLE,wicklow-census-data.csv,,NO_MATCH,0,NEEDS_REVIEW
Munney,MUNNEY,aggregated_records.csv,,NO_MATCH,0,NEEDS_REVIEW
SLIEVEDUFF,SLIEVEDUFF,wicklow-census-data.csv,,NO_MATCH,0,NEEDS_REVIEW
POLLAPHUCA,POLLAPHUCA,wicklow-census-data.csv,,NO_MATCH,0,NEEDS_REVIEW
Rathcoyle Upper,RATHCOYLE UPPER,"aggregated_records.csv, tenancies.csv",Rathcoyle Upper,EXACT,100,APPROVED
BARRANISKY WEST,BARRANISKY WEST,wicklow-census-data.csv,,NO_MATCH,0,NEEDS_REVIEW
RUSSELLSTOWN,RUSSELLSTOWN,wicklow-census-data.csv,,NO_MATCH,0,NEEDS_REVIEW
Drumdangan,DRUMDANGAN,"aggregated_records.csv, tenancies.csv",,NO_MATCH,0,NEEDS_REVIEW
DRUMGOFF,DRUMGOFF,wicklow-census-data.csv,,NO_MATCH,0,NEEDS_REVIEW
aghowle lower,AGHOWLE LOWER,aggregated_records.csv,aghowle lower,EXACT,100,APPROVED
RAHEEN (ED Donaghmore),RAHEEN (ED DONAGHMORE),wicklow-census-data.csv,,NO_MATCH,0,NEEDS_REVIEW
Knockkadoomcoyle,KNOCKKADOOMCOYLE,"aggregated_records.csv, tenancies.csv",KNOCKATOMCOYLE,FUZZY,87,PENDING
NEWTOWN (ED Donaghhmore),NEWTOWN (ED DONAGHHMORE),wicklow-census-data.csv,,NO_MATCH,0,NEEDS_REVIEW
rathshanmore south,RATHSHANMORE SOUTH,aggregated_records.csv,rathshanmore south,EXACT,100,APPROVED
SLIEVEBOY LOWER,SLIEVEBOY LOWER,"unified_census.csv, wicklow-census-data.csv",SLIEVEBOY LOWER,EXACT,100,APPROVED
farnees struck out corravanish,FARNEES STRUCK OUT CORRAVANISH,aggregated_records.csv,,NO_MATCH,0,NEEDS_REVIEW
gurteen at mount pleasant,GURTEEN AT MOUNT PLEASANT,aggregated_records.csv,,NO_MATCH,0,NEEDS_REVIEW
THREECASTLES,THREECASTLES,wicklow-census-data.csv,,NO_MATCH,0,NEEDS_REVIEW
kilpipe and tomnaskela,KILPIPE AND TOMNASKELA,aggregated_records.csv,,NO_MATCH,0,NEEDS_REVIEW
BALTYNATONE FEVER HOSPITAL,BALTYNATONE FEVER HOSPITAL,wicklow-census-data.csv,,NO_MATCH,0,NEEDS_REVIEW
TOOLESTOWN,TOOLESTOWN,wicklow-census-data.csv,,NO_MATCH,0,NEEDS_REVIEW
moatabower co wexford,MOATABOWER CO WEXFORD,aggregated_records.csv,,NO_MATCH,0,NEEDS_REVIEW
BOYSTOWN or BALTYBOYS LOWER,BOYSTOWN OR BALTYBOYS LOWER,wicklow-census-data.csv,,NO_MATCH,0,NEEDS_REVIEW
KILMACREA UPPER,KILMACREA UPPER,wicklow-census-data.csv,,NO_MATCH,0,NEEDS_REVIEW
Ballycionogue,BALLYCIONOGUE,aggregated_records.csv,,NO_MATCH,0,NEEDS_REVIEW
HOLLYWOOD DEMESNE,HOLLYWOOD DEMESNE,wicklow-census-data.csv,,NO_MATCH,0,NEEDS_REVIEW
ATHDOWN,ATHDOWN,wicklow-census-data.csv,,NO_MATCH,0,NEEDS_REVIEW
Rosbane,ROSBANE,"aggregated_records.csv, tenancies.csv",Rosbane,EXACT,100,APPROVED
Ballagh,BALLAGH,"aggregated_records.csv, tenancies.csv",Ballagh,EXACT,100,APPROVED
KILLINCARRIG T,KILLINCARRIG T,wicklow-census-data.csv,,NO_MATCH,0,NEEDS_REVIEW
BALLYCOYLE,BALLYCOYLE,wicklow-census-data.csv,,NO_MATCH,0,NEEDS_REVIEW
KNOCKANARRIGAN,KNOCKANARRIGAN,wicklow-census-data.csv,,NO_MATCH,0,NEEDS_REVIEW
Glandphilipeen,GLANDPHILIPEEN,aggregated_records.csv,GLENPHILIPEEN,FUZZY,89,PENDING
morgans,MORGANS,aggregated_records.csv,,NO_MATCH,0,NEEDS_REVIEW
Tinahealy and Coolruss,TINAHEALY AND COOLRUSS,aggregated_records.csv,,NO_MATCH,0,NEEDS_REVIEW
CRONESALLAGH,CRONESALLAGH,wicklow-census-data.csv,,NO_MATCH,0,NEEDS_REVIEW
KNOCKIERAN UPPER,KNOCKIERAN UPPER,wicklow-census-data.csv,,NO_MATCH,0,NEEDS_REVIEW
balliecionogue,BALLIECIONOGUE,aggregated_records.csv,,NO_MATCH,0,NEEDS_REVIEW
kilmalone,KILMALONE,aggregated_records.csv,,NO_MATCH,0,NEEDS_REVIEW
Coolattin or Barracks,COOLATTIN OR BARRACKS,aggregated_records.csv,,NO_MATCH,0,NEEDS_REVIEW
knockadoomcoyle park,KNOCKADOOMCOYLE PARK,aggregated_records.csv,,NO_MATCH,0,NEEDS_REVIEW
ballinerrin,BALLINERRIN,aggregated_records.csv,,NO_MATCH,0,NEEDS_REVIEW
tombrean,TOMBREAN,aggregated_records.csv,TOMBREEN,FUZZY,88,PENDING
KNOCKANREAGH,KNOCKANREAGH,wicklow-census-data.csv,,NO_MATCH,0,NEEDS_REVIEW
TIGLIN,TIGLIN,wicklow-census-data.csv,,NO_MATCH,0,NEEDS_REVIEW
Knockeen or Killinure,KNOCKEEN OR KILLINURE,"aggregated_records.csv, tenancies.csv",,NO_MATCH,0,NEEDS_REVIEW
Hillbrooke/Parkmore,HILLBROOKE/PARKMORE,aggregated_records.csv,,NO_MATCH,0,NEEDS_REVIEW
BALLYLION UPPER,BALLYLION UPPER,wicklow-census-data.csv,,NO_MATCH,0,NEEDS_REVIEW
KILCRONEY,KILCRONEY,wicklow-census-data.csv,,NO_MATCH,0,NEEDS_REVIEW
AGHOWLE UPPER,AGHOWLE UPPER,"unified_census.csv, wicklow-census-data.csv",AGHOWLE UPPER,EXACT,100,APPROVED
rathcoll,RATHCOLL,aggregated_records.csv,RATHCOT,FUZZY,80,PENDING
CALLOWHILL UPPER,CALLOWHILL UPPER,wicklow-census-data.csv,,NO_MATCH,0,NEEDS_REVIEW
BALLINABARNY GAP,BALLINABARNY GAP,wicklow-census-data.csv,,NO_MATCH,0,NEEDS_REVIEW
monaghallen,MONAGHALLEN,aggregated_records.csv,,NO_MATCH,0,NEEDS_REVIEW
KILLARNEY,KILLARNEY,wicklow-census-data.csv,,NO_MATCH,0,NEEDS_REVIEW
KEELOGE UPPER,KEELOGE UPPER,wicklow-census-data.csv,,NO_MATCH,0,NEEDS_REVIEW
Murreagh,MURREAGH,"aggregated_records.csv, tenancies.csv",,NO_MATCH,0,NEEDS_REVIEW
CARRIGEENDUFF,CARRIGEENDUFF,wicklow-census-data.csv,,NO_MATCH,0,NEEDS_REVIEW
LARAGH WEST,LARAGH WEST,wicklow-census-data.csv,,NO_MATCH,0,NEEDS_REVIEW
mangins,MANGINS,aggregated_records.csv,MANGANS,FUZZY,86,PENDING
aghowle upper,AGHOWLE UPPER,aggregated_records.csv,aghowle upper,EXACT,100,APPROVED
kilballyowen rathdrum,KILBALLYOWEN RATHDRUM,aggregated_records.csv,,NO_MATCH,0,NEEDS_REVIEW
HOLDENSTOWN UPPER,HOLDENSTOWN UPPER,wicklow-census-data.csv,,NO_MATCH,0,NEEDS_REVIEW
Ballarney,BALLARNEY,"aggregated_records.csv, tenancies.csv",,NO_MATCH,0,NEEDS_REVIEW
KNOCKRATH LITTLE,KNOCKRATH LITTLE,wicklow-census-data.csv,,NO_MATCH,0,NEEDS_REVIEW
Knocknagree,KNOCKNAGREE,"aggregated_records.csv, tenancies.csv",Knocknagree,EXACT,100,APPROVED
Garryhoe,GARRYHOE,"aggregated_records.csv, tenancies.csv",Garryhoe,EXACT,100,APPROVED
RATHBRAN,RATHBRAN,wicklow-census-data.csv,RATHBANE,FUZZY,88,PENDING
tomacoyle,TOMACOYLE,aggregated_records.csv,TOMCOYLE,FUZZY,94,PENDING
Hillbrooke,HILLBROOKE,"aggregated_records.csv, tenancies.csv",HILLBROOK UPPER,FUZZY,80,PENDING
glenyshoke,GLENYSHOKE,aggregated_records.csv,,NO_MATCH,0,NEEDS_REVIEW
BALLYRAINE UPPER,BALLYRAINE UPPER,wicklow-census-data.csv,BALLINGATE UPPER,FUZZY,81,PENDING
MOANASPICK,MOANASPICK,wicklow-census-data.csv,,NO_MATCH,0,NEEDS_REVIEW
killaleagh,KILLALEAGH,aggregated_records.csv,,NO_MATCH,0,NEEDS_REVIEW
ballymarroge,BALLYMARROGE,aggregated_records.csv,ballymarroge,EXACT,100,APPROVED
KILBAYLET UPPER,KILBAYLET UPPER,wicklow-census-data.csv,,NO_MATCH,0,NEEDS_REVIEW
mehassy and ballinaurly,MEHASSY AND BALLINAURLY,aggregated_records.csv,,NO_MATCH,0,NEEDS_REVIEW
moylisha,MOYLISHA,aggregated_records.csv,moylisha,EXACT,100,APPROVED
towerboy,TOWERBOY,aggregated_records.csv,TOORBOY,FUZZY,80,PENDING
SLIEVECORRAGH,SLIEVECORRAGH,wicklow-census-data.csv,,NO_MATCH,0,NEEDS_REVIEW
BUTTERHILL,BUTTERHILL,wicklow-census-data.csv,,NO_MATCH,0,NEEDS_REVIEW
BALLYKNOCKAN MORE,BALLYKNOCKAN MORE,wicklow-census-data.csv,,NO_MATCH,0,NEEDS_REVIEW
CURTLESTOWN UPPER,CURTLESTOWN UPPER,wicklow-census-data.csv,,NO_MATCH,0,NEEDS_REVIEW
Rathbane,RATHBANE,"aggregated_records.csv, tenancies.csv",Rathbane,EXACT,100,APPROVED
TINAHASK UPPER,TINAHASK UPPER,wicklow-census-data.csv,,NO_MATCH,0,NEEDS_REVIEW
Balllinguile,BALLLINGUILE,aggregated_records.csv,BALLINGUILE,FUZZY,96,PENDING
FARBREAGA,FARBREAGA,wicklow-census-data.csv,,NO_MATCH,0,NEEDS_REVIEW
SHANKILL,SHANKILL,wicklow-census-data.csv,,NO_MATCH,0,NEEDS_REVIEW
tinihaley cottager,TINIHALEY COTTAGER,aggregated_records.csv,,NO_MATCH,0,NEEDS_REVIEW
Boley,BOLEY,"aggregated_records.csv, tenancies.csv",Boley,EXACT,100,APPROVED
CONAVALLA,CONAVALLA,wicklow-census-data.csv,,NO_MATCH,0,NEEDS_REVIEW
BRAY COMMONS (ED Bray No. 1),BRAY COMMONS (ED BRAY NO. 1),wicklow-census-data.csv,,NO_MATCH,0,NEEDS_REVIEW
?,?,"aggregated_records.csv, tenancies.csv",,NO_MATCH,0,NEEDS_REVIEW
glenphilipeentinahely,GLENPHILIPEENTINAHELY,aggregated_records.csv,,NO_MATCH,0,NEEDS_REVIEW
SAUNDERSGROVE HILL,SAUNDERSGROVE HILL,wicklow-census-data.csv,,NO_MATCH,0,NEEDS_REVIEW
CRANAREEN,CRANAREEN,wicklow-census-data.csv,,NO_MATCH,0,NEEDS_REVIEW
"[""Kyle"" struck out] Ballycumber","[""KYLE"" STRUCK OUT] BALLYCUMBER",aggregated_records.csv,,NO_MATCH,0,NEEDS_REVIEW
KILPEDDER WEST,KILPEDDER WEST,wicklow-census-data.csv,,NO_MATCH,0,NEEDS_REVIEW
Balllygannon and Knockadozen,BALLLYGANNON AND KNOCKADOZEN,aggregated_records.csv,,NO_MATCH,0,NEEDS_REVIEW
kileavan lower,KILEAVAN LOWER,aggregated_records.csv,KILCAVAN LOWER,FUZZY,93,PENDING
BARNACOYLE LITTLE,BARNACOYLE LITTLE,wicklow-census-data.csv,,NO_MATCH,0,NEEDS_REVIEW
SEASONPARK,SEASONPARK,wicklow-census-data.csv,,NO_MATCH,0,NEEDS_REVIEW
PINNACLE,PINNACLE,wicklow-census-data.csv,,NO_MATCH,0,NEEDS_REVIEW
Killileage,KILLILEAGE,"aggregated_records.csv, tenancies.csv",,NO_MATCH,0,NEEDS_REVIEW
CARRIG UPPER,CARRIG UPPER,wicklow-census-data.csv,,NO_MATCH,0,NEEDS_REVIEW
balilionogue,BALILIONOGUE,aggregated_records.csv,,NO_MATCH,0,NEEDS_REVIEW
BALLYHERRIG,BALLYHERRIG,wicklow-census-data.csv,,NO_MATCH,0,NEEDS_REVIEW
killadrennan,KILLADRENNAN,aggregated_records.csv,,NO_MATCH,0,NEEDS_REVIEW
Glenyshoke and Ballingate,GLENYSHOKE AND BALLINGATE,"aggregated_records.csv, tenancies.csv",,NO_MATCH,0,NEEDS_REVIEW
tinahely flahertys,TINAHELY FLAHERTYS,aggregated_records.csv,,NO_MATCH,0,NEEDS_REVIEW
Rasnastraw  (sic),RASNASTRAW  (SIC),tenancies.csv,,NO_MATCH,0,NEEDS_REVIEW
GLASNARGET NORTH,GLASNARGET NORTH,wicklow-census-data.csv,,NO_MATCH,0,NEEDS_REVIEW
MOYNTIAGH,MOYNTIAGH,wicklow-census-data.csv,,NO_MATCH,0,NEEDS_REVIEW
CLOON,CLOON,wicklow-census-data.csv,,NO_MATCH,0,NEEDS_REVIEW
preban,PREBAN,aggregated_records.csv,preban,EXACT,100,APPROVED
Muchlagh,MUCHLAGH,aggregated_records.csv,MUCKLAGH,FUZZY,88,PENDING
ROCK LITTLE,ROCK LITTLE,wicklow-census-data.csv,,NO_MATCH,0,NEEDS_REVIEW
mulins,MULINS,aggregated_records.csv,,NO_MATCH,0,NEEDS_REVIEW
BALLYKNOCKAN,BALLYKNOCKAN,wicklow-census-data.csv,BALLYKNOCKER,FUZZY,83,PENDING
Kilmartin,KILMARTIN,aggregated_records.csv,,NO_MATCH,0,NEEDS_REVIEW
Curravanish,CURRAVANISH,tenancies.csv,Curravanish,EXACT,100,APPROVED
TONYGARROW,TONYGARROW,wicklow-census-data.csv,,NO_MATCH,0,NEEDS_REVIEW
BALLYHORSEY,BALLYHORSEY,wicklow-census-data.csv,,NO_MATCH,0,NEEDS_REVIEW
MAGHERABEG,MAGHERABEG,wicklow-census-data.csv,,NO_MATCH,0,NEEDS_REVIEW
Stoops,STOOPS,"aggregated_records.csv, tenancies.csv",Stoops,EXACT,100,APPROVED
Tallyhoe,TALLYHOE,aggregated_records.csv,,NO_MATCH,0,NEEDS_REVIEW
RAHEENAKIT,RAHEENAKIT,"unified_census.csv, wicklow-census-data.csv",RAHEENAKIT,EXACT,100,APPROVED
Ballinvally,BALLINVALLY,aggregated_records.csv,,NO_MATCH,0,NEEDS_REVIEW
COMMONS,COMMONS,wicklow-census-data.csv,,NO_MATCH,0,NEEDS_REVIEW
HUMEWOOD,HUMEWOOD,wicklow-census-data.csv,,NO_MATCH,0,NEEDS_REVIEW
KILMURRY LOWER,KILMURRY LOWER,wicklow-census-data.csv,,NO_MATCH,0,NEEDS_REVIEW
blackditch and ballyadock,BLACKDITCH AND BALLYADOCK,aggregated_records.csv,,NO_MATCH,0,NEEDS_REVIEW
Ballynultagh,BALLYNULTAGH,"aggregated_records.csv, tenancies.csv",Ballynultagh,EXACT,100,APPROVED
GLEBE (ED Hollywood),GLEBE (ED HOLLYWOOD),wicklow-census-data.csv,,NO_MATCH,0,NEEDS_REVIEW
DILLONSDOWN,DILLONSDOWN,wicklow-census-data.csv,,NO_MATCH,0,NEEDS_REVIEW
SHEEPHOUSE,SHEEPHOUSE,wicklow-census-data.csv,,NO_MATCH,0,NEEDS_REVIEW
munney,MUNNEY,aggregated_records.csv,,NO_MATCH,0,NEEDS_REVIEW
BLAINROE LOWER,BLAINROE LOWER,wicklow-census-data.csv,,NO_MATCH,0,NEEDS_REVIEW
KINDLESTOWN UPPER,KINDLESTOWN UPPER,wicklow-census-data.csv,,NO_MATCH,0,NEEDS_REVIEW
Tinahely and Ballinacorby,TINAHELY AND BALLINACORBY,aggregated_records.csv,,NO_MATCH,0,NEEDS_REVIEW
BALLINATUNSHOGE,BALLINATUNSHOGE,wicklow-census-data.csv,,NO_MATCH,0,NEEDS_REVIEW
Paulbeg,PAULBEG,"aggregated_records.csv, tenancies.csv",Paulbeg,EXACT,100,APPROVED
KNOCKANREE LOWER,KNOCKANREE LOWER,wicklow-census-data.csv,,NO_MATCH,0,NEEDS_REVIEW
ballinmogan,BALLINMOGAN,aggregated_records.csv,,NO_MATCH,0,NEEDS_REVIEW
FARNEES,FARNEES,"unified_census.csv, wicklow-census-data.csv",FARNEES,EXACT,100,APPROVED
Ballingate Upper,BALLINGATE UPPER,"aggregated_records.csv, tenancies.csv",Ballingate Upper,EXACT,100,APPROVED
Greenhall,GREENHALL,"aggregated_records.csv, tenancies.csv",Greenhall,EXACT,100,APPROVED
BALLINVALLY (Valentine),BALLINVALLY (VALENTINE),wicklow-census-data.csv,,NO_MATCH,0,NEEDS_REVIEW
KNOCKADOSAN,KNOCKADOSAN,wicklow-census-data.csv,,NO_MATCH,0,NEEDS_REVIEW
Ballygannon and Rathdrum,BALLYGANNON AND RATHDRUM,"aggregated_records.csv, tenancies.csv",,NO_MATCH,0,NEEDS_REVIEW
ballinacor,BALLINACOR,aggregated_records.csv,ballinacor,EXACT,100,APPROVED
MONGNACOOL LOWER,MONGNACOOL LOWER,wicklow-census-data.csv,,NO_MATCH,0,NEEDS_REVIEW
JOHNSTOWN,JOHNSTOWN,wicklow-census-data.csv,,NO_MATCH,0,NEEDS_REVIEW
TULLYLUSK,TULLYLUSK,wicklow-census-data.csv,,NO_MATCH,0,NEEDS_REVIEW
CRONEBANE,CRONEBANE,wicklow-census-data.csv,,NO_MATCH,0,NEEDS_REVIEW
rathingraney,RATHINGRANEY,aggregated_records.csv,RAHEENGRANEY,FUZZY,83,PENDING
Maryans,MARYANS,"aggregated_records.csv, tenancies.csv",,NO_MATCH,0,NEEDS_REVIEW
CARRIGOONA COMMONS EAST,CARRIGOONA COMMONS EAST,wicklow-census-data.csv,,NO_MATCH,0,NEEDS_REVIEW
ATHGREANY,ATHGREANY,wicklow-census-data.csv,,NO_MATCH,0,NEEDS_REVIEW
GLENCORMICK NORTH,GLENCORMICK NORTH,wicklow-census-data.csv,,NO_MATCH,0,NEEDS_REVIEW
BLACKHILL,BLACKHILL,wicklow-census-data.csv,,NO_MATCH,0,NEEDS_REVIEW
Tomacork (in lease),TOMACORK (IN LEASE),aggregated_records.csv,,NO_MATCH,0,NEEDS_REVIEW
EASTHILL,EASTHILL,wicklow-census-data.csv,,NO_MATCH,0,NEEDS_REVIEW
GARRYHOE,GARRYHOE,"unified_census.csv, wicklow-census-data.csv",GARRYHOE,EXACT,100,APPROVED
BALLYCUMBER SOUTH,BALLYCUMBER SOUTH,"unified_census.csv, wicklow-census-data.csv",BALLYCUMBER SOUTH,EXACT,100,APPROVED
Coolkenna & Barnacashel,COOLKENNA & BARNACASHEL,"aggregated_records.csv, tenancies.csv",,NO_MATCH,0,NEEDS_REVIEW
BALLYFLANIGAN,BALLYFLANIGAN,wicklow-census-data.csv,,NO_MATCH,0,NEEDS_REVIEW
gorteen,GORTEEN,aggregated_records.csv,gorteen,EXACT,100,APPROVED
CASTLEKEVIN,CASTLEKEVIN,wicklow-census-data.csv,,NO_MATCH,0,NEEDS_REVIEW
mainire,MAINIRE,aggregated_records.csv,,NO_MATCH,0,NEEDS_REVIEW
preban at tomcoyle,PREBAN AT TOMCOYLE,aggregated_records.csv,,NO_MATCH,0,NEEDS_REVIEW
KILMACURRA WEST,KILMACURRA WEST,wicklow-census-data.csv,,NO_MATCH,0,NEEDS_REVIEW
tallyhoe,TALLYHOE,aggregated_records.csv,,NO_MATCH,0,NEEDS_REVIEW
BALLYCOOLEEN,BALLYCOOLEEN,wicklow-census-data.csv,,NO_MATCH,0,NEEDS_REVIEW
tinehaley and glenphillipeen,TINEHALEY AND GLENPHILLIPEEN,aggregated_records.csv,,NO_MATCH,0,NEEDS_REVIEW
GARRYMORE UPPER,GARRYMORE UPPER,wicklow-census-data.csv,,NO_MATCH,0,NEEDS_REVIEW
CORRAGH,CORRAGH,wicklow-census-data.csv,,NO_MATCH,0,NEEDS_REVIEW
Mangins,MANGINS,"aggregated_records.csv, tenancies.csv",MANGANS,FUZZY,86,PENDING
newallard,NEWALLARD,aggregated_records.csv,,NO_MATCH,0,NEEDS_REVIEW
KILBOY,KILBOY,wicklow-census-data.csv,,NO_MATCH,0,NEEDS_REVIEW
COOLAMADDRA,COOLAMADDRA,wicklow-census-data.csv,,NO_MATCH,0,NEEDS_REVIEW
BALLYRAINE MIDDLE,BALLYRAINE MIDDLE,wicklow-census-data.csv,,NO_MATCH,0,NEEDS_REVIEW
NEWTOWN (ED Powerscourt),NEWTOWN (ED POWERSCOURT),wicklow-census-data.csv,,NO_MATCH,0,NEEDS_REVIEW
BALLYSMUTTAN LOWER,BALLYSMUTTAN LOWER,wicklow-census-data.csv,,NO_MATCH,0,NEEDS_REVIEW
CARRIGNAMUCK LOWER,CARRIGNAMUCK LOWER,wicklow-census-data.csv,,NO_MATCH,0,NEEDS_REVIEW
Rathcot,RATHCOT,"aggregated_records.csv, tenancies.csv",Rathcot,EXACT,100,APPROVED
killileage,KILLILEAGE,aggregated_records.csv,,NO_MATCH,0,NEEDS_REVIEW
BOLEY,BOLEY,"unified_census.csv, wicklow-census-data.csv",BOLEY,EXACT,100,APPROVED
carrigacrow,CARRIGACROW,aggregated_records.csv,CARRIGROE,FUZZY,80,PENDING
BLACKDITCHES UPPER,BLACKDITCHES UPPER,wicklow-census-data.csv,,NO_MATCH,0,NEEDS_REVIEW
GLEBE (ED Powerscourt),GLEBE (ED POWERSCOURT),wicklow-census-data.csv,,NO_MATCH,0,NEEDS_REVIEW
CALLOWHILL LOWER,CALLOWHILL LOWER,wicklow-census-data.csv,,NO_MATCH,0,NEEDS_REVIEW
Killlinure,KILLLINURE,aggregated_records.csv,KILLINURE,FUZZY,95,PENDING
DANESFORT UPPER,DANESFORT UPPER,wicklow-census-data.csv,,NO_MATCH,0,NEEDS_REVIEW
KNOCKBAWN,KNOCKBAWN,wicklow-census-data.csv,,NO_MATCH,0,NEEDS_REVIEW
killinane,KILLINANE,aggregated_records.csv,,NO_MATCH,0,NEEDS_REVIEW
SHEPHERDSHILL,SHEPHERDSHILL,wicklow-census-data.csv,,NO_MATCH,0,NEEDS_REVIEW
Roddenagh,RODDENAGH,"aggregated_records.csv, tenancies.csv",Roddenagh,EXACT,100,APPROVED
Moyne and Sleaghroe,MOYNE AND SLEAGHROE,aggregated_records.csv,,NO_MATCH,0,NEEDS_REVIEW
BONAGREW,BONAGREW,wicklow-census-data.csv,,NO_MATCH,0,NEEDS_REVIEW
balliconofin,BALLICONOFIN,aggregated_records.csv,,NO_MATCH,0,NEEDS_REVIEW
parkmore,PARKMORE,aggregated_records.csv,parkmore,EXACT,100,APPROVED
BALLYSHEAMAN,BALLYSHEAMAN,wicklow-census-data.csv,,NO_MATCH,0,NEEDS_REVIEW
BALLYSHONOG,BALLYSHONOG,"unified_census.csv, wicklow-census-data.csv",BALLYSHONOG,EXACT,100,APPROVED
CULLENMORE,CULLENMORE,wicklow-census-data.csv,,NO_MATCH,0,NEEDS_REVIEW
GIBRALTAR,GIBRALTAR,wicklow-census-data.csv,,NO_MATCH,0,NEEDS_REVIEW
BARONSTOWN UPPER,BARONSTOWN UPPER,wicklow-census-data.csv,,NO_MATCH,0,NEEDS_REVIEW
BALLINGATE HILL,BALLINGATE HILL,wicklow-census-data.csv,BALLINGUILEHILL,FUZZY,80,PENDING
Rathmeagh,RATHMEAGH,"aggregated_records.csv, tenancies.csv",RATHMEAGUE,FUZZY,84,PENDING
Seamore,SEAMORE,aggregated_records.csv,,NO_MATCH,0,NEEDS_REVIEW
Rathcoyle,RATHCOYLE,"aggregated_records.csv, tenancies.csv",,NO_MATCH,0,NEEDS_REVIEW
ballisland,BALLISLAND,aggregated_records.csv,BALISLAND,FUZZY,95,PENDING
killibeg,KILLIBEG,aggregated_records.csv,KILLABEG,FUZZY,88,PENDING
BALTINGLASS WEST,BALTINGLASS WEST,wicklow-census-data.csv,,NO_MATCH,0,NEEDS_REVIEW
KILGARRAN,KILGARRAN,wicklow-census-data.csv,,NO_MATCH,0,NEEDS_REVIEW
Drumin Park,DRUMIN PARK,aggregated_records.csv,,NO_MATCH,0,NEEDS_REVIEW
tinahely lugduff,TINAHELY LUGDUFF,aggregated_records.csv,,NO_MATCH,0,NEEDS_REVIEW
NEWTOWN VEVAY T,NEWTOWN VEVAY T,wicklow-census-data.csv,,NO_MATCH,0,NEEDS_REVIEW
KNOCKNADROOSE,KNOCKNADROOSE,wicklow-census-data.csv,,NO_MATCH,0,NEEDS_REVIEW
kicaven,KICAVEN,aggregated_records.csv,,NO_MATCH,0,NEEDS_REVIEW
Munny,MUNNY,"aggregated_records.csv, tenancies.csv",,NO_MATCH,0,NEEDS_REVIEW
CRONELEA,CRONELEA,"unified_census.csv, wicklow-census-data.csv",CRONELEA,EXACT,100,APPROVED
KNOCKEEN,KNOCKEEN,"unified_census.csv, wicklow-census-data.csv",KNOCKEEN,EXACT,100,APPROVED
killibegg,KILLIBEGG,aggregated_records.csv,KILLABEG,FUZZY,82,PENDING
BALLINABANOGE,BALLINABANOGE,wicklow-census-data.csv,BALLYNAMANOGE,FUZZY,85,PENDING
CARRIG LOWER,CARRIG LOWER,wicklow-census-data.csv,,NO_MATCH,0,NEEDS_REVIEW
TOBERBEG,TOBERBEG,wicklow-census-data.csv,,NO_MATCH,0,NEEDS_REVIEW
Pepperlands,PEPPERLANDS,aggregated_records.csv,,NO_MATCH,0,NEEDS_REVIEW
newry,NEWRY,aggregated_records.csv,newry,EXACT,100,APPROVED
Balliconofin,BALLICONOFIN,aggregated_records.csv,,NO_MATCH,0,NEEDS_REVIEW
ballingate,BALLINGATE,aggregated_records.csv,ballingate,EXACT,100,APPROVED
Park at Coolrup,PARK AT COOLRUP,aggregated_records.csv,,NO_MATCH,0,NEEDS_REVIEW
TEMPLECARRIG UPPER,TEMPLECARRIG UPPER,wicklow-census-data.csv,,NO_MATCH,0,NEEDS_REVIEW
BOHERBOY,BOHERBOY,wicklow-census-data.csv,,NO_MATCH,0,NEEDS_REVIEW
BANNAGROE,BANNAGROE,wicklow-census-data.csv,,NO_MATCH,0,NEEDS_REVIEW
Coolattin and Coolattin Park,COOLATTIN AND COOLATTIN PARK,"aggregated_records.csv, tenancies.csv",,NO_MATCH,0,NEEDS_REVIEW
TONLEGEE,TONLEGEE,wicklow-census-data.csv,,NO_MATCH,0,NEEDS_REVIEW
HIGHPARK UPPER,HIGHPARK UPPER,wicklow-census-data.csv,,NO_MATCH,0,NEEDS_REVIEW
tankersley,TANKERSLEY,aggregated_records.csv,,NO_MATCH,0,NEEDS_REVIEW
L'Munny,L'MUNNY,aggregated_records.csv,,NO_MATCH,0,NEEDS_REVIEW
mucklagh,MUCKLAGH,aggregated_records.csv,mucklagh,EXACT,100,APPROVED
GLENNACANON,GLENNACANON,wicklow-census-data.csv,,NO_MATCH,0,NEEDS_REVIEW
Knocklow,KNOCKLOW,"aggregated_records.csv, tenancies.csv",KNOCKLOE,FUZZY,88,PENDING
RAHEEN (ED Glendalough),RAHEEN (ED GLENDALOUGH),wicklow-census-data.csv,,NO_MATCH,0,NEEDS_REVIEW
BOLEYLUG,BOLEYLUG,wicklow-census-data.csv,,NO_MATCH,0,NEEDS_REVIEW
GRANGE SOUTH,GRANGE SOUTH,wicklow-census-data.csv,,NO_MATCH,0,NEEDS_REVIEW
glenphilipeen,GLENPHILIPEEN,aggregated_records.csv,glenphilipeen,EXACT,100,APPROVED
gurteen alias green hall,GURTEEN ALIAS GREEN HALL,aggregated_records.csv,,NO_MATCH,0,NEEDS_REVIEW
KNOCKANREE,KNOCKANREE,wicklow-census-data.csv,KNOCKNAGREE,FUZZY,86,PENDING
KILLINCARRIG,KILLINCARRIG,wicklow-census-data.csv,,NO_MATCH,0,NEEDS_REVIEW
merrymeeting,MERRYMEETING,aggregated_records.csv,,NO_MATCH,0,NEEDS_REVIEW
Leamore,LEAMORE,"aggregated_records.csv, tenancies.csv",,NO_MATCH,0,NEEDS_REVIEW
Farney and Corravanish,FARNEY AND CORRAVANISH,"aggregated_records.csv, tenancies.csv",,NO_MATCH,0,NEEDS_REVIEW
Ballybeg,BALLYBEG,"aggregated_records.csv, tenancies.csv",Ballybeg,EXACT,100,APPROVED
Corndog,CORNDOG,"aggregated_records.csv, tenancies.csv",Corndog,EXACT,100,APPROVED
SHEILSTOWN,SHEILSTOWN,wicklow-census-data.csv,,NO_MATCH,0,NEEDS_REVIEW
CLOGHNAGAUNE,CLOGHNAGAUNE,wicklow-census-data.csv,,NO_MATCH,0,NEEDS_REVIEW
ROSSANA UPPER,ROSSANA UPPER,wicklow-census-data.csv,,NO_MATCH,0,NEEDS_REVIEW
ECAWN,ECAWN,wicklow-census-data.csv,,NO_MATCH,0,NEEDS_REVIEW
Quigginore,QUIGGINORE,"aggregated_records.csv, tenancies.csv",QUIGGINROE,FUZZY,90,PENDING
BALLINAPARK,BALLINAPARK,wicklow-census-data.csv,,NO_MATCH,0,NEEDS_REVIEW
coolilugg,COOLILUGG,aggregated_records.csv,COOLALUG,FUZZY,82,PENDING
BALLINAHEESE,BALLINAHEESE,wicklow-census-data.csv,,NO_MATCH,0,NEEDS_REVIEW
Kilbally,KILBALLY,"aggregated_records.csv, tenancies.csv",KILBALLYOWEN,FUZZY,80,PENDING
Ballyraghine,BALLYRAGHINE,aggregated_records.csv,,NO_MATCH,0,NEEDS_REVIEW
tinahealy,TINAHEALY,aggregated_records.csv,TINAHELY,FUZZY,94,PENDING
TUCKMILL LOWER,TUCKMILL LOWER,wicklow-census-data.csv,,NO_MATCH,0,NEEDS_REVIEW
tinhely,TINHELY,aggregated_records.csv,TINAHELY,FUZZY,93,PENDING
BALLINROAN LOWER,BALLINROAN LOWER,wicklow-census-data.csv,BALLINGATE LOWER,FUZZY,81,PENDING
BROCKNA,BROCKNA,wicklow-census-data.csv,,NO_MATCH,0,NEEDS_REVIEW
MOORSPARK,MOORSPARK,wicklow-census-data.csv,,NO_MATCH,0,NEEDS_REVIEW
farney and corravanish,FARNEY AND CORRAVANISH,aggregated_records.csv,,NO_MATCH,0,NEEDS_REVIEW
BALLYGONNELL,BALLYGONNELL,wicklow-census-data.csv,BALLYCONNELL,FUZZY,92,PENDING
murreagh,MURREAGH,aggregated_records.csv,,NO_MATCH,0,NEEDS_REVIEW
MILLTOWN,MILLTOWN,wicklow-census-data.csv,,NO_MATCH,0,NEEDS_REVIEW
SAUNDERSGROVE,SAUNDERSGROVE,wicklow-census-data.csv,,NO_MATCH,0,NEEDS_REVIEW
BLESSINGTON,BLESSINGTON,wicklow-census-data.csv,,NO_MATCH,0,NEEDS_REVIEW
SLIEVEMWEEL,SLIEVEMWEEL,"unified_census.csv, wicklow-census-data.csv",SLIEVEMWEEL,EXACT,100,APPROVED
rathdrum,RATHDRUM,aggregated_records.csv,,NO_MATCH,0,NEEDS_REVIEW
Kilmullin,KILMULLIN,aggregated_records.csv,,NO_MATCH,0,NEEDS_REVIEW
glenphillippeen,GLENPHILLIPPEEN,aggregated_records.csv,GLENPHILIPEEN,FUZZY,93,PENDING
Danburr,DANBURR,aggregated_records.csv,,NO_MATCH,0,NEEDS_REVIEW
Park at Drumin,PARK AT DRUMIN,"aggregated_records.csv, tenancies.csv",,NO_MATCH,0,NEEDS_REVIEW
Kilcavan,KILCAVAN,"aggregated_records.csv, tenancies.csv",,NO_MATCH,0,NEEDS_REVIEW
larragh,LARRAGH,aggregated_records.csv,LARAGH,FUZZY,92,PENDING
ROCKSTOWN LOWER,ROCKSTOWN LOWER,wicklow-census-data.csv,,NO_MATCH,0,NEEDS_REVIEW
MONGNACOOL UPPER,MONGNACOOL UPPER,wicklow-census-data.csv,,NO_MATCH,0,NEEDS_REVIEW
CORNAGOWER EAST,CORNAGOWER EAST,wicklow-census-data.csv,,NO_MATCH,0,NEEDS_REVIEW
ballygannon and rathdrum,BALLYGANNON AND RATHDRUM,aggregated_records.csv,,NO_MATCH,0,NEEDS_REVIEW
NEWTOWN (ED Tinahely),NEWTOWN (ED TINAHELY),wicklow-census-data.csv,,NO_MATCH,0,NEEDS_REVIEW
KILMURRY MIDDLE,KILMURRY MIDDLE,wicklow-census-data.csv,,NO_MATCH,0,NEEDS_REVIEW
PARKMORE,PARKMORE,"unified_census.csv, wicklow-census-data.csv",PARKMORE,EXACT,100,APPROVED
Ballyknocker East,BALLYKNOCKER EAST,"aggregated_records.csv, tenancies.csv",Ballyknocker East,EXACT,100,APPROVED
BALLINASOOSTIA,BALLINASOOSTIA,wicklow-census-data.csv,,NO_MATCH,0,NEEDS_REVIEW
BALLAGH,BALLAGH,"unified_census.csv, wicklow-census-data.csv",BALLAGH,EXACT,100,APPROVED
coolattin,COOLATTIN,aggregated_records.csv,coolattin,EXACT,100,APPROVED
KNOCKNAMUCK LOWER,KNOCKNAMUCK LOWER,wicklow-census-data.csv,,NO_MATCH,0,NEEDS_REVIEW
KNOCKARIGG,KNOCKARIGG,wicklow-census-data.csv,,NO_MATCH,0,NEEDS_REVIEW
Ballinguile Hill,BALLINGUILE HILL,"aggregated_records.csv, tenancies.csv",BALLINGUILEHILL,FUZZY,97,PENDING
Tinihaley Mortons,TINIHALEY MORTONS,aggregated_records.csv,,NO_MATCH,0,NEEDS_REVIEW
mullans north,MULLANS NORTH,aggregated_records.csv,mullans north,EXACT,100,APPROVED
Kilballyowen  Rathdrum,KILBALLYOWEN  RATHDRUM,tenancies.csv,,NO_MATCH,0,NEEDS_REVIEW
Lascolman,LASCOLMAN,aggregated_records.csv,LISCOLMAN,FUZZY,89,PENDING
CONNARY UPPER,CONNARY UPPER,wicklow-census-data.csv,,NO_MATCH,0,NEEDS_REVIEW
Mountpleasant,MOUNTPLEASANT,"aggregated_records.csv, tenancies.csv",Mountpleasant,EXACT,100,APPROVED
Ballicionague,BALLICIONAGUE,aggregated_records.csv,,NO_MATCH,0,NEEDS_REVIEW
RAMPERE,RAMPERE,wicklow-census-data.csv,,NO_MATCH,0,NEEDS_REVIEW
Tinahely & Coolruss,TINAHELY & COOLRUSS,aggregated_records.csv,,NO_MATCH,0,NEEDS_REVIEW
tinihaley coolbawn,TINIHALEY COOLBAWN,aggregated_records.csv,,NO_MATCH,0,NEEDS_REVIEW
Ballraghine,BALLRAGHINE,aggregated_records.csv,,NO_MATCH,0,NEEDS_REVIEW
Bolarney,BOLARNEY,aggregated_records.csv,,NO_MATCH,0,NEEDS_REVIEW
CURRANSTOWN LOWER,CURRANSTOWN LOWER,wicklow-census-data.csv,,NO_MATCH,0,NEEDS_REVIEW
tinahely mortons,TINAHELY MORTONS,aggregated_records.csv,,NO_MATCH,0,NEEDS_REVIEW
BALLYDOREEN,BALLYDOREEN,wicklow-census-data.csv,BALLYRAHEEN,FUZZY,82,PENDING
blackditch and newcastle,BLACKDITCH AND NEWCASTLE,aggregated_records.csv,,NO_MATCH,0,NEEDS_REVIEW
Glasnarget,GLASNARGET,aggregated_records.csv,,NO_MATCH,0,NEEDS_REVIEW
lanagh,LANAGH,aggregated_records.csv,LARAGH,FUZZY,83,PENDING
cronyhorn upper,CRONYHORN UPPER,aggregated_records.csv,cronyhorn upper,EXACT,100,APPROVED
l'munny,L'MUNNY,aggregated_records.csv,,NO_MATCH,0,NEEDS_REVIEW
Barkeen,BARKEEN,"aggregated_records.csv, tenancies.csv",,NO_MATCH,0,NEEDS_REVIEW
Tinehaley and Glenphillipeen,TINEHALEY AND GLENPHILLIPEEN,"aggregated_records.csv, tenancies.csv",,NO_MATCH,0,NEEDS_REVIEW
BALLYDUFF UPPER,BALLYDUFF UPPER,wicklow-census-data.csv,,NO_MATCH,0,NEEDS_REVIEW
ballard,BALLARD,aggregated_records.csv,ballard,EXACT,100,APPROVED
LARAGH,LARAGH,"unified_census.csv, wicklow-census-data.csv",LARAGH,EXACT,100,APPROVED
CASTLEGRANGE,CASTLEGRANGE,wicklow-census-data.csv,,NO_MATCH,0,NEEDS_REVIEW
Kilaveney,KILAVENEY,"aggregated_records.csv, tenancies.csv",KILLAVENY,FUZZY,89,PENDING
Racott and Moyne,RACOTT AND MOYNE,aggregated_records.csv,,NO_MATCH,0,NEEDS_REVIEW
BALLINATONE UPPER,BALLINATONE UPPER,wicklow-census-data.csv,BALLINGATE UPPER,FUZZY,91,PENDING
WINETAVERN,WINETAVERN,wicklow-census-data.csv,,NO_MATCH,0,NEEDS_REVIEW
BALLYMANUS UPPER,BALLYMANUS UPPER,wicklow-census-data.csv,,NO_MATCH,0,NEEDS_REVIEW
CARRIGOONA COMMONS WEST,CARRIGOONA COMMONS WEST,wicklow-census-data.csv,,NO_MATCH,0,NEEDS_REVIEW
GIBSTOWN,GIBSTOWN,wicklow-census-data.csv,,NO_MATCH,0,NEEDS_REVIEW
mulllins,MULLLINS,aggregated_records.csv,,NO_MATCH,0,NEEDS_REVIEW
BALLYLION BAWN,BALLYLION BAWN,wicklow-census-data.csv,,NO_MATCH,0,NEEDS_REVIEW
coolruss drivers,COOLRUSS DRIVERS,aggregated_records.csv,,NO_MATCH,0,NEEDS_REVIEW
BALLINASHINNAGH,BALLINASHINNAGH,wicklow-census-data.csv,,NO_MATCH,0,NEEDS_REVIEW
Gurteen,GURTEEN,"aggregated_records.csv, tenancies.csv",GORTEEN,FUZZY,86,PENDING
LEABEG LOWER,LEABEG LOWER,wicklow-census-data.csv,,NO_MATCH,0,NEEDS_REVIEW
Farnees,FARNEES,"aggregated_records.csv, tenancies.csv",Farnees,EXACT,100,APPROVED
pepperlands,PEPPERLANDS,aggregated_records.csv,,NO_MATCH,0,NEEDS_REVIEW
BALLEESE UPPER,BALLEESE UPPER,wicklow-census-data.csv,,NO_MATCH,0,NEEDS_REVIEW
KILCAVAN UPPER,KILCAVAN UPPER,"unified_census.csv, wicklow-census-data.csv",KILCAVAN UPPER,EXACT,100,APPROVED
Ballenfride,BALLENFRIDE,aggregated_records.csv,,NO_MATCH,0,NEEDS_REVIEW
KIERNANS HILL,KIERNANS HILL,wicklow-census-data.csv,,NO_MATCH,0,NEEDS_REVIEW
KILPEDDER T,KILPEDDER T,wicklow-census-data.csv,,NO_MATCH,0,NEEDS_REVIEW
KILPOOLE HILL,KILPOOLE HILL,wicklow-census-data.csv,,NO_MATCH,0,NEEDS_REVIEW
kilcasen,KILCASEN,aggregated_records.csv,,NO_MATCH,0,NEEDS_REVIEW
GARRYKNOCK,GARRYKNOCK,wicklow-census-data.csv,,NO_MATCH,0,NEEDS_REVIEW
quigginroe,QUIGGINROE,aggregated_records.csv,quigginroe,EXACT,100,APPROVED
kilaney,KILANEY,aggregated_records.csv,,NO_MATCH,0,NEEDS_REVIEW
Mullens,MULLENS,aggregated_records.csv,,NO_MATCH,0,NEEDS_REVIEW
CALARY LOWER,CALARY LOWER,wicklow-census-data.csv,,NO_MATCH,0,NEEDS_REVIEW
LAMBERTON,LAMBERTON,wicklow-census-data.csv,,NO_MATCH,0,NEEDS_REVIEW
Mainire  [?],MAINIRE  [?],tenancies.csv,,NO_MATCH,0,NEEDS_REVIEW
"Mullans, North","MULLANS, NORTH","aggregated_records.csv, tenancies.csv",MULLANS NORTH,FUZZY,96,PENDING
VALLEYMOUNT or CROSS,VALLEYMOUNT OR CROSS,wicklow-census-data.csv,,NO_MATCH,0,NEEDS_REVIEW
BALLINGATE LOWER,BALLINGATE LOWER,"unified_census.csv, wicklow-census-data.csv",BALLINGATE LOWER,EXACT,100,APPROVED
COOLINARRIG LOWER,COOLINARRIG LOWER,wicklow-census-data.csv,,NO_MATCH,0,NEEDS_REVIEW
Rathneagh,RATHNEAGH,aggregated_records.csv,,NO_MATCH,0,NEEDS_REVIEW
tomcoyle,TOMCOYLE,aggregated_records.csv,tomcoyle,EXACT,100,APPROVED
Tinahely & Rosbawn,TINAHELY & ROSBAWN,aggregated_records.csv,,NO_MATCH,0,NEEDS_REVIEW
COPSE,COPSE,wicklow-census-data.csv,,NO_MATCH,0,NEEDS_REVIEW
COLVINSTOWN LOWER,COLVINSTOWN LOWER,wicklow-census-data.csv,,NO_MATCH,0,NEEDS_REVIEW
barrinbacon,BARRINBACON,aggregated_records.csv,,NO_MATCH,0,NEEDS_REVIEW
Tommifinogue,TOMMIFINOGUE,"aggregated_records.csv, tenancies.csv",,NO_MATCH,0,NEEDS_REVIEW
munny imp,MUNNY IMP,aggregated_records.csv,,NO_MATCH,0,NEEDS_REVIEW
BALLYNAMANOGE,BALLYNAMANOGE,"unified_census.csv, wicklow-census-data.csv",BALLYNAMANOGE,EXACT,100,APPROVED
Ballinacorbeg/Rosbawn,BALLINACORBEG/ROSBAWN,aggregated_records.csv,,NO_MATCH,0,NEEDS_REVIEW
CASTLEHOWARD,CASTLEHOWARD,wicklow-census-data.csv,,NO_MATCH,0,NEEDS_REVIEW
killballyowen,KILLBALLYOWEN,aggregated_records.csv,KILBALLYOWEN,FUZZY,96,PENDING
kilpoole,KILPOOLE,aggregated_records.csv,,NO_MATCH,0,NEEDS_REVIEW
Aghold,AGHOLD,"aggregated_records.csv, tenancies.csv",,NO_MATCH,0,NEEDS_REVIEW
farness,FARNESS,aggregated_records.csv,FARNEES,FUZZY,86,PENDING
CARNEW,CARNEW,"unified_census.csv, wicklow-census-data.csv",CARNEW,EXACT,100,APPROVED
Kilpipe at Coolbawn,KILPIPE AT COOLBAWN,"aggregated_records.csv, tenancies.csv",,NO_MATCH,0,NEEDS_REVIEW
glenashouk,GLENASHOUK,aggregated_records.csv,GLENNASHOUK,FUZZY,95,PENDING
CARRIGNAMUCK UPPER,CARRIGNAMUCK UPPER,wicklow-census-data.csv,,NO_MATCH,0,NEEDS_REVIEW
Monaphullen,MONAPHULLEN,"aggregated_records.csv, tenancies.csv",,NO_MATCH,0,NEEDS_REVIEW
BALLINAHINCH UPPER,BALLINAHINCH UPPER,wicklow-census-data.csv,,NO_MATCH,0,NEEDS_REVIEW
bullingate,BULLINGATE,aggregated_records.csv,BALLINGATE,FUZZY,90,PENDING
BALLYEUSTACE,BALLYEUSTACE,wicklow-census-data.csv,,NO_MATCH,0,NEEDS_REVIEW
RATHDOWN LOWER,RATHDOWN LOWER,wicklow-census-data.csv,,NO_MATCH,0,NEEDS_REVIEW
Coolboy,COOLBOY,"aggregated_records.csv, tenancies.csv",Coolboy,EXACT,100,APPROVED
knockadoomeagle,KNOCKADOOMEAGLE,aggregated_records.csv,,NO_MATCH,0,NEEDS_REVIEW
AURORA,AURORA,wicklow-census-data.csv,,NO_MATCH,0,NEEDS_REVIEW
drumin at park,DRUMIN AT PARK,aggregated_records.csv,,NO_MATCH,0,NEEDS_REVIEW
CREOWEN,CREOWEN,wicklow-census-data.csv,,NO_MATCH,0,NEEDS_REVIEW
TRUDDER,TRUDDER,wicklow-census-data.csv,,NO_MATCH,0,NEEDS_REVIEW
KILCANDRA (ED Glenealy),KILCANDRA (ED GLENEALY),wicklow-census-data.csv,,NO_MATCH,0,NEEDS_REVIEW
slievenamough,SLIEVENAMOUGH,aggregated_records.csv,slievenamough,EXACT,100,APPROVED
tomnafinogue,TOMNAFINOGUE,aggregated_records.csv,TOMNAFINNOGE,FUZZY,92,PENDING
BALLARD UPPER,BALLARD UPPER,wicklow-census-data.csv,,NO_MATCH,0,NEEDS_REVIEW
CAMARAHILL NORTH,CAMARAHILL NORTH,wicklow-census-data.csv,,NO_MATCH,0,NEEDS_REVIEW
CONLANS HILL,CONLANS HILL,wicklow-census-data.csv,,NO_MATCH,0,NEEDS_REVIEW
farnees at crossbridge,FARNEES AT CROSSBRIDGE,aggregated_records.csv,,NO_MATCH,0,NEEDS_REVIEW
Kilaney,KILANEY,"aggregated_records.csv, tenancies.csv",,NO_MATCH,0,NEEDS_REVIEW
KNOCKALT LOWER,KNOCKALT LOWER,wicklow-census-data.csv,,NO_MATCH,0,NEEDS_REVIEW
MUNGACULLIN,MUNGACULLIN,"unified_census.csv, wicklow-census-data.csv",MUNGACULLIN,EXACT,100,APPROVED
Umrigar,UMRIGAR,"aggregated_records.csv, tenancies.csv",UMRYGAR,FUZZY,86,PENDING
RODDENAGH,RODDENAGH,"unified_census.csv, wicklow-census-data.csv",RODDENAGH,EXACT,100,APPROVED
Corballis,CORBALLIS,"aggregated_records.csv, tenancies.csv",,NO_MATCH,0,NEEDS_REVIEW
Kicaven,KICAVEN,"aggregated_records.csv, tenancies.csv",,NO_MATCH,0,NEEDS_REVIEW
coolafunshoge,COOLAFUNSHOGE,aggregated_records.csv,coolafunshoge,EXACT,100,APPROVED
OLDTOWN,OLDTOWN,wicklow-census-data.csv,,NO_MATCH,0,NEEDS_REVIEW
muchlagh,MUCHLAGH,aggregated_records.csv,MUCKLAGH,FUZZY,88,PENDING
BALLINAMEESDA UPPER,BALLINAMEESDA UPPER,wicklow-census-data.csv,BALLINGATE UPPER,FUZZY,80,PENDING
BALLYNATONA,BALLYNATONA,wicklow-census-data.csv,,NO_MATCH,0,NEEDS_REVIEW
tighlin,TIGHLIN,aggregated_records.csv,,NO_MATCH,0,NEEDS_REVIEW
Coolafunshoge,COOLAFUNSHOGE,"aggregated_records.csv, tenancies.csv",Coolafunshoge,EXACT,100,APPROVED
COOLMORE,COOLMORE,wicklow-census-data.csv,COOLROE,FUZZY,80,PENDING
BALLINAMEESDA LOWER,BALLINAMEESDA LOWER,wicklow-census-data.csv,BALLINGATE LOWER,FUZZY,80,PENDING
RUSSBOROUGH,RUSSBOROUGH,wicklow-census-data.csv,,NO_MATCH,0,NEEDS_REVIEW
tomcoyle and preban,TOMCOYLE AND PREBAN,aggregated_records.csv,,NO_MATCH,0,NEEDS_REVIEW
KILLINISKYDUFF,KILLINISKYDUFF,wicklow-census-data.csv,,NO_MATCH,0,NEEDS_REVIEW
BALTINGLASS EAST,BALTINGLASS EAST,wicklow-census-data.csv,,NO_MATCH,0,NEEDS_REVIEW
MONASTERY,MONASTERY,wicklow-census-data.csv,,NO_MATCH,0,NEEDS_REVIEW
LEABEG MIDDLE,LEABEG MIDDLE,wicklow-census-data.csv,,NO_MATCH,0,NEEDS_REVIEW
KNOCKANOOKER LOWER,KNOCKANOOKER LOWER,wicklow-census-data.csv,,NO_MATCH,0,NEEDS_REVIEW
Murrigarr,MURRIGARR,"aggregated_records.csv, tenancies.csv",,NO_MATCH,0,NEEDS_REVIEW
Lascolernan,LASCOLERNAN,"aggregated_records.csv, tenancies.csv",,NO_MATCH,0,NEEDS_REVIEW
Merrymeeting and Knockrobhan,MERRYMEETING AND KNOCKROBHAN,"aggregated_records.csv, tenancies.csv",,NO_MATCH,0,NEEDS_REVIEW
BALLINEDDAN UPPER,BALLINEDDAN UPPER,wicklow-census-data.csv,,NO_MATCH,0,NEEDS_REVIEW
CLONERKIN,CLONERKIN,wicklow-census-data.csv,,NO_MATCH,0,NEEDS_REVIEW
TOMCOYLE,TOMCOYLE,"unified_census.csv, wicklow-census-data.csv",TOMCOYLE,EXACT,100,APPROVED
danburr,DANBURR,aggregated_records.csv,,NO_MATCH,0,NEEDS_REVIEW
WOODFIELD,WOODFIELD,wicklow-census-data.csv,,NO_MATCH,0,NEEDS_REVIEW
BALLYTEIGE,BALLYTEIGE,wicklow-census-data.csv,,NO_MATCH,0,NEEDS_REVIEW
TEMPLELUSK,TEMPLELUSK,wicklow-census-data.csv,,NO_MATCH,0,NEEDS_REVIEW
FRIARSHILL,FRIARSHILL,wicklow-census-data.csv,,NO_MATCH,0,NEEDS_REVIEW
BALLINACARRIG UPPER,BALLINACARRIG UPPER,wicklow-census-data.csv,,NO_MATCH,0,NEEDS_REVIEW
Coolkenno,COOLKENNO,"aggregated_records.csv, tenancies.csv",COOLKENNA,FUZZY,89,PENDING
TOMNAFINNOGE,TOMNAFINNOGE,"unified_census.csv, wicklow-census-data.csv",TOMNAFINNOGE,EXACT,100,APPROVED
Rathmore,RATHMORE,aggregated_records.csv,,NO_MATCH,0,NEEDS_REVIEW
BALLYBREW,BALLYBREW,wicklow-census-data.csv,BALLYBEG,FUZZY,82,PENDING
tubberlonagh,TUBBERLONAGH,aggregated_records.csv,TOBERLOWNAGH,FUZZY,83,PENDING
TALBOTSTOWN LOWER,TALBOTSTOWN LOWER,wicklow-census-data.csv,,NO_MATCH,0,NEEDS_REVIEW
l munney,L MUNNEY,aggregated_records.csv,,NO_MATCH,0,NEEDS_REVIEW
BALLINVALLY,BALLINVALLY,wicklow-census-data.csv,,NO_MATCH,0,NEEDS_REVIEW
KILMURRY SOUTH,KILMURRY SOUTH,wicklow-census-data.csv,,NO_MATCH,0,NEEDS_REVIEW
BAWNOGE (ED Baltinglass),BAWNOGE (ED BALTINGLASS),wicklow-census-data.csv,,NO_MATCH,0,NEEDS_REVIEW
RATHBANE,RATHBANE,"unified_census.csv, wicklow-census-data.csv",RATHBANE,EXACT,100,APPROVED
ATHGARVAN,ATHGARVAN,wicklow-census-data.csv,,NO_MATCH,0,NEEDS_REVIEW
COOLNAKILLY,COOLNAKILLY,wicklow-census-data.csv,,NO_MATCH,0,NEEDS_REVIEW
KIPPURE EAST,KIPPURE EAST,wicklow-census-data.csv,,NO_MATCH,0,NEEDS_REVIEW
THOMASTOWN,THOMASTOWN,wicklow-census-data.csv,,NO_MATCH,0,NEEDS_REVIEW
GORMANSTOWN,GORMANSTOWN,wicklow-census-data.csv,,NO_MATCH,0,NEEDS_REVIEW
Glenfillippeen,GLENFILLIPPEEN,aggregated_records.csv,GLENPHILIPEEN,FUZZY,81,PENDING
BALLYCARRIGEEN,BALLYCARRIGEEN,wicklow-census-data.csv,,NO_MATCH,0,NEEDS_REVIEW
GLENBRIDE,GLENBRIDE,wicklow-census-data.csv,,NO_MATCH,0,NEEDS_REVIEW
Cross,CROSS,"aggregated_records.csv, tenancies.csv",Cross,EXACT,100,APPROVED
STRATFORD,STRATFORD,wicklow-census-data.csv,,NO_MATCH,0,NEEDS_REVIEW
FANANIERIN,FANANIERIN,wicklow-census-data.csv,,NO_MATCH,0,NEEDS_REVIEW
DELGANY,DELGANY,wicklow-census-data.csv,,NO_MATCH,0,NEEDS_REVIEW
CARRIGNAMWEEL,CARRIGNAMWEEL,wicklow-census-data.csv,,NO_MATCH,0,NEEDS_REVIEW
Rusnastraw,RUSNASTRAW,"aggregated_records.csv, tenancies.csv",ROSNASTRAW,FUZZY,90,PENDING
Quigginroe,QUIGGINROE,"aggregated_records.csv, tenancies.csv",Quigginroe,EXACT,100,APPROVED
ARDNABOY,ARDNABOY,wicklow-census-data.csv,,NO_MATCH,0,NEEDS_REVIEW
BALLYMOAT,BALLYMOAT,wicklow-census-data.csv,,NO_MATCH,0,NEEDS_REVIEW
Mainire [?],MAINIRE [?],aggregated_records.csv,,NO_MATCH,0,NEEDS_REVIEW
CHURCHLAND,CHURCHLAND,"unified_census.csv, wicklow-census-data.csv",CHURCHLAND,EXACT,100,APPROVED
ALTIDORE DEMESNE,ALTIDORE DEMESNE,wicklow-census-data.csv,,NO_MATCH,0,NEEDS_REVIEW
Corrovanish,CORROVANISH,"aggregated_records.csv, tenancies.csv",CURRAVANISH,FUZZY,82,PENDING
killidreenin,KILLIDREENIN,aggregated_records.csv,,NO_MATCH,0,NEEDS_REVIEW
GRIFFINSTOWN LOWER,GRIFFINSTOWN LOWER,wicklow-census-data.csv,,NO_MATCH,0,NEEDS_REVIEW
DRIM,DRIM,wicklow-census-data.csv,,NO_MATCH,0,NEEDS_REVIEW
rosbane,ROSBANE,aggregated_records.csv,rosbane,EXACT,100,APPROVED
dunbun,DUNBUN,aggregated_records.csv,,NO_MATCH,0,NEEDS_REVIEW
TINNAKILLY LOWER,TINNAKILLY LOWER,wicklow-census-data.csv,,NO_MATCH,0,NEEDS_REVIEW
ballinalla,BALLINALLA,aggregated_records.csv,,NO_MATCH,0,NEEDS_REVIEW
KNOCKADREET,KNOCKADREET,wicklow-census-data.csv,KNOCKNAGREE,FUZZY,82,PENDING
NEWTOWNBOSWELL,NEWTOWNBOSWELL,wicklow-census-data.csv,,NO_MATCH,0,NEEDS_REVIEW
rathmeigue,RATHMEIGUE,aggregated_records.csv,RATHMEAGUE,FUZZY,90,PENDING
BALLYMONEY (ED Dunganstown East),BALLYMONEY (ED DUNGANSTOWN EAST),wicklow-census-data.csv,,NO_MATCH,0,NEEDS_REVIEW
Rosnakill,ROSNAKILL,aggregated_records.csv,,NO_MATCH,0,NEEDS_REVIEW
kilmullin,KILMULLIN,aggregated_records.csv,,NO_MATCH,0,NEEDS_REVIEW
ISLAND IN BROAD LOUGH,ISLAND IN BROAD LOUGH,wicklow-census-data.csv,,NO_MATCH,0,NEEDS_REVIEW
CLOGGA,CLOGGA,wicklow-census-data.csv,,NO_MATCH,0,NEEDS_REVIEW
Motybower,MOTYBOWER,"aggregated_records.csv, tenancies.csv",MOTABOWER,FUZZY,89,PENDING
Ballytuskist,BALLYTUSKIST,aggregated_records.csv,,NO_MATCH,0,NEEDS_REVIEW
carrigroe,CARRIGROE,aggregated_records.csv,carrigroe,EXACT,100,APPROVED
rathcott,RATHCOTT,aggregated_records.csv,RATHCOT,FUZZY,93,PENDING
BROCKAGH,BROCKAGH,wicklow-census-data.csv,,NO_MATCH,0,NEEDS_REVIEW
Lybagh,LYBAGH,"aggregated_records.csv, tenancies.csv",Lybagh,EXACT,100,APPROVED
Slieveboy Upper & Lower,SLIEVEBOY UPPER & LOWER,"aggregated_records.csv, tenancies.csv",,NO_MATCH,0,NEEDS_REVIEW
tinahely and coolruss,TINAHELY AND COOLRUSS,aggregated_records.csv,,NO_MATCH,0,NEEDS_REVIEW
rathdrum and ballygannon,RATHDRUM AND BALLYGANNON,aggregated_records.csv,,NO_MATCH,0,NEEDS_REVIEW
BRAY,BRAY,wicklow-census-data.csv,,NO_MATCH,0,NEEDS_REVIEW
HILLBROOK UPPER,HILLBROOK UPPER,"unified_census.csv, wicklow-census-data.csv",HILLBROOK UPPER,EXACT,100,APPROVED
BALLYROGAN UPPER,BALLYROGAN UPPER,wicklow-census-data.csv,,NO_MATCH,0,NEEDS_REVIEW
GLENCORMICK SOUTH,GLENCORMICK SOUTH,wicklow-census-data.csv,,NO_MATCH,0,NEEDS_REVIEW
MATTYMOUNT,MATTYMOUNT,wicklow-census-data.csv,,NO_MATCH,0,NEEDS_REVIEW
UPPERTOWN,UPPERTOWN,wicklow-census-data.csv,,NO_MATCH,0,NEEDS_REVIEW
BARNAMUINGA,BARNAMUINGA,"unified_census.csv, wicklow-census-data.csv",BARNAMUINGA,EXACT,100,APPROVED
BALLYMURTAGH,BALLYMURTAGH,wicklow-census-data.csv,BALLYNULTAGH,FUZZY,83,PENDING
Glazinarget,GLAZINARGET,aggregated_records.csv,,NO_MATCH,0,NEEDS_REVIEW
Monaghallen,MONAGHALLEN,"aggregated_records.csv, tenancies.csv",,NO_MATCH,0,NEEDS_REVIEW
Farnees and Bridgeland,FARNEES AND BRIDGELAND,"aggregated_records.csv, tenancies.csv",,NO_MATCH,0,NEEDS_REVIEW
TOBER DEMESNE,TOBER DEMESNE,wicklow-census-data.csv,,NO_MATCH,0,NEEDS_REVIEW
BALLYSMUTTAN UPPER,BALLYSMUTTAN UPPER,wicklow-census-data.csv,,NO_MATCH,0,NEEDS_REVIEW
Ballard,BALLARD,"aggregated_records.csv, tenancies.csv",Ballard,EXACT,100,APPROVED
KILLAHURLER LOWER,KILLAHURLER LOWER,wicklow-census-data.csv,,NO_MATCH,0,NEEDS_REVIEW
tomnaschaley,TOMNASCHALEY,aggregated_records.csv,,NO_MATCH,0,NEEDS_REVIEW
BALLYMANUS LOWER,BALLYMANUS LOWER,wicklow-census-data.csv,,NO_MATCH,0,NEEDS_REVIEW
mullins,MULLINS,aggregated_records.csv,,NO_MATCH,0,NEEDS_REVIEW
BALLINABARNY NORTH,BALLINABARNY NORTH,wicklow-census-data.csv,,NO_MATCH,0,NEEDS_REVIEW
rasnastraw,RASNASTRAW,aggregated_records.csv,ROSNASTRAW,FUZZY,90,PENDING
KILRUDDERY DEMESNE WEST,KILRUDDERY DEMESNE WEST,wicklow-census-data.csv,,NO_MATCH,0,NEEDS_REVIEW
BALLYNERRIN (Newcastle By),BALLYNERRIN (NEWCASTLE BY),wicklow-census-data.csv,,NO_MATCH,0,NEEDS_REVIEW
Coolross,COOLROSS,"aggregated_records.csv, tenancies.csv",Coolross,EXACT,100,APPROVED
Carrigroe,CARRIGROE,"aggregated_records.csv, tenancies.csv",Carrigroe,EXACT,100,APPROVED
balisland,BALISLAND,aggregated_records.csv,balisland,EXACT,100,APPROVED
TOBER UPPER,TOBER UPPER,wicklow-census-data.csv,,NO_MATCH,0,NEEDS_REVIEW
hillbrookeparkmore,HILLBROOKEPARKMORE,aggregated_records.csv,,NO_MATCH,0,NEEDS_REVIEW
ballarney and abbeysands,BALLARNEY AND ABBEYSANDS,aggregated_records.csv,,NO_MATCH,0,NEEDS_REVIEW
DOWNS,DOWNS,wicklow-census-data.csv,,NO_MATCH,0,NEEDS_REVIEW
BALLINAHINCH MIDDLE,BALLINAHINCH MIDDLE,wicklow-census-data.csv,,NO_MATCH,0,NEEDS_REVIEW
Mehassy,MEHASSY,"aggregated_records.csv, tenancies.csv",,NO_MATCH,0,NEEDS_REVIEW
Ballyguile,BALLYGUILE,"aggregated_records.csv, tenancies.csv",BALLINGUILE,FUZZY,86,PENDING
MILLTOWN SOUTH,MILLTOWN SOUTH,wicklow-census-data.csv,,NO_MATCH,0,NEEDS_REVIEW
ballygannon,BALLYGANNON,aggregated_records.csv,,NO_MATCH,0,NEEDS_REVIEW
Coolruss,COOLRUSS,"aggregated_records.csv, tenancies.csv",COOLROSS,FUZZY,88,PENDING
BALLYMURRIN UPPER,BALLYMURRIN UPPER,wicklow-census-data.csv,,NO_MATCH,0,NEEDS_REVIEW
Blainroe,BLAINROE,"aggregated_records.csv, tenancies.csv",,NO_MATCH,0,NEEDS_REVIEW
WESTASTON DEMESNE,WESTASTON DEMESNE,wicklow-census-data.csv,,NO_MATCH,0,NEEDS_REVIEW
killinure,KILLINURE,aggregated_records.csv,killinure,EXACT,100,APPROVED
Strathnakelly,STRATHNAKELLY,"aggregated_records.csv, tenancies.csv",STRANAKELLY,FUZZY,92,PENDING
BALLYMONEEN,BALLYMONEEN,wicklow-census-data.csv,,NO_MATCH,0,NEEDS_REVIEW
BALLYKILLAVANE,BALLYKILLAVANE,wicklow-census-data.csv,,NO_MATCH,0,NEEDS_REVIEW
BALLINASKEA,BALLINASKEA,wicklow-census-data.csv,,NO_MATCH,0,NEEDS_REVIEW
Tomnafinogue,TOMNAFINOGUE,"aggregated_records.csv, tenancies.csv",TOMNAFINNOGE,FUZZY,92,PENDING
kilpipe tomnaskela,KILPIPE TOMNASKELA,aggregated_records.csv,,NO_MATCH,0,NEEDS_REVIEW
park and coolrun and drumin,PARK AND COOLRUN AND DRUMIN,aggregated_records.csv,,NO_MATCH,0,NEEDS_REVIEW
Raoth?,RAOTH?,aggregated_records.csv,RATH,FUZZY,80,PENDING
Muney,MUNEY,aggregated_records.csv,,NO_MATCH,0,NEEDS_REVIEW
KNOCKNASHAMROGE,KNOCKNASHAMROGE,wicklow-census-data.csv,,NO_MATCH,0,NEEDS_REVIEW
MONROE,MONROE,wicklow-census-data.csv,,NO_MATCH,0,NEEDS_REVIEW
Rath,RATH,"aggregated_records.csv, tenancies.csv",Rath,EXACT,100,APPROVED
TEMPLELYON LOWER,TEMPLELYON LOWER,wicklow-census-data.csv,,NO_MATCH,0,NEEDS_REVIEW
Ballyraghin,BALLYRAGHIN,"aggregated_records.csv, tenancies.csv",BALLYRAHEEN,FUZZY,82,PENDING
PRIESTSNEWTOWN,PRIESTSNEWTOWN,wicklow-census-data.csv,,NO_MATCH,0,NEEDS_REVIEW
COOLBALLINTAGGART,COOLBALLINTAGGART,wicklow-census-data.csv,,NO_MATCH,0,NEEDS_REVIEW
BOLLARNEY SOUTH,BOLLARNEY SOUTH,wicklow-census-data.csv,,NO_MATCH,0,NEEDS_REVIEW
rathcoyle lower,RATHCOYLE LOWER,aggregated_records.csv,rathcoyle lower,EXACT,100,APPROVED
tinehaley,TINEHALEY,aggregated_records.csv,,NO_MATCH,0,NEEDS_REVIEW
Bahana,BAHANA,aggregated_records.csv,,NO_MATCH,0,NEEDS_REVIEW
GREENHALL,GREENHALL,"unified_census.csv, wicklow-census-data.csv",GREENHALL,EXACT,100,APPROVED
Kilguiggin,KILGUIGGIN,aggregated_records.csv,KILQUIGGIN,FUZZY,90,PENDING
RAHAVAL,RAHAVAL,wicklow-census-data.csv,,NO_MATCH,0,NEEDS_REVIEW
Mulins,MULINS,aggregated_records.csv,,NO_MATCH,0,NEEDS_REVIEW
kililnure,KILILNURE,aggregated_records.csv,KILLINURE,FUZZY,89,PENDING
CLONWILLIAM,CLONWILLIAM,wicklow-census-data.csv,,NO_MATCH,0,NEEDS_REVIEW
AGHAVANNAGH MOUNTAIN,AGHAVANNAGH MOUNTAIN,wicklow-census-data.csv,,NO_MATCH,0,NEEDS_REVIEW
bolarnew murragh island,BOLARNEW MURRAGH ISLAND,aggregated_records.csv,,NO_MATCH,0,NEEDS_REVIEW
Parkmore and Coolboy,PARKMORE AND COOLBOY,"aggregated_records.csv, tenancies.csv",,NO_MATCH,0,NEEDS_REVIEW
BALLYFREE EAST,BALLYFREE EAST,wicklow-census-data.csv,,NO_MATCH,0,NEEDS_REVIEW
KNOCKROE,KNOCKROE,wicklow-census-data.csv,KNOCKLOE,FUZZY,88,PENDING
NEWTOWN (ED Hollywood),NEWTOWN (ED HOLLYWOOD),wicklow-census-data.csv,,NO_MATCH,0,NEEDS_REVIEW
rosnastraw,ROSNASTRAW,aggregated_records.csv,rosnastraw,EXACT,100,APPROVED
seskin,SESKIN,aggregated_records.csv,seskin,EXACT,100,APPROVED
CROSSNACOLE,CROSSNACOLE,wicklow-census-data.csv,,NO_MATCH,0,NEEDS_REVIEW
CROSS,CROSS,"unified_census.csv, wicklow-census-data.csv",CROSS,EXACT,100,APPROVED
Coolross and Tomcoyle,COOLROSS AND TOMCOYLE,aggregated_records.csv,,NO_MATCH,0,NEEDS_REVIEW
BALLINACOR (ED Tinahely),BALLINACOR (ED TINAHELY),wicklow-census-data.csv,,NO_MATCH,0,NEEDS_REVIEW
BALLINAMONA,BALLINAMONA,wicklow-census-data.csv,,NO_MATCH,0,NEEDS_REVIEW
POLLAHONEY,POLLAHONEY,wicklow-census-data.csv,,NO_MATCH,0,NEEDS_REVIEW
NEWCASTLE LOWER,NEWCASTLE LOWER,wicklow-census-data.csv,,NO_MATCH,0,NEEDS_REVIEW
BALLYKEPPOGE,BALLYKEPPOGE,wicklow-census-data.csv,,NO_MATCH,0,NEEDS_REVIEW
SLIEVEREAGH UPPER,SLIEVEREAGH UPPER,wicklow-census-data.csv,,NO_MATCH,0,NEEDS_REVIEW
tubberpatrick,TUBBERPATRICK,aggregated_records.csv,TOBERPATRICK,FUZZY,88,PENDING
KILMACOO,KILMACOO,wicklow-census-data.csv,,NO_MATCH,0,NEEDS_REVIEW
BALLYKNOCKAN UPPER,BALLYKNOCKAN UPPER,wicklow-census-data.csv,BALLYKNOCKER,FUZZY,80,PENDING
BALLINAHOWN,BALLINAHOWN,wicklow-census-data.csv,,NO_MATCH,0,NEEDS_REVIEW
PROSPECT LOWER,PROSPECT LOWER,wicklow-census-data.csv,,NO_MATCH,0,NEEDS_REVIEW
DO WORKHOUSE,DO WORKHOUSE,wicklow-census-data.csv,,NO_MATCH,0,NEEDS_REVIEW
GREENAN MORE,GREENAN MORE,wicklow-census-data.csv,,NO_MATCH,0,NEEDS_REVIEW
GARRYMORE LOWER,GARRYMORE LOWER,wicklow-census-data.csv,,NO_MATCH,0,NEEDS_REVIEW
ballenfride,BALLENFRIDE,aggregated_records.csv,,NO_MATCH,0,NEEDS_REVIEW
umrygar,UMRYGAR,aggregated_records.csv,umrygar,EXACT,100,APPROVED
GRIFFINSTOWN GLEN,GRIFFINSTOWN GLEN,wicklow-census-data.csv,,NO_MATCH,0,NEEDS_REVIEW
BALLINEDDAN LOWER,BALLINEDDAN LOWER,wicklow-census-data.csv,,NO_MATCH,0,NEEDS_REVIEW
ballimullen,BALLIMULLEN,aggregated_records.csv,,NO_MATCH,0,NEEDS_REVIEW
BALLYDONNELL SOUTH,BALLYDONNELL SOUTH,wicklow-census-data.csv,,NO_MATCH,0,NEEDS_REVIEW
Coolruss and Tinahaley,COOLRUSS AND TINAHALEY,"aggregated_records.csv, tenancies.csv",,NO_MATCH,0,NEEDS_REVIEW
CRONE BEG,CRONE BEG,wicklow-census-data.csv,,NO_MATCH,0,NEEDS_REVIEW
DO BRIDEWELL,DO BRIDEWELL,wicklow-census-data.csv,,NO_MATCH,0,NEEDS_REVIEW
LEVERN,LEVERN,wicklow-census-data.csv,,NO_MATCH,0,NEEDS_REVIEW
STRATFORD T,STRATFORD T,wicklow-census-data.csv,,NO_MATCH,0,NEEDS_REVIEW
CULLENTRAGH LITTLE,CULLENTRAGH LITTLE,wicklow-census-data.csv,,NO_MATCH,0,NEEDS_REVIEW
KNOCKNAGREE,KNOCKNAGREE,"unified_census.csv, wicklow-census-data.csv",KNOCKNAGREE,EXACT,100,APPROVED
Jigginstown,JIGGINSTOWN,"aggregated_records.csv, tenancies.csv",,NO_MATCH,0,NEEDS_REVIEW
Hillbrook,HILLBROOK,aggregated_records.csv,,NO_MATCH,0,NEEDS_REVIEW
GLENWOOD,GLENWOOD,wicklow-census-data.csv,,NO_MATCH,0,NEEDS_REVIEW
BALLINACLEA,BALLINACLEA,wicklow-census-data.csv,,NO_MATCH,0,NEEDS_REVIEW
BAWNOGE (ED Togher),BAWNOGE (ED TOGHER),wicklow-census-data.csv,,NO_MATCH,0,NEEDS_REVIEW
MERGINSTOWN DEMESNE,MERGINSTOWN DEMESNE,wicklow-census-data.csv,,NO_MATCH,0,NEEDS_REVIEW
CARSROCK,CARSROCK,wicklow-census-data.csv,CARRICK,FUZZY,80,PENDING
tinahely and lugduff,TINAHELY AND LUGDUFF,aggregated_records.csv,,NO_MATCH,0,NEEDS_REVIEW
monaghullen,MONAGHULLEN,aggregated_records.csv,,NO_MATCH,0,NEEDS_REVIEW
Coolbry,COOLBRY,"aggregated_records.csv, tenancies.csv",COOLBOY,FUZZY,86,PENDING
LACKANDARRAGH UPPER,LACKANDARRAGH UPPER,wicklow-census-data.csv,,NO_MATCH,0,NEEDS_REVIEW
MONEYTEIGE NORTH,MONEYTEIGE NORTH,wicklow-census-data.csv,,NO_MATCH,0,NEEDS_REVIEW
Knockatomcoyle,KNOCKATOMCOYLE,"aggregated_records.csv, tenancies.csv",Knockatomcoyle,EXACT,100,APPROVED
BALLYMONEY,BALLYMONEY,wicklow-census-data.csv,,NO_MATCH,0,NEEDS_REVIEW
drummin,DRUMMIN,aggregated_records.csv,drummin,EXACT,100,APPROVED
SCURLOCKSLEAP,SCURLOCKSLEAP,wicklow-census-data.csv,,NO_MATCH,0,NEEDS_REVIEW
Tomcoyle & Preban,TOMCOYLE & PREBAN,"aggregated_records.csv, tenancies.csv",,NO_MATCH,0,NEEDS_REVIEW
MONEY LITTLE,MONEY LITTLE,wicklow-census-data.csv,,NO_MATCH,0,NEEDS_REVIEW
RATHTOOLE,RATHTOOLE,wicklow-census-data.csv,,NO_MATCH,0,NEEDS_REVIEW
barrenbaum,BARRENBAUM,aggregated_records.csv,,NO_MATCH,0,NEEDS_REVIEW
kilpipe,KILPIPE,aggregated_records.csv,kilpipe,EXACT,100,APPROVED
CLARABEG SOUTH,CLARABEG SOUTH,wicklow-census-data.csv,,NO_MATCH,0,NEEDS_REVIEW
knocknaboly,KNOCKNABOLY,aggregated_records.csv,KNOCKNABOLEY,FUZZY,96,PENDING
BALLYCONNELL,BALLYCONNELL,"unified_census.csv, wicklow-census-data.csv",BALLYCONNELL,EXACT,100,APPROVED
Shilelagh Ballinulta,SHILELAGH BALLINULTA,"aggregated_records.csv, tenancies.csv",,NO_MATCH,0,NEEDS_REVIEW
PROSPECT UPPER,PROSPECT UPPER,wicklow-census-data.csv,,NO_MATCH,0,NEEDS_REVIEW
HOLLYWOOD LOWER,HOLLYWOOD LOWER,wicklow-census-data.csv,,NO_MATCH,0,NEEDS_REVIEW
carnane,CARNANE,aggregated_records.csv,,NO_MATCH,0,NEEDS_REVIEW
BALLINALEA T,BALLINALEA T,wicklow-census-data.csv,,NO_MATCH,0,NEEDS_REVIEW
TINAHASK LOWER,TINAHASK LOWER,wicklow-census-data.csv,,NO_MATCH,0,NEEDS_REVIEW
BALLYKNOCKAN BEG,BALLYKNOCKAN BEG,wicklow-census-data.csv,,NO_MATCH,0,NEEDS_REVIEW
Tinihaley,TINIHALEY,"aggregated_records.csv, tenancies.csv",,NO_MATCH,0,NEEDS_REVIEW
CLORA,CLORA,wicklow-census-data.csv,,NO_MATCH,0,NEEDS_REVIEW
BALTINGLASS T,BALTINGLASS T,wicklow-census-data.csv,,NO_MATCH,0,NEEDS_REVIEW
FORRISTEEN,FORRISTEEN,wicklow-census-data.csv,,NO_MATCH,0,NEEDS_REVIEW
HARTSTOWN,HARTSTOWN,wicklow-census-data.csv,,NO_MATCH,0,NEEDS_REVIEW
KNOCKNAGULL,KNOCKNAGULL,wicklow-census-data.csv,,NO_MATCH,0,NEEDS_REVIEW
BRIDGELAND,BRIDGELAND,"unified_census.csv, wicklow-census-data.csv",BRIDGELAND,EXACT,100,APPROVED
Mullannaskeagh,MULLANNASKEAGH,"aggregated_records.csv, tenancies.csv",Mullannaskeagh,EXACT,100,APPROVED
Ballynerrin,BALLYNERRIN,aggregated_records.csv,,NO_MATCH,0,NEEDS_REVIEW
Urelands,URELANDS,"aggregated_records.csv, tenancies.csv",,NO_MATCH,0,NEEDS_REVIEW
park at drumin,PARK AT DRUMIN,aggregated_records.csv,,NO_MATCH,0,NEEDS_REVIEW
Coolfeaney?,COOLFEANEY?,aggregated_records.csv,,NO_MATCH,0,NEEDS_REVIEW
ballinaverta,BALLINAVERTA,aggregated_records.csv,BALLYNAVORTHA,FUZZY,80,PENDING
minmore rathnakitt,MINMORE RATHNAKITT,aggregated_records.csv,,NO_MATCH,0,NEEDS_REVIEW
BALLYFREE WEST,BALLYFREE WEST,wicklow-census-data.csv,,NO_MATCH,0,NEEDS_REVIEW
CORNAN WEST,CORNAN WEST,wicklow-census-data.csv,,NO_MATCH,0,NEEDS_REVIEW
Carrigatler,CARRIGATLER,"aggregated_records.csv, tenancies.csv",,NO_MATCH,0,NEEDS_REVIEW
parkmore page,PARKMORE PAGE,aggregated_records.csv,PARKMORE (PAGE),FUZZY,93,PENDING
coolboy upper and parkmore,COOLBOY UPPER AND PARKMORE,aggregated_records.csv,,NO_MATCH,0,NEEDS_REVIEW
BALLINASTOE,BALLINASTOE,wicklow-census-data.csv,BALLINGATE,FUZZY,86,PENDING
DANESFORT LOWER,DANESFORT LOWER,wicklow-census-data.csv,,NO_MATCH,0,NEEDS_REVIEW
COOLADANGAN,COOLADANGAN,wicklow-census-data.csv,,NO_MATCH,0,NEEDS_REVIEW
killlinure,KILLLINURE,aggregated_records.csv,KILLINURE,FUZZY,95,PENDING
CARRIGGOWER,CARRIGGOWER,wicklow-census-data.csv,CARRIGROE,FUZZY,80,PENDING
GREENAN BEG,GREENAN BEG,wicklow-census-data.csv,,NO_MATCH,0,NEEDS_REVIEW
KILLICKABAWN,KILLICKABAWN,wicklow-census-data.csv,,NO_MATCH,0,NEEDS_REVIEW
"[""Kyle"" struck out]  Ballycumber","[""KYLE"" STRUCK OUT]  BALLYCUMBER",tenancies.csv,,NO_MATCH,0,NEEDS_REVIEW
Carrickgaller,CARRICKGALLER,aggregated_records.csv,,NO_MATCH,0,NEEDS_REVIEW
BALLYCREEN UPPER,BALLYCREEN UPPER,wicklow-census-data.csv,,NO_MATCH,0,NEEDS_REVIEW
KEELOGE,KEELOGE,wicklow-census-data.csv,,NO_MATCH,0,NEEDS_REVIEW
kilaveny,KILAVENY,aggregated_records.csv,KILLAVENY,FUZZY,94,PENDING
DONARD,DONARD,wicklow-census-data.csv,,NO_MATCH,0,NEEDS_REVIEW
FARRANKELLY,FARRANKELLY,wicklow-census-data.csv,,NO_MATCH,0,NEEDS_REVIEW
LEITRIM,LEITRIM,wicklow-census-data.csv,,NO_MATCH,0,NEEDS_REVIEW
BALLYREAGH,BALLYREAGH,wicklow-census-data.csv,BALLAGH,FUZZY,82,PENDING
ASHTOWN (Arklow By),ASHTOWN (ARKLOW BY),wicklow-census-data.csv,,NO_MATCH,0,NEEDS_REVIEW
BALLYTOOLE LOWER,BALLYTOOLE LOWER,wicklow-census-data.csv,,NO_MATCH,0,NEEDS_REVIEW
Bolarney & Knockrobin,BOLARNEY & KNOCKROBIN,aggregated_records.csv,,NO_MATCH,0,NEEDS_REVIEW
KINGSTON,KINGSTON,wicklow-census-data.csv,,NO_MATCH,0,NEEDS_REVIEW
DONARD MOUNTAIN,DONARD MOUNTAIN,wicklow-census-data.csv,,NO_MATCH,0,NEEDS_REVIEW
park,PARK,aggregated_records.csv,park,EXACT,100,APPROVED
Rathdrum and Ballygannon,RATHDRUM AND BALLYGANNON,"aggregated_records.csv, tenancies.csv",,NO_MATCH,0,NEEDS_REVIEW
blainroe,BLAINROE,aggregated_records.csv,,NO_MATCH,0,NEEDS_REVIEW
Banonbawn,BANONBAWN,aggregated_records.csv,,NO_MATCH,0,NEEDS_REVIEW
LUGNAQUILLIA,LUGNAQUILLIA,wicklow-census-data.csv,,NO_MATCH,0,NEEDS_REVIEW
RATHSALLAGH DEMESNE,RATHSALLAGH DEMESNE,wicklow-census-data.csv,,NO_MATCH,0,NEEDS_REVIEW
GILTSPUR,GILTSPUR,wicklow-census-data.csv,,NO_MATCH,0,NEEDS_REVIEW
aghold,AGHOLD,aggregated_records.csv,,NO_MATCH,0,NEEDS_REVIEW
KILMAGIG LOWER,KILMAGIG LOWER,wicklow-census-data.csv,,NO_MATCH,0,NEEDS_REVIEW
Slievenamough Plain,SLIEVENAMOUGH PLAIN,"aggregated_records.csv, tenancies.csv",Slievenamough Plain,EXACT,100,APPROVED
churchland,CHURCHLAND,aggregated_records.csv,churchland,EXACT,100,APPROVED
GARNAGOWLAN,GARNAGOWLAN,wicklow-census-data.csv,,NO_MATCH,0,NEEDS_REVIEW
balllygannon,BALLLYGANNON,aggregated_records.csv,,NO_MATCH,0,NEEDS_REVIEW
BARRADERRY EAST,BARRADERRY EAST,wicklow-census-data.csv,,NO_MATCH,0,NEEDS_REVIEW
Toberpatrick,TOBERPATRICK,"aggregated_records.csv, tenancies.csv",Toberpatrick,EXACT,100,APPROVED
rathshanmore east and west,RATHSHANMORE EAST AND WEST,aggregated_records.csv,,NO_MATCH,0,NEEDS_REVIEW
coolattin or barracks,COOLATTIN OR BARRACKS,aggregated_records.csv,,NO_MATCH,0,NEEDS_REVIEW
CLOGHCASTLE,CLOGHCASTLE,wicklow-census-data.csv,,NO_MATCH,0,NEEDS_REVIEW
GLENPHILIPEEN,GLENPHILIPEEN,"unified_census.csv, wicklow-census-data.csv",GLENPHILIPEEN,EXACT,100,APPROVED
KILRUDDERY DEERPARK (ED Kilmacanoge),KILRUDDERY DEERPARK (ED KILMACANOGE),wicklow-census-data.csv,,NO_MATCH,0,NEEDS_REVIEW
BALLYGRIFFIN,BALLYGRIFFIN,wicklow-census-data.csv,,NO_MATCH,0,NEEDS_REVIEW
KINSELLASTOWN,KINSELLASTOWN,wicklow-census-data.csv,,NO_MATCH,0,NEEDS_REVIEW
BALLYLERANE,BALLYLERANE,wicklow-census-data.csv,,NO_MATCH,0,NEEDS_REVIEW
BALLYCREEN LOWER,BALLYCREEN LOWER,wicklow-census-data.csv,,NO_MATCH,0,NEEDS_REVIEW
Ballenguile,BALLENGUILE,"aggregated_records.csv, tenancies.csv",BALLINGUILE,FUZZY,91,PENDING
BROOMHALL,BROOMHALL,wicklow-census-data.csv,,NO_MATCH,0,NEEDS_REVIEW
CLONPADDEN,CLONPADDEN,wicklow-census-data.csv,,NO_MATCH,0,NEEDS_REVIEW
SLIEVEREAGH LOWER,SLIEVEREAGH LOWER,wicklow-census-data.csv,,NO_MATCH,0,NEEDS_REVIEW
CAMARAHILL SOUTH,CAMARAHILL SOUTH,wicklow-census-data.csv,,NO_MATCH,0,NEEDS_REVIEW
KNOCKRAHEEN,KNOCKRAHEEN,wicklow-census-data.csv,KNOCKEEN,FUZZY,84,PENDING
KNOCKNAMUNNION,KNOCKNAMUNNION,wicklow-census-data.csv,,NO_MATCH,0,NEEDS_REVIEW
BALLYNURE DEMESNE,BALLYNURE DEMESNE,wicklow-census-data.csv,,NO_MATCH,0,NEEDS_REVIEW
ballisland at yewtree,BALLISLAND AT YEWTREE,aggregated_records.csv,,NO_MATCH,0,NEEDS_REVIEW
sleaghcoyle and sleaghroe,SLEAGHCOYLE AND SLEAGHROE,aggregated_records.csv,,NO_MATCH,0,NEEDS_REVIEW
Molanasky,MOLANASKY,aggregated_records.csv,,NO_MATCH,0,NEEDS_REVIEW
GRAIGUE,GRAIGUE,wicklow-census-data.csv,,NO_MATCH,0,NEEDS_REVIEW
BALLYVOGHAN,BALLYVOGHAN,wicklow-census-data.csv,,NO_MATCH,0,NEEDS_REVIEW
THREEWELLS,THREEWELLS,wicklow-census-data.csv,,NO_MATCH,0,NEEDS_REVIEW
BALLYCAPPLE,BALLYCAPPLE,wicklow-census-data.csv,,NO_MATCH,0,NEEDS_REVIEW
Rathshanmore South,RATHSHANMORE SOUTH,"aggregated_records.csv, tenancies.csv",Rathshanmore South,EXACT,100,APPROVED
coolattin cronystown,COOLATTIN CRONYSTOWN,aggregated_records.csv,,NO_MATCH,0,NEEDS_REVIEW
KNOCKAVURRIG,KNOCKAVURRIG,wicklow-census-data.csv,,NO_MATCH,0,NEEDS_REVIEW
towerboy ballinguole,TOWERBOY BALLINGUOLE,aggregated_records.csv,,NO_MATCH,0,NEEDS_REVIEW
Bullinagate,BULLINAGATE,aggregated_records.csv,BALLINGATE,FUZZY,86,PENDING
BALLINDERRY UPPER,BALLINDERRY UPPER,wicklow-census-data.csv,,NO_MATCH,0,NEEDS_REVIEW
kennystown,KENNYSTOWN,aggregated_records.csv,kennystown,EXACT,100,APPROVED
corandogg,CORANDOGG,aggregated_records.csv,CORNDOG,FUZZY,88,PENDING
KILMACULLAGH,KILMACULLAGH,wicklow-census-data.csv,,NO_MATCH,0,NEEDS_REVIEW
Ballyvolen (sic),BALLYVOLEN (SIC),"aggregated_records.csv, tenancies.csv",,NO_MATCH,0,NEEDS_REVIEW
ROSTYGAH,ROSTYGAH,wicklow-census-data.csv,,NO_MATCH,0,NEEDS_REVIEW
BALLINAKILL,BALLINAKILL,wicklow-census-data.csv,,NO_MATCH,0,NEEDS_REVIEW
CULLEN UPPER,CULLEN UPPER,wicklow-census-data.csv,,NO_MATCH,0,NEEDS_REVIEW
ENNISKERRY T,ENNISKERRY T,wicklow-census-data.csv,,NO_MATCH,0,NEEDS_REVIEW
RATH EAST,RATH EAST,"unified_census.csv, wicklow-census-data.csv",RATH EAST,EXACT,100,APPROVED
TROOPERSTOWN,TROOPERSTOWN,wicklow-census-data.csv,,NO_MATCH,0,NEEDS_REVIEW
CLORNAGH,CLORNAGH,wicklow-census-data.csv,,NO_MATCH,0,NEEDS_REVIEW
ballyraheen,BALLYRAHEEN,aggregated_records.csv,ballyraheen,EXACT,100,APPROVED
BALLARD,BALLARD,"unified_census.csv, wicklow-census-data.csv",BALLARD,EXACT,100,APPROVED
BALLINFOYLE UPPER,BALLINFOYLE UPPER,wicklow-census-data.csv,,NO_MATCH,0,NEEDS_REVIEW
Glenphilipeen,GLENPHILIPEEN,aggregated_records.csv,Glenphilipeen,EXACT,100,APPROVED
ASHFORD,ASHFORD,wicklow-census-data.csv,,NO_MATCH,0,NEEDS_REVIEW
BARNACOYLE BIG,BARNACOYLE BIG,wicklow-census-data.csv,,NO_MATCH,0,NEEDS_REVIEW
BALLINTRUER MORE,BALLINTRUER MORE,wicklow-census-data.csv,,NO_MATCH,0,NEEDS_REVIEW
ballynamanoge,BALLYNAMANOGE,aggregated_records.csv,ballynamanoge,EXACT,100,APPROVED
bolarney called mill plott,BOLARNEY CALLED MILL PLOTT,aggregated_records.csv,,NO_MATCH,0,NEEDS_REVIEW
MONDUFF,MONDUFF,wicklow-census-data.csv,,NO_MATCH,0,NEEDS_REVIEW
parkmore and coolboy,PARKMORE AND COOLBOY,aggregated_records.csv,,NO_MATCH,0,NEEDS_REVIEW
MOUNTJOHN,MOUNTJOHN,wicklow-census-data.csv,,NO_MATCH,0,NEEDS_REVIEW
LOWTOWN,LOWTOWN,wicklow-census-data.csv,,NO_MATCH,0,NEEDS_REVIEW
rath,RATH,aggregated_records.csv,rath,EXACT,100,APPROVED
Coolruss Park,COOLRUSS PARK,aggregated_records.csv,,NO_MATCH,0,NEEDS_REVIEW
KNOCKALT UPPER,KNOCKALT UPPER,wicklow-census-data.csv,,NO_MATCH,0,NEEDS_REVIEW
HOLYVALLEY,HOLYVALLEY,wicklow-census-data.csv,,NO_MATCH,0,NEEDS_REVIEW
ruddenagh,RUDDENAGH,aggregated_records.csv,RODDENAGH,FUZZY,89,PENDING
BROOMFIELDS,BROOMFIELDS,wicklow-census-data.csv,,NO_MATCH,0,NEEDS_REVIEW
DUNRAN DEMESNE,DUNRAN DEMESNE,wicklow-census-data.csv,,NO_MATCH,0,NEEDS_REVIEW
Harnees and Bridgeland,HARNEES AND BRIDGELAND,"aggregated_records.csv, tenancies.csv",,NO_MATCH,0,NEEDS_REVIEW
Minmore & Rathnakitt,MINMORE & RATHNAKITT,aggregated_records.csv,,NO_MATCH,0,NEEDS_REVIEW
drumin park,DRUMIN PARK,aggregated_records.csv,,NO_MATCH,0,NEEDS_REVIEW
CLONE,CLONE,wicklow-census-data.csv,CRONE,FUZZY,80,PENDING
COOLATTIN,COOLATTIN,"unified_census.csv, wicklow-census-data.csv",COOLATTIN,EXACT,100,APPROVED
ballykelly,BALLYKELLY,aggregated_records.csv,ballykelly,EXACT,100,APPROVED
RATHBAWN,RATHBAWN,wicklow-census-data.csv,RATHBANE,FUZZY,88,PENDING
park and coolruss,PARK AND COOLRUSS,aggregated_records.csv,,NO_MATCH,0,NEEDS_REVIEW
Ballynakill,BALLYNAKILL,aggregated_records.csv,,NO_MATCH,0,NEEDS_REVIEW
Coolfancey,COOLFANCEY,"aggregated_records.csv, tenancies.csv",COOLAFANCY,FUZZY,90,PENDING
BALLINACOR,BALLINACOR,"unified_census.csv, wicklow-census-data.csv",BALLINACOR,EXACT,100,APPROVED
Wicklow (town?),WICKLOW (TOWN?),aggregated_records.csv,,NO_MATCH,0,NEEDS_REVIEW
COOLANEARL,COOLANEARL,wicklow-census-data.csv,,NO_MATCH,0,NEEDS_REVIEW
Coolelugg,COOLELUGG,aggregated_records.csv,COOLALUG,FUZZY,82,PENDING
Tomcoyle + Preban,TOMCOYLE + PREBAN,aggregated_records.csv,,NO_MATCH,0,NEEDS_REVIEW
GLEBE (ED Glendalough),GLEBE (ED GLENDALOUGH),wicklow-census-data.csv,,NO_MATCH,0,NEEDS_REVIEW
HILLBROOK LOWER,HILLBROOK LOWER,"unified_census.csv, wicklow-census-data.csv",HILLBROOK LOWER,EXACT,100,APPROVED
carricknaneal,CARRICKNANEAL,aggregated_records.csv,,NO_MATCH,0,NEEDS_REVIEW
CLOHERNAGH,CLOHERNAGH,wicklow-census-data.csv,,NO_MATCH,0,NEEDS_REVIEW
BALLYNATTIN,BALLYNATTIN,wicklow-census-data.csv,,NO_MATCH,0,NEEDS_REVIEW
killabeg,KILLABEG,aggregated_records.csv,killabeg,EXACT,100,APPROVED
FIDDANCOYLE,FIDDANCOYLE,wicklow-census-data.csv,,NO_MATCH,0,NEEDS_REVIEW
COOLATTIN PARK,COOLATTIN PARK,"unified_census.csv, wicklow-census-data.csv",COOLATTIN PARK,EXACT,100,APPROVED
BELLPARK,BELLPARK,wicklow-census-data.csv,,NO_MATCH,0,NEEDS_REVIEW
BALLYRICHARD,BALLYRICHARD,wicklow-census-data.csv,,NO_MATCH,0,NEEDS_REVIEW
BARNACASHEL,BARNACASHEL,"unified_census.csv, wicklow-census-data.csv",BARNACASHEL,EXACT,100,APPROVED
boleynakill and stump,BOLEYNAKILL AND STUMP,aggregated_records.csv,,NO_MATCH,0,NEEDS_REVIEW
SLIEVEFOORE,SLIEVEFOORE,wicklow-census-data.csv,SLIEVEROE,FUZZY,80,PENDING
TITHEWER,TITHEWER,wicklow-census-data.csv,,NO_MATCH,0,NEEDS_REVIEW
BALLYBRACK MORE,BALLYBRACK MORE,wicklow-census-data.csv,,NO_MATCH,0,NEEDS_REVIEW
Rathingrany,RATHINGRANY,aggregated_records.csv,,NO_MATCH,0,NEEDS_REVIEW
BARCHUILLIA COMMONS,BARCHUILLIA COMMONS,wicklow-census-data.csv,,NO_MATCH,0,NEEDS_REVIEW
WINGFIELD,WINGFIELD,wicklow-census-data.csv,,NO_MATCH,0,NEEDS_REVIEW
KNOCKADERRY,KNOCKADERRY,wicklow-census-data.csv,,NO_MATCH,0,NEEDS_REVIEW
KILLADUFF,KILLADUFF,wicklow-census-data.csv,,NO_MATCH,0,NEEDS_REVIEW
Preban at Tomcoyle,PREBAN AT TOMCOYLE,aggregated_records.csv,,NO_MATCH,0,NEEDS_REVIEW
GRUNDY'S ROW T,GRUNDY'S ROW T,wicklow-census-data.csv,,NO_MATCH,0,NEEDS_REVIEW
BALLINATONE LOWER,BALLINATONE LOWER,wicklow-census-data.csv,BALLINGATE LOWER,FUZZY,91,PENDING
ROCKSTOWN UPPER,ROCKSTOWN UPPER,wicklow-census-data.csv,,NO_MATCH,0,NEEDS_REVIEW
BREWERSHILL,BREWERSHILL,wicklow-census-data.csv,,NO_MATCH,0,NEEDS_REVIEW
glazenaret,GLAZENARET,aggregated_records.csv,,NO_MATCH,0,NEEDS_REVIEW
BALLINTIM,BALLINTIM,wicklow-census-data.csv,,NO_MATCH,0,NEEDS_REVIEW
KNOCKANRAHAN LOWER,KNOCKANRAHAN LOWER,wicklow-census-data.csv,,NO_MATCH,0,NEEDS_REVIEW
BALLYCLOGH NORTH,BALLYCLOGH NORTH,wicklow-census-data.csv,,NO_MATCH,0,NEEDS_REVIEW
COOLBAWN or COOLBALLINTAGGART,COOLBAWN OR COOLBALLINTAGGART,"unified_census.csv, wicklow-census-data.csv",COOLBAWN or COOLBALLINTAGGART,EXACT,100,APPROVED
wicklow,WICKLOW,aggregated_records.csv,,NO_MATCH,0,NEEDS_REVIEW
tinahely and coolroe,TINAHELY AND COOLROE,aggregated_records.csv,,NO_MATCH,0,NEEDS_REVIEW
AGHOWLE LOWER,AGHOWLE LOWER,"unified_census.csv, wicklow-census-data.csv",AGHOWLE LOWER,EXACT,100,APPROVED
coolkenna,COOLKENNA,aggregated_records.csv,coolkenna,EXACT,100,APPROVED
Tinahely,TINAHELY,"aggregated_records.csv, tenancies.csv",Tinahely,EXACT,100,APPROVED
CAPPAGH,CAPPAGH,wicklow-census-data.csv,,NO_MATCH,0,NEEDS_REVIEW
rathineagh,RATHINEAGH,aggregated_records.csv,,NO_MATCH,0,NEEDS_REVIEW
knocknaboley,KNOCKNABOLEY,aggregated_records.csv,knocknaboley,EXACT,100,APPROVED
Kilquiggan,KILQUIGGAN,"aggregated_records.csv, tenancies.csv",KILQUIGGIN,FUZZY,90,PENDING
Raheeglass,RAHEEGLASS,"aggregated_records.csv, tenancies.csv",RAHEENGLASS,FUZZY,95,PENDING
ROUNDWOOD,ROUNDWOOD,wicklow-census-data.csv,,NO_MATCH,0,NEEDS_REVIEW
FORTGRANITE,FORTGRANITE,wicklow-census-data.csv,,NO_MATCH,0,NEEDS_REVIEW
LARAGH EAST,LARAGH EAST,wicklow-census-data.csv,RATH EAST,FUZZY,80,PENDING
Rathengrany,RATHENGRANY,aggregated_records.csv,RAHEENGRANEY,FUZZY,87,PENDING
MOORESHILL,MOORESHILL,wicklow-census-data.csv,,NO_MATCH,0,NEEDS_REVIEW
LOUGHMOGUE UPPER,LOUGHMOGUE UPPER,wicklow-census-data.csv,,NO_MATCH,0,NEEDS_REVIEW
Tomcoyle at Preban,TOMCOYLE AT PREBAN,"aggregated_records.csv, tenancies.csv",,NO_MATCH,0,NEEDS_REVIEW
Park and Coolrun and  Drumin,PARK AND COOLRUN AND  DRUMIN,tenancies.csv,,NO_MATCH,0,NEEDS_REVIEW
TORNANT UPPER,TORNANT UPPER,wicklow-census-data.csv,,NO_MATCH,0,NEEDS_REVIEW
blackditch,BLACKDITCH,aggregated_records.csv,,NO_MATCH,0,NEEDS_REVIEW
KILBEG,KILBEG,wicklow-census-data.csv,KILLABEG,FUZZY,86,PENDING
BALLYMORRIS LOWER,BALLYMORRIS LOWER,wicklow-census-data.csv,,NO_MATCH,0,NEEDS_REVIEW
Coolboy and Hillbrook,COOLBOY AND HILLBROOK,"aggregated_records.csv, tenancies.csv",,NO_MATCH,0,NEEDS_REVIEW
Glenashouk,GLENASHOUK,"aggregated_records.csv, tenancies.csv",GLENNASHOUK,FUZZY,95,PENDING
barkeen,BARKEEN,aggregated_records.csv,,NO_MATCH,0,NEEDS_REVIEW
ROCKBOG,ROCKBOG,wicklow-census-data.csv,,NO_MATCH,0,NEEDS_REVIEW
Tomnafinnoge,TOMNAFINNOGE,"aggregated_records.csv, tenancies.csv",Tomnafinnoge,EXACT,100,APPROVED
Parkmore (Page),PARKMORE (PAGE),"aggregated_records.csv, tenancies.csv",Parkmore (Page),EXACT,100,APPROVED
tinehaley and coolruss,TINEHALEY AND COOLRUSS,aggregated_records.csv,,NO_MATCH,0,NEEDS_REVIEW
GRANGECON PARKS,GRANGECON PARKS,wicklow-census-data.csv,,NO_MATCH,0,NEEDS_REVIEW
PAULBEG,PAULBEG,"unified_census.csv, wicklow-census-data.csv",PAULBEG,EXACT,100,APPROVED
BALLINAHINCH LOWER,BALLINAHINCH LOWER,wicklow-census-data.csv,,NO_MATCH,0,NEEDS_REVIEW
glenfillippeen,GLENFILLIPPEEN,aggregated_records.csv,GLENPHILIPEEN,FUZZY,81,PENDING
kilballyowen,KILBALLYOWEN,aggregated_records.csv,kilballyowen,EXACT,100,APPROVED
BALLYNACARRIG,BALLYNACARRIG,wicklow-census-data.csv,,NO_MATCH,0,NEEDS_REVIEW
wicklow and drumkey,WICKLOW AND DRUMKEY,aggregated_records.csv,,NO_MATCH,0,NEEDS_REVIEW
GRANGECON LOWER,GRANGECON LOWER,wicklow-census-data.csv,,NO_MATCH,0,NEEDS_REVIEW
Mehassy and Ballinaurly ?,MEHASSY AND BALLINAURLY ?,aggregated_records.csv,,NO_MATCH,0,NEEDS_REVIEW
Stratnakelly,STRATNAKELLY,"aggregated_records.csv, tenancies.csv",STRANAKELLY,FUZZY,96,PENDING
wicklow ballinerrin,WICKLOW BALLINERRIN,aggregated_records.csv,,NO_MATCH,0,NEEDS_REVIEW
Fairwood,FAIRWOOD,"aggregated_records.csv, tenancies.csv",,NO_MATCH,0,NEEDS_REVIEW
BALLYBOY,BALLYBOY,wicklow-census-data.csv,,NO_MATCH,0,NEEDS_REVIEW
balllinguile,BALLLINGUILE,aggregated_records.csv,BALLINGUILE,FUZZY,96,PENDING
WESTASTON HILL,WESTASTON HILL,wicklow-census-data.csv,,NO_MATCH,0,NEEDS_REVIEW
Tinahely & Lugduffe,TINAHELY & LUGDUFFE,aggregated_records.csv,,NO_MATCH,0,NEEDS_REVIEW
WHITEFIELD,WHITEFIELD,"unified_census.csv, wicklow-census-data.csv",WHITEFIELD,EXACT,100,APPROVED
ballycionogue,BALLYCIONOGUE,aggregated_records.csv,,NO_MATCH,0,NEEDS_REVIEW
BALLYVALTRON,BALLYVALTRON,wicklow-census-data.csv,,NO_MATCH,0,NEEDS_REVIEW
CUNNIAMSTOWN LITTLE,CUNNIAMSTOWN LITTLE,wicklow-census-data.csv,,NO_MATCH,0,NEEDS_REVIEW
askakeagh,ASKAKEAGH,aggregated_records.csv,askakeagh,EXACT,100,APPROVED
CORBALLIS UPPER,CORBALLIS UPPER,wicklow-census-data.csv,,NO_MATCH,0,NEEDS_REVIEW
ROSNASTRAW,ROSNASTRAW,"unified_census.csv, wicklow-census-data.csv",ROSNASTRAW,EXACT,100,APPROVED
Rathbawn,RATHBAWN,"aggregated_records.csv, tenancies.csv",RATHBANE,FUZZY,88,PENDING
GRANAMORE,GRANAMORE,wicklow-census-data.csv,,NO_MATCH,0,NEEDS_REVIEW
Coolruss Drivers,COOLRUSS DRIVERS,aggregated_records.csv,,NO_MATCH,0,NEEDS_REVIEW
lascolman,LASCOLMAN,aggregated_records.csv,LISCOLMAN,FUZZY,89,PENDING
BALHAGUILE T,BALHAGUILE T,wicklow-census-data.csv,,NO_MATCH,0,NEEDS_REVIEW
MONEYCARROLL,MONEYCARROLL,wicklow-census-data.csv,,NO_MATCH,0,NEEDS_REVIEW
COLVINSTOWN UPPER,COLVINSTOWN UPPER,wicklow-census-data.csv,,NO_MATCH,0,NEEDS_REVIEW
COONMORE,COONMORE,wicklow-census-data.csv,,NO_MATCH,0,NEEDS_REVIEW
Ballyraheen,BALLYRAHEEN,"aggregated_records.csv, tenancies.csv",Ballyraheen,EXACT,100,APPROVED
park at coolrup,PARK AT COOLRUP,aggregated_records.csv,,NO_MATCH,0,NEEDS_REVIEW
MILLTOWN NORTH,MILLTOWN NORTH,wicklow-census-data.csv,,NO_MATCH,0,NEEDS_REVIEW
park at coolruss,PARK AT COOLRUSS,aggregated_records.csv,,NO_MATCH,0,NEEDS_REVIEW
Drumdangan & Rahana,DRUMDANGAN & RAHANA,aggregated_records.csv,,NO_MATCH,0,NEEDS_REVIEW
ballyraghine,BALLYRAGHINE,aggregated_records.csv,,NO_MATCH,0,NEEDS_REVIEW
raheenglass,RAHEENGLASS,aggregated_records.csv,raheenglass,EXACT,100,APPROVED
BALLYKNOCKER EAST,BALLYKNOCKER EAST,"unified_census.csv, wicklow-census-data.csv",BALLYKNOCKER EAST,EXACT,100,APPROVED
CURTLESTOWN LOWER,CURTLESTOWN LOWER,wicklow-census-data.csv,,NO_MATCH,0,NEEDS_REVIEW
BALLINASTRAW,BALLINASTRAW,wicklow-census-data.csv,,NO_MATCH,0,NEEDS_REVIEW
IRISHTOWN EAST,IRISHTOWN EAST,wicklow-census-data.csv,,NO_MATCH,0,NEEDS_REVIEW
Balinglen,BALINGLEN,aggregated_records.csv,BALLINGLEN,FUZZY,95,PENDING
TUCKMILL HILL,TUCKMILL HILL,wicklow-census-data.csv,,NO_MATCH,0,NEEDS_REVIEW
tinahaley,TINAHALEY,aggregated_records.csv,TINAHELY,FUZZY,82,PENDING
RAHEENMORE,RAHEENMORE,wicklow-census-data.csv,,NO_MATCH,0,NEEDS_REVIEW
Rathmeigue,RATHMEIGUE,"aggregated_records.csv, tenancies.csv",RATHMEAGUE,FUZZY,90,PENDING
tomcoyle at preban,TOMCOYLE AT PREBAN,aggregated_records.csv,,NO_MATCH,0,NEEDS_REVIEW
Carrickgaltor,CARRICKGALTOR,aggregated_records.csv,,NO_MATCH,0,NEEDS_REVIEW
NEWPARK,NEWPARK,wicklow-census-data.csv,,NO_MATCH,0,NEEDS_REVIEW
ballinacor tinahely,BALLINACOR TINAHELY,aggregated_records.csv,,NO_MATCH,0,NEEDS_REVIEW
Barrenbawn,BARRENBAWN,"aggregated_records.csv, tenancies.csv",,NO_MATCH,0,NEEDS_REVIEW
Kilquiggin,KILQUIGGIN,"aggregated_records.csv, tenancies.csv",Kilquiggin,EXACT,100,APPROVED
BALLYNASCULLOGE LOWER,BALLYNASCULLOGE LOWER,wicklow-census-data.csv,,NO_MATCH,0,NEEDS_REVIEW
NEWTOWN (ED Talbotstown),NEWTOWN (ED TALBOTSTOWN),wicklow-census-data.csv,,NO_MATCH,0,NEEDS_REVIEW
OAKWOOD,OAKWOOD,wicklow-census-data.csv,,NO_MATCH,0,NEEDS_REVIEW
AGHFARRELL,AGHFARRELL,wicklow-census-data.csv,,NO_MATCH,0,NEEDS_REVIEW
RATHDOWN UPPER,RATHDOWN UPPER,wicklow-census-data.csv,,NO_MATCH,0,NEEDS_REVIEW
KILLALISH LOWER,KILLALISH LOWER,wicklow-census-data.csv,,NO_MATCH,0,NEEDS_REVIEW
Coolattin & Cronystown,COOLATTIN & CRONYSTOWN,aggregated_records.csv,,NO_MATCH,0,NEEDS_REVIEW
BALLINACLASH,BALLINACLASH,wicklow-census-data.csv,,NO_MATCH,0,NEEDS_REVIEW
BALLYSALLAGH WEST,BALLYSALLAGH WEST,wicklow-census-data.csv,,NO_MATCH,0,NEEDS_REVIEW
BALLYGANNON,BALLYGANNON,wicklow-census-data.csv,,NO_MATCH,0,NEEDS_REVIEW
ballyvolan,BALLYVOLAN,aggregated_records.csv,,NO_MATCH,0,NEEDS_REVIEW
CURRANSTOWN UPPER,CURRANSTOWN UPPER,wicklow-census-data.csv,,NO_MATCH,0,NEEDS_REVIEW
COOLHARBOUR UPPER,COOLHARBOUR UPPER,wicklow-census-data.csv,,NO_MATCH,0,NEEDS_REVIEW
ARDOYNE,ARDOYNE,"unified_census.csv, wicklow-census-data.csv",ARDOYNE,EXACT,100,APPROVED
dumbarr,DUMBARR,aggregated_records.csv,,NO_MATCH,0,NEEDS_REVIEW
ARKLOW,ARKLOW,wicklow-census-data.csv,,NO_MATCH,0,NEEDS_REVIEW
rath rath-east,RATH RATH-EAST,aggregated_records.csv,,NO_MATCH,0,NEEDS_REVIEW
hillbrook upper,HILLBROOK UPPER,aggregated_records.csv,hillbrook upper,EXACT,100,APPROVED
SHEEPWALK,SHEEPWALK,wicklow-census-data.csv,,NO_MATCH,0,NEEDS_REVIEW
KILPATRICK,KILPATRICK,wicklow-census-data.csv,,NO_MATCH,0,NEEDS_REVIEW
paulbeg,PAULBEG,aggregated_records.csv,paulbeg,EXACT,100,APPROVED
carraghlawn,CARRAGHLAWN,aggregated_records.csv,CURRAGHLAWN,FUZZY,91,PENDING
BALLINVALLY LOWER (ED Ennereilly),BALLINVALLY LOWER (ED ENNEREILLY),wicklow-census-data.csv,,NO_MATCH,0,NEEDS_REVIEW
ballynerra,BALLYNERRA,aggregated_records.csv,,NO_MATCH,0,NEEDS_REVIEW
Rath & Rath-East,RATH & RATH-EAST,"aggregated_records.csv, tenancies.csv",,NO_MATCH,0,NEEDS_REVIEW
for cottage,FOR COTTAGE,"aggregated_records.csv, tenancies.csv",,NO_MATCH,0,NEEDS_REVIEW
glandphilipeen,GLANDPHILIPEEN,aggregated_records.csv,GLENPHILIPEEN,FUZZY,89,PENDING
BALLYNAPARK,BALLYNAPARK,wicklow-census-data.csv,,NO_MATCH,0,NEEDS_REVIEW
BALLINCLARE,BALLINCLARE,wicklow-census-data.csv,,NO_MATCH,0,NEEDS_REVIEW
rahbawn,RAHBAWN,aggregated_records.csv,RATHBANE,FUZZY,80,PENDING
BALLYMARROGE,BALLYMARROGE,"unified_census.csv, wicklow-census-data.csv",BALLYMARROGE,EXACT,100,APPROVED
Dumbarr,DUMBARR,aggregated_records.csv,,NO_MATCH,0,NEEDS_REVIEW
newcastlle at blackditch,NEWCASTLLE AT BLACKDITCH,aggregated_records.csv,,NO_MATCH,0,NEEDS_REVIEW
MULLINAVEIGE,MULLINAVEIGE,wicklow-census-data.csv,,NO_MATCH,0,NEEDS_REVIEW
coolbawn or coolballintaggart,COOLBAWN OR COOLBALLINTAGGART,aggregated_records.csv,coolbawn or coolballintaggart,EXACT,100,APPROVED
lugaduff,LUGADUFF,aggregated_records.csv,LUGDUFF,FUZZY,93,PENDING
BALLYHENRY,BALLYHENRY,wicklow-census-data.csv,,NO_MATCH,0,NEEDS_REVIEW
CORSILLAGH,CORSILLAGH,wicklow-census-data.csv,,NO_MATCH,0,NEEDS_REVIEW
Rathcott,RATHCOTT,aggregated_records.csv,RATHCOT,FUZZY,93,PENDING
KILLAHURLER UPPER,KILLAHURLER UPPER,wicklow-census-data.csv,,NO_MATCH,0,NEEDS_REVIEW
GRANGE NORTH,GRANGE NORTH,wicklow-census-data.csv,,NO_MATCH,0,NEEDS_REVIEW
Tomnaskella,TOMNASKELLA,"aggregated_records.csv, tenancies.csv",TOMNASKELA,FUZZY,95,PENDING
OLDBOLEYS,OLDBOLEYS,wicklow-census-data.csv,,NO_MATCH,0,NEEDS_REVIEW
Carricknaneal,CARRICKNANEAL,"aggregated_records.csv, tenancies.csv",,NO_MATCH,0,NEEDS_REVIEW
BALLYCRONE,BALLYCRONE,wicklow-census-data.csv,BALLYCONNELL,FUZZY,82,PENDING
LICKEEN,LICKEEN,wicklow-census-data.csv,,NO_MATCH,0,NEEDS_REVIEW
racott and moyne,RACOTT AND MOYNE,aggregated_records.csv,,NO_MATCH,0,NEEDS_REVIEW
CRONE,CRONE,"unified_census.csv, wicklow-census-data.csv",CRONE,EXACT,100,APPROVED
Coollattin & Cronyhorn,COOLLATTIN & CRONYHORN,aggregated_records.csv,,NO_MATCH,0,NEEDS_REVIEW
TANSEYCLOSE,TANSEYCLOSE,wicklow-census-data.csv,,NO_MATCH,0,NEEDS_REVIEW
Mill Land,MILL LAND,"aggregated_records.csv, tenancies.csv",Mill Land,EXACT,100,APPROVED
carrickgalter,CARRICKGALTER,aggregated_records.csv,,NO_MATCH,0,NEEDS_REVIEW
BAHANA (Whaley),BAHANA (WHALEY),wicklow-census-data.csv,,NO_MATCH,0,NEEDS_REVIEW
POLLAGHADOO,POLLAGHADOO,wicklow-census-data.csv,,NO_MATCH,0,NEEDS_REVIEW
Abbey & land,ABBEY & LAND,"aggregated_records.csv, tenancies.csv",,NO_MATCH,0,NEEDS_REVIEW
KNOCKSINK,KNOCKSINK,wicklow-census-data.csv,,NO_MATCH,0,NEEDS_REVIEW
KNOCKANDORT,KNOCKANDORT,wicklow-census-data.csv,,NO_MATCH,0,NEEDS_REVIEW
urrigain carnew,URRIGAIN CARNEW,aggregated_records.csv,,NO_MATCH,0,NEEDS_REVIEW
knockadozen,KNOCKADOZEN,aggregated_records.csv,,NO_MATCH,0,NEEDS_REVIEW
Coolattin als. Stoops,COOLATTIN ALS. STOOPS,aggregated_records.csv,,NO_MATCH,0,NEEDS_REVIEW
knockeen or killinure,KNOCKEEN OR KILLINURE,aggregated_records.csv,,NO_MATCH,0,NEEDS_REVIEW
QUIGGINROE,QUIGGINROE,"unified_census.csv, wicklow-census-data.csv",QUIGGINROE,EXACT,100,APPROVED
BLACKMOOR,BLACKMOOR,wicklow-census-data.csv,,NO_MATCH,0,NEEDS_REVIEW
LUGATRYNA,LUGATRYNA,wicklow-census-data.csv,,NO_MATCH,0,NEEDS_REVIEW
BALLYBRAID,BALLYBRAID,wicklow-census-data.csv,,NO_MATCH,0,NEEDS_REVIEW
ballyknocker west,BALLYKNOCKER WEST,aggregated_records.csv,ballyknocker west,EXACT,100,APPROVED
AUGHRIM TOWN,AUGHRIM TOWN,wicklow-census-data.csv,,NO_MATCH,0,NEEDS_REVIEW
BALLINDOYLE,BALLINDOYLE,wicklow-census-data.csv,,NO_MATCH,0,NEEDS_REVIEW
BALLARDBEG,BALLARDBEG,wicklow-census-data.csv,BALLARD,FUZZY,82,PENDING
INTACK,INTACK,wicklow-census-data.csv,,NO_MATCH,0,NEEDS_REVIEW
glazinarget,GLAZINARGET,aggregated_records.csv,,NO_MATCH,0,NEEDS_REVIEW
ballycumber south,BALLYCUMBER SOUTH,aggregated_records.csv,ballycumber south,EXACT,100,APPROVED
KELLYSTOWN,KELLYSTOWN,wicklow-census-data.csv,KENNYSTOWN,FUZZY,80,PENDING
TOBERAVILLER,TOBERAVILLER,wicklow-census-data.csv,,NO_MATCH,0,NEEDS_REVIEW
paulbegg,PAULBEGG,aggregated_records.csv,PAULBEG,FUZZY,93,PENDING
balinglen,BALINGLEN,aggregated_records.csv,BALLINGLEN,FUZZY,95,PENDING
Park and Coolruss,PARK AND COOLRUSS,"aggregated_records.csv, tenancies.csv",,NO_MATCH,0,NEEDS_REVIEW
BALLYNATONE,BALLYNATONE,wicklow-census-data.csv,,NO_MATCH,0,NEEDS_REVIEW
BALLYGOBBAN,BALLYGOBBAN,wicklow-census-data.csv,,NO_MATCH,0,NEEDS_REVIEW
BROOMFIELD,BROOMFIELD,wicklow-census-data.csv,,NO_MATCH,0,NEEDS_REVIEW
CARRIGROE,CARRIGROE,"unified_census.csv, wicklow-census-data.csv",CARRIGROE,EXACT,100,APPROVED
carrickgaiter,CARRICKGAITER,aggregated_records.csv,,NO_MATCH,0,NEEDS_REVIEW
EDMONDSTOWN,EDMONDSTOWN,wicklow-census-data.csv,,NO_MATCH,0,NEEDS_REVIEW
BLAKESTOWN UPPER,BLAKESTOWN UPPER,wicklow-census-data.csv,,NO_MATCH,0,NEEDS_REVIEW
askikeagh,ASKIKEAGH,aggregated_records.csv,ASKAKEAGH,FUZZY,89,PENDING
BALLINVALLY UPPER (ED Arklow Rural),BALLINVALLY UPPER (ED ARKLOW RURAL),wicklow-census-data.csv,,NO_MATCH,0,NEEDS_REVIEW
Coolbawn,COOLBAWN,"aggregated_records.csv, tenancies.csv",,NO_MATCH,0,NEEDS_REVIEW
BALLINVALLY (Wisdom),BALLINVALLY (WISDOM),wicklow-census-data.csv,,NO_MATCH,0,NEEDS_REVIEW
Gould,GOULD,aggregated_records.csv,,NO_MATCH,0,NEEDS_REVIEW
BALLYCOOG LOWER,BALLYCOOG LOWER,wicklow-census-data.csv,,NO_MATCH,0,NEEDS_REVIEW
Ballarney and Abbeysands,BALLARNEY AND ABBEYSANDS,"aggregated_records.csv, tenancies.csv",,NO_MATCH,0,NEEDS_REVIEW
BALLYMOONEY,BALLYMOONEY,wicklow-census-data.csv,,NO_MATCH,0,NEEDS_REVIEW
mangans,MANGANS,aggregated_records.csv,mangans,EXACT,100,APPROVED
tommifinogue,TOMMIFINOGUE,aggregated_records.csv,,NO_MATCH,0,NEEDS_REVIEW
CLOGH UPPER,CLOGH UPPER,wicklow-census-data.csv,,NO_MATCH,0,NEEDS_REVIEW
Rathmeague,RATHMEAGUE,"aggregated_records.csv, tenancies.csv",Rathmeague,EXACT,100,APPROVED
CARROWBAWN,CARROWBAWN,wicklow-census-data.csv,,NO_MATCH,0,NEEDS_REVIEW
JOHNSTOWN HILL,JOHNSTOWN HILL,wicklow-census-data.csv,,NO_MATCH,0,NEEDS_REVIEW
crossbridge,CROSSBRIDGE,aggregated_records.csv,,NO_MATCH,0,NEEDS_REVIEW
kilmartin,KILMARTIN,aggregated_records.csv,,NO_MATCH,0,NEEDS_REVIEW
Ballinmogan,BALLINMOGAN,"aggregated_records.csv, tenancies.csv",,NO_MATCH,0,NEEDS_REVIEW
Tansey Close,TANSEY CLOSE,aggregated_records.csv,,NO_MATCH,0,NEEDS_REVIEW
BOGLAND,BOGLAND,wicklow-census-data.csv,,NO_MATCH,0,NEEDS_REVIEW
KILBRIDE (Talbotstown Lower By),KILBRIDE (TALBOTSTOWN LOWER BY),wicklow-census-data.csv,,NO_MATCH,0,NEEDS_REVIEW
GOLDENFORT,GOLDENFORT,wicklow-census-data.csv,,NO_MATCH,0,NEEDS_REVIEW
WOODFIELDGLEN,WOODFIELDGLEN,wicklow-census-data.csv,,NO_MATCH,0,NEEDS_REVIEW
coolruss,COOLRUSS,aggregated_records.csv,COOLROSS,FUZZY,88,PENDING
kilpipe at coolbawn,KILPIPE AT COOLBAWN,aggregated_records.csv,,NO_MATCH,0,NEEDS_REVIEW
IRONGRANGE UPPER,IRONGRANGE UPPER,wicklow-census-data.csv,,NO_MATCH,0,NEEDS_REVIEW
HOLYWELL,HOLYWELL,wicklow-census-data.csv,,NO_MATCH,0,NEEDS_REVIEW
Knockadosen,KNOCKADOSEN,aggregated_records.csv,,NO_MATCH,0,NEEDS_REVIEW
Sleaghrool,SLEAGHROOL,aggregated_records.csv,,NO_MATCH,0,NEEDS_REVIEW
CAMARA,CAMARA,wicklow-census-data.csv,,NO_MATCH,0,NEEDS_REVIEW
knocknagree,KNOCKNAGREE,aggregated_records.csv,knocknagree,EXACT,100,APPROVED
CASTLETIMON,CASTLETIMON,wicklow-census-data.csv,,NO_MATCH,0,NEEDS_REVIEW
LISCOLMAN,LISCOLMAN,"unified_census.csv, wicklow-census-data.csv",LISCOLMAN,EXACT,100,APPROVED
DUNLAVIN UPPER,DUNLAVIN UPPER,wicklow-census-data.csv,,NO_MATCH,0,NEEDS_REVIEW
BROMLEY,BROMLEY,wicklow-census-data.csv,BOLEY,FUZZY,83,PENDING
stratnakelly,STRATNAKELLY,aggregated_records.csv,STRANAKELLY,FUZZY,96,PENDING
HAYLANDS,HAYLANDS,wicklow-census-data.csv,,NO_MATCH,0,NEEDS_REVIEW
ardoyne,ARDOYNE,aggregated_records.csv,ardoyne,EXACT,100,APPROVED
kileaven,KILEAVEN,aggregated_records.csv,KILLAVENY,FUZZY,82,PENDING
KNOCKATILLANE,KNOCKATILLANE,wicklow-census-data.csv,,NO_MATCH,0,NEEDS_REVIEW
Coolnafinogue,COOLNAFINOGUE,aggregated_records.csv,,NO_MATCH,0,NEEDS_REVIEW
KILMURRY UPPER,KILMURRY UPPER,wicklow-census-data.csv,,NO_MATCH,0,NEEDS_REVIEW
Balycumber,BALYCUMBER,"aggregated_records.csv, tenancies.csv",,NO_MATCH,0,NEEDS_REVIEW
ballyknocker east,BALLYKNOCKER EAST,aggregated_records.csv,ballyknocker east,EXACT,100,APPROVED
killacloran,KILLACLORAN,aggregated_records.csv,,NO_MATCH,0,NEEDS_REVIEW
harney and cornavenish,HARNEY AND CORNAVENISH,aggregated_records.csv,,NO_MATCH,0,NEEDS_REVIEW
ballytuskin,BALLYTUSKIN,aggregated_records.csv,,NO_MATCH,0,NEEDS_REVIEW
park coolruss,PARK COOLRUSS,aggregated_records.csv,,NO_MATCH,0,NEEDS_REVIEW
CRONE MORE,CRONE MORE,wicklow-census-data.csv,,NO_MATCH,0,NEEDS_REVIEW
Tinahealy,TINAHEALY,aggregated_records.csv,TINAHELY,FUZZY,94,PENDING
BALLYMACONEY,BALLYMACONEY,wicklow-census-data.csv,,NO_MATCH,0,NEEDS_REVIEW
KNOCKARIGG HILL,KNOCKARIGG HILL,wicklow-census-data.csv,,NO_MATCH,0,NEEDS_REVIEW
Newallard [?],NEWALLARD [?],aggregated_records.csv,,NO_MATCH,0,NEEDS_REVIEW
CRONE LOWER,CRONE LOWER,wicklow-census-data.csv,MONEY LOWER,FUZZY,82,PENDING
BALLYMOYLE,BALLYMOYLE,wicklow-census-data.csv,,NO_MATCH,0,NEEDS_REVIEW
BELLINECLESH VILLAGE,BELLINECLESH VILLAGE,wicklow-census-data.csv,,NO_MATCH,0,NEEDS_REVIEW
BARRADERRY WEST,BARRADERRY WEST,wicklow-census-data.csv,,NO_MATCH,0,NEEDS_REVIEW
TINNAHINCH,TINNAHINCH,wicklow-census-data.csv,,NO_MATCH,0,NEEDS_REVIEW
Tinhely,TINHELY,aggregated_records.csv,TINAHELY,FUZZY,93,PENDING
Raheengraney,RAHEENGRANEY,"aggregated_records.csv, tenancies.csv",Raheengraney,EXACT,100,APPROVED
Park at Drummin,PARK AT DRUMMIN,aggregated_records.csv,,NO_MATCH,0,NEEDS_REVIEW
TOMCOYLE UPPER,TOMCOYLE UPPER,wicklow-census-data.csv,RATHCOYLE UPPER,FUZZY,83,PENDING
slievemaan,SLIEVEMAAN,aggregated_records.csv,slievemaan,EXACT,100,APPROVED
NEWTOWNSAUNDERS,NEWTOWNSAUNDERS,wicklow-census-data.csv,,NO_MATCH,0,NEEDS_REVIEW
RATHNABO,RATHNABO,wicklow-census-data.csv,,NO_MATCH,0,NEEDS_REVIEW
MONEYSTOWN HILL,MONEYSTOWN HILL,wicklow-census-data.csv,,NO_MATCH,0,NEEDS_REVIEW
KILLERK,KILLERK,wicklow-census-data.csv,,NO_MATCH,0,NEEDS_REVIEW
roddenagh,RODDENAGH,aggregated_records.csv,roddenagh,EXACT,100,APPROVED
Tinihaley Cottager,TINIHALEY COTTAGER,"aggregated_records.csv, tenancies.csv",,NO_MATCH,0,NEEDS_REVIEW
seamore,SEAMORE,aggregated_records.csv,,NO_MATCH,0,NEEDS_REVIEW
rathbane,RATHBANE,aggregated_records.csv,rathbane,EXACT,100,APPROVED
Blackditch and Newcastle,BLACKDITCH AND NEWCASTLE,aggregated_records.csv,,NO_MATCH,0,NEEDS_REVIEW
CARRIGNAGOWER,CARRIGNAGOWER,wicklow-census-data.csv,,NO_MATCH,0,NEEDS_REVIEW
MONEYTEIGE MIDDLE,MONEYTEIGE MIDDLE,wicklow-census-data.csv,,NO_MATCH,0,NEEDS_REVIEW
BALLINVALLY UPPER (ED Ennereilly),BALLINVALLY UPPER (ED ENNEREILLY),wicklow-census-data.csv,,NO_MATCH,0,NEEDS_REVIEW
ASHTOWN (Newcastle By),ASHTOWN (NEWCASTLE BY),wicklow-census-data.csv,,NO_MATCH,0,NEEDS_REVIEW
GARRYDUFF,GARRYDUFF,wicklow-census-data.csv,,NO_MATCH,0,NEEDS_REVIEW
Killybeg,KILLYBEG,"aggregated_records.csv, tenancies.csv",KILLABEG,FUZZY,88,PENDING
Moteybower,MOTEYBOWER,aggregated_records.csv,MOTABOWER,FUZZY,84,PENDING
Kilcasen,KILCASEN,"aggregated_records.csv, tenancies.csv",,NO_MATCH,0,NEEDS_REVIEW
Laragh,LARAGH,"aggregated_records.csv, tenancies.csv",Laragh,EXACT,100,APPROVED
hillbrooke,HILLBROOKE,aggregated_records.csv,HILLBROOK UPPER,FUZZY,80,PENDING
FASSAROE,FASSAROE,wicklow-census-data.csv,,NO_MATCH,0,NEEDS_REVIEW
DONARD DEMESNE WEST,DONARD DEMESNE WEST,wicklow-census-data.csv,,NO_MATCH,0,NEEDS_REVIEW
BALLYKILLAGEER UPPER,BALLYKILLAGEER UPPER,wicklow-census-data.csv,,NO_MATCH,0,NEEDS_REVIEW
ballagh,BALLAGH,aggregated_records.csv,ballagh,EXACT,100,APPROVED
ballycumber north,BALLYCUMBER NORTH,aggregated_records.csv,ballycumber north,EXACT,100,APPROVED
DEERPARK (ED Blessington),DEERPARK (ED BLESSINGTON),wicklow-census-data.csv,,NO_MATCH,0,NEEDS_REVIEW
slieveboy upper lower,SLIEVEBOY UPPER LOWER,aggregated_records.csv,SLIEVEBOY UPPER,FUZZY,83,PENDING
BALLINVALLY LOWER (ED Arklow Rural),BALLINVALLY LOWER (ED ARKLOW RURAL),wicklow-census-data.csv,,NO_MATCH,0,NEEDS_REVIEW
moyne and sleaghroe,MOYNE AND SLEAGHROE,aggregated_records.csv,,NO_MATCH,0,NEEDS_REVIEW
coolross and tomcoyle,COOLROSS AND TOMCOYLE,aggregated_records.csv,,NO_MATCH,0,NEEDS_REVIEW
Kilpipe,KILPIPE,"aggregated_records.csv, tenancies.csv",Kilpipe,EXACT,100,APPROVED
DUNGANSTOWN WEST,DUNGANSTOWN WEST,wicklow-census-data.csv,,NO_MATCH,0,NEEDS_REVIEW
killaveny,KILLAVENY,aggregated_records.csv,killaveny,EXACT,100,APPROVED
DONARD LOWER,DONARD LOWER,wicklow-census-data.csv,,NO_MATCH,0,NEEDS_REVIEW
COOLAWINNIA,COOLAWINNIA,wicklow-census-data.csv,,NO_MATCH,0,NEEDS_REVIEW
Kilpipe and Tomnaskela,KILPIPE AND TOMNASKELA,aggregated_records.csv,,NO_MATCH,0,NEEDS_REVIEW
raheenakit,RAHEENAKIT,aggregated_records.csv,raheenakit,EXACT,100,APPROVED
coolalug,COOLALUG,aggregated_records.csv,coolalug,EXACT,100,APPROVED
DO. FEVER HOSPITAL,DO. FEVER HOSPITAL,wicklow-census-data.csv,,NO_MATCH,0,NEEDS_REVIEW
BALLYNASTOCKAN,BALLYNASTOCKAN,wicklow-census-data.csv,,NO_MATCH,0,NEEDS_REVIEW
Balliecionogue,BALLIECIONOGUE,aggregated_records.csv,,NO_MATCH,0,NEEDS_REVIEW
knockatomcoyle,KNOCKATOMCOYLE,aggregated_records.csv,knockatomcoyle,EXACT,100,APPROVED
BALLYCOOG UPPER,BALLYCOOG UPPER,wicklow-census-data.csv,,NO_MATCH,0,NEEDS_REVIEW
Minmore at Rathnakill,MINMORE AT RATHNAKILL,aggregated_records.csv,,NO_MATCH,0,NEEDS_REVIEW
CARRAWAYSTICK,CARRAWAYSTICK,wicklow-census-data.csv,,NO_MATCH,0,NEEDS_REVIEW
bolarney and ballinorrin,BOLARNEY AND BALLINORRIN,aggregated_records.csv,,NO_MATCH,0,NEEDS_REVIEW
Carrickgaiter,CARRICKGAITER,"aggregated_records.csv, tenancies.csv",,NO_MATCH,0,NEEDS_REVIEW
Harney and Cornavenish,HARNEY AND CORNAVENISH,"aggregated_records.csv, tenancies.csv",,NO_MATCH,0,NEEDS_REVIEW
Killibeg,KILLIBEG,aggregated_records.csv,KILLABEG,FUZZY,88,PENDING
Tinehaley and Coolruss,TINEHALEY AND COOLRUSS,"aggregated_records.csv, tenancies.csv",,NO_MATCH,0,NEEDS_REVIEW
Corrandagg,CORRANDAGG,"aggregated_records.csv, tenancies.csv",,NO_MATCH,0,NEEDS_REVIEW
CARRIGMORE,CARRIGMORE,wicklow-census-data.csv,CARRIGROE,FUZZY,84,PENDING
KNOCKNAMUCK UPPER,KNOCKNAMUCK UPPER,wicklow-census-data.csv,,NO_MATCH,0,NEEDS_REVIEW
DRUMMIN EAST,DRUMMIN EAST,wicklow-census-data.csv,,NO_MATCH,0,NEEDS_REVIEW
KILQUIGGIN TOWN,KILQUIGGIN TOWN,wicklow-census-data.csv,KILQUIGGIN,FUZZY,80,PENDING
BALLYNERRIN LOWER,BALLYNERRIN LOWER,wicklow-census-data.csv,,NO_MATCH,0,NEEDS_REVIEW
sleanamoe,SLEANAMOE,aggregated_records.csv,,NO_MATCH,0,NEEDS_REVIEW
BALLYNABARNY,BALLYNABARNY,wicklow-census-data.csv,,NO_MATCH,0,NEEDS_REVIEW
coolbry,COOLBRY,aggregated_records.csv,COOLBOY,FUZZY,86,PENDING
Harney at Carnacanick,HARNEY AT CARNACANICK,"aggregated_records.csv, tenancies.csv",,NO_MATCH,0,NEEDS_REVIEW
Coolbroe,COOLBROE,"aggregated_records.csv, tenancies.csv",COOLROE,FUZZY,93,PENDING
tomcoglen and preban,TOMCOGLEN AND PREBAN,aggregated_records.csv,,NO_MATCH,0,NEEDS_REVIEW
CHAPEL,CHAPEL,wicklow-census-data.csv,,NO_MATCH,0,NEEDS_REVIEW
CARRIGLINNEEN,CARRIGLINNEEN,wicklow-census-data.csv,,NO_MATCH,0,NEEDS_REVIEW
ARDANAIRY,ARDANAIRY,wicklow-census-data.csv,,NO_MATCH,0,NEEDS_REVIEW
KILMULLIN (ED Newcastle Lower),KILMULLIN (ED NEWCASTLE LOWER),wicklow-census-data.csv,,NO_MATCH,0,NEEDS_REVIEW
knockadoomcoyle,KNOCKADOOMCOYLE,aggregated_records.csv,KNOCKATOMCOYLE,FUZZY,90,PENDING
BERNAGH,BERNAGH,wicklow-census-data.csv,,NO_MATCH,0,NEEDS_REVIEW
corrovanish,CORROVANISH,aggregated_records.csv,CURRAVANISH,FUZZY,82,PENDING
RATHGORRAGH LOWER,RATHGORRAGH LOWER,wicklow-census-data.csv,,NO_MATCH,0,NEEDS_REVIEW
askilleagh,ASKILLEAGH,aggregated_records.csv,,NO_MATCH,0,NEEDS_REVIEW
Tinehaley/Coolran,TINEHALEY/COOLRAN,"aggregated_records.csv, tenancies.csv",,NO_MATCH,0,NEEDS_REVIEW
COOLROSS,COOLROSS,"unified_census.csv, wicklow-census-data.csv",COOLROSS,EXACT,100,APPROVED
killibegge,KILLIBEGGE,aggregated_records.csv,,NO_MATCH,0,NEEDS_REVIEW
BALLYRAINE LOWER,BALLYRAINE LOWER,wicklow-census-data.csv,BALLINGATE LOWER,FUZZY,81,PENDING
AUGHRIM LOWER,AUGHRIM LOWER,wicklow-census-data.csv,,NO_MATCH,0,NEEDS_REVIEW
COOLBOY,COOLBOY,"unified_census.csv, wicklow-census-data.csv",COOLBOY,EXACT,100,APPROVED
ballyrolan,BALLYROLAN,aggregated_records.csv,,NO_MATCH,0,NEEDS_REVIEW
Ballyknockers and Deerepark,BALLYKNOCKERS AND DEEREPARK,"aggregated_records.csv, tenancies.csv",,NO_MATCH,0,NEEDS_REVIEW
EADESTOWN SOUTH,EADESTOWN SOUTH,wicklow-census-data.csv,,NO_MATCH,0,NEEDS_REVIEW
RAHEEN (Arklow By),RAHEEN (ARKLOW BY),wicklow-census-data.csv,,NO_MATCH,0,NEEDS_REVIEW
Drummin,DRUMMIN,"aggregated_records.csv, tenancies.csv",Drummin,EXACT,100,APPROVED
mullannaskeagh,MULLANNASKEAGH,aggregated_records.csv,mullannaskeagh,EXACT,100,APPROVED
POWERSCOURT DEMESNE,POWERSCOURT DEMESNE,wicklow-census-data.csv,,NO_MATCH,0,NEEDS_REVIEW
KILBREFFY,KILBREFFY,wicklow-census-data.csv,,NO_MATCH,0,NEEDS_REVIEW
MONGAN,MONGAN,wicklow-census-data.csv,,NO_MATCH,0,NEEDS_REVIEW
killybeg,KILLYBEG,aggregated_records.csv,KILLABEG,FUZZY,88,PENDING
shilelagh ballinulta,SHILELAGH BALLINULTA,aggregated_records.csv,,NO_MATCH,0,NEEDS_REVIEW
COLLIGA,COLLIGA,wicklow-census-data.csv,,NO_MATCH,0,NEEDS_REVIEW
maryans,MARYANS,aggregated_records.csv,,NO_MATCH,0,NEEDS_REVIEW
carnew,CARNEW,aggregated_records.csv,carnew,EXACT,100,APPROVED
Ballybegg,BALLYBEGG,"aggregated_records.csv, tenancies.csv",BALLYBEG,FUZZY,94,PENDING
JOHNSTOWN UPPER,JOHNSTOWN UPPER,wicklow-census-data.csv,,NO_MATCH,0,NEEDS_REVIEW
BALLINABARNY,BALLINABARNY,wicklow-census-data.csv,,NO_MATCH,0,NEEDS_REVIEW
Kilgriffin,KILGRIFFIN,aggregated_records.csv,,NO_MATCH,0,NEEDS_REVIEW
BOLEYBAWN,BOLEYBAWN,"unified_census.csv, wicklow-census-data.csv",BOLEYBAWN,EXACT,100,APPROVED
GLASKENNY,GLASKENNY,wicklow-census-data.csv,,NO_MATCH,0,NEEDS_REVIEW
MOYLISHA,MOYLISHA,"unified_census.csv, wicklow-census-data.csv",MOYLISHA,EXACT,100,APPROVED
Ballyvolen,BALLYVOLEN,aggregated_records.csv,,NO_MATCH,0,NEEDS_REVIEW
KILLALISH UPPER,KILLALISH UPPER,wicklow-census-data.csv,,NO_MATCH,0,NEEDS_REVIEW
tinahealy and coolruss,TINAHEALY AND COOLRUSS,aggregated_records.csv,,NO_MATCH,0,NEEDS_REVIEW
Killballyowen,KILLBALLYOWEN,"aggregated_records.csv, tenancies.csv",KILBALLYOWEN,FUZZY,96,PENDING
Killaveny,KILLAVENY,"aggregated_records.csv, tenancies.csv",Killaveny,EXACT,100,APPROVED
MEETINGS,MEETINGS,wicklow-census-data.csv,,NO_MATCH,0,NEEDS_REVIEW
abbey land,ABBEY LAND,aggregated_records.csv,,NO_MATCH,0,NEEDS_REVIEW
ballygannon cottages,BALLYGANNON COTTAGES,aggregated_records.csv,,NO_MATCH,0,NEEDS_REVIEW
TINNEHINCH,TINNEHINCH,wicklow-census-data.csv,,NO_MATCH,0,NEEDS_REVIEW
Preban,PREBAN,"aggregated_records.csv, tenancies.csv",Preban,EXACT,100,APPROVED
liscoleman,LISCOLEMAN,aggregated_records.csv,LISCOLMAN,FUZZY,95,PENDING
MERGINSTOWN GLEN,MERGINSTOWN GLEN,wicklow-census-data.csv,,NO_MATCH,0,NEEDS_REVIEW
GLASHINA,GLASHINA,wicklow-census-data.csv,,NO_MATCH,0,NEEDS_REVIEW
DUNLAVIN LOWER,DUNLAVIN LOWER,wicklow-census-data.csv,,NO_MATCH,0,NEEDS_REVIEW
Ruskeen,RUSKEEN,aggregated_records.csv,,NO_MATCH,0,NEEDS_REVIEW
BALLINACOR WEST,BALLINACOR WEST,wicklow-census-data.csv,BALLINACOR,FUZZY,80,PENDING
ANNAGOLAN,ANNAGOLAN,wicklow-census-data.csv,,NO_MATCH,0,NEEDS_REVIEW
CRONYKEERY,CRONYKEERY,wicklow-census-data.csv,,NO_MATCH,0,NEEDS_REVIEW
ballyraghin,BALLYRAGHIN,aggregated_records.csv,BALLYRAHEEN,FUZZY,82,PENDING
KILCARNEY UPPER,KILCARNEY UPPER,wicklow-census-data.csv,KILCAVAN UPPER,FUZZY,83,PENDING
Rathcoll,RATHCOLL,"aggregated_records.csv, tenancies.csv",RATHCOT,FUZZY,80,PENDING
PARKROE,PARKROE,wicklow-census-data.csv,PARKMORE,FUZZY,80,PENDING
FIDDAN,FIDDAN,wicklow-census-data.csv,,NO_MATCH,0,NEEDS_REVIEW
KENNYSTOWN,KENNYSTOWN,"unified_census.csv, wicklow-census-data.csv",KENNYSTOWN,EXACT,100,APPROVED
BALLINGUILEHILL,BALLINGUILEHILL,"unified_census.csv, wicklow-census-data.csv",BALLINGUILEHILL,EXACT,100,APPROVED
KILLAMOAT LOWER,KILLAMOAT LOWER,wicklow-census-data.csv,,NO_MATCH,0,NEEDS_REVIEW
KNOCKANDARRAGH,KNOCKANDARRAGH,wicklow-census-data.csv,,NO_MATCH,0,NEEDS_REVIEW
HOLDENSTOWN LOWER,HOLDENSTOWN LOWER,wicklow-census-data.csv,,NO_MATCH,0,NEEDS_REVIEW
GRANGECON UPPER,GRANGECON UPPER,wicklow-census-data.csv,,NO_MATCH,0,NEEDS_REVIEW
ballyraphine,BALLYRAPHINE,aggregated_records.csv,,NO_MATCH,0,NEEDS_REVIEW
GRIFFINSTOWN UPPER,GRIFFINSTOWN UPPER,wicklow-census-data.csv,,NO_MATCH,0,NEEDS_REVIEW
CLONKEEN,CLONKEEN,wicklow-census-data.csv,,NO_MATCH,0,NEEDS_REVIEW
Broomhall,BROOMHALL,"aggregated_records.csv, tenancies.csv",,NO_MATCH,0,NEEDS_REVIEW
burkeen,BURKEEN,aggregated_records.csv,,NO_MATCH,0,NEEDS_REVIEW
BALLYLOUGHLIN,BALLYLOUGHLIN,wicklow-census-data.csv,,NO_MATCH,0,NEEDS_REVIEW
CHARLESLAND,CHARLESLAND,wicklow-census-data.csv,,NO_MATCH,0,NEEDS_REVIEW
Kileavan Lower,KILEAVAN LOWER,"aggregated_records.csv, tenancies.csv",KILCAVAN LOWER,FUZZY,93,PENDING
ballinulta,BALLINULTA,aggregated_records.csv,BALLYNULTAGH,FUZZY,82,PENDING
WHITEHILLS,WHITEHILLS,wicklow-census-data.csv,,NO_MATCH,0,NEEDS_REVIEW
BALLYTRASNA,BALLYTRASNA,wicklow-census-data.csv,,NO_MATCH,0,NEEDS_REVIEW
BALLYHOOK HILL,BALLYHOOK HILL,wicklow-census-data.csv,,NO_MATCH,0,NEEDS_REVIEW
Tubberlonagh,TUBBERLONAGH,"aggregated_records.csv, tenancies.csv",TOBERLOWNAGH,FUZZY,83,PENDING
WARDS of TOBER,WARDS OF TOBER,wicklow-census-data.csv,,NO_MATCH,0,NEEDS_REVIEW
Park alias Drumin,PARK ALIAS DRUMIN,aggregated_records.csv,,NO_MATCH,0,NEEDS_REVIEW
Rasnastraw (sic),RASNASTRAW (SIC),aggregated_records.csv,,NO_MATCH,0,NEEDS_REVIEW
KNOCKANRAHAN UPPER,KNOCKANRAHAN UPPER,wicklow-census-data.csv,,NO_MATCH,0,NEEDS_REVIEW
kilpipecoolbawn,KILPIPECOOLBAWN,aggregated_records.csv,,NO_MATCH,0,NEEDS_REVIEW
DO GAOL,DO GAOL,wicklow-census-data.csv,,NO_MATCH,0,NEEDS_REVIEW
CORRASILLAGH,CORRASILLAGH,wicklow-census-data.csv,,NO_MATCH,0,NEEDS_REVIEW
GLENCAP COMMONS NORTH,GLENCAP COMMONS NORTH,wicklow-census-data.csv,,NO_MATCH,0,NEEDS_REVIEW
Raheenakit,RAHEENAKIT,"aggregated_records.csv, tenancies.csv",Raheenakit,EXACT,100,APPROVED
towerboy ballenguile,TOWERBOY BALLENGUILE,aggregated_records.csv,,NO_MATCH,0,NEEDS_REVIEW
Killadrennan,KILLADRENNAN,aggregated_records.csv,,NO_MATCH,0,NEEDS_REVIEW
BALLYGANNON MORE,BALLYGANNON MORE,wicklow-census-data.csv,,NO_MATCH,0,NEEDS_REVIEW
KIPPURE,KIPPURE,wicklow-census-data.csv,,NO_MATCH,0,NEEDS_REVIEW
seabegg,SEABEGG,aggregated_records.csv,,NO_MATCH,0,NEEDS_REVIEW
BALLINACROW UPPER,BALLINACROW UPPER,wicklow-census-data.csv,,NO_MATCH,0,NEEDS_REVIEW
Glazenaret,GLAZENARET,aggregated_records.csv,,NO_MATCH,0,NEEDS_REVIEW
Balllygannon,BALLLYGANNON,aggregated_records.csv,,NO_MATCH,0,NEEDS_REVIEW
BALLINARD,BALLINARD,wicklow-census-data.csv,BALLARD,FUZZY,88,PENDING
Whiterock,WHITEROCK,"aggregated_records.csv, tenancies.csv",Whiterock,EXACT,100,APPROVED
COOLASTINGAN,COOLASTINGAN,wicklow-census-data.csv,,NO_MATCH,0,NEEDS_REVIEW
SLIEVENAMOUGH PLAIN,SLIEVENAMOUGH PLAIN,"unified_census.csv, wicklow-census-data.csv",SLIEVENAMOUGH PLAIN,EXACT,100,APPROVED
Raheenglass,RAHEENGLASS,"aggregated_records.csv, tenancies.csv",Raheenglass,EXACT,100,APPROVED
SPINANS MIDDLE,SPINANS MIDDLE,wicklow-census-data.csv,,NO_MATCH,0,NEEDS_REVIEW
Knockadozen,KNOCKADOZEN,"aggregated_records.csv, tenancies.csv",,NO_MATCH,0,NEEDS_REVIEW
ballyguile,BALLYGUILE,aggregated_records.csv,BALLINGUILE,FUZZY,86,PENDING
Bullingate,BULLINGATE,"aggregated_records.csv, tenancies.csv",BALLINGATE,FUZZY,90,PENDING
quigginore,QUIGGINORE,aggregated_records.csv,QUIGGINROE,FUZZY,90,PENDING
ballybegg,BALLYBEGG,aggregated_records.csv,BALLYBEG,FUZZY,94,PENDING
ballybegg and garryhow,BALLYBEGG AND GARRYHOW,aggregated_records.csv,,NO_MATCH,0,NEEDS_REVIEW
ARKLOW TOWNSHIP,ARKLOW TOWNSHIP,wicklow-census-data.csv,,NO_MATCH,0,NEEDS_REVIEW
rathmore,RATHMORE,aggregated_records.csv,,NO_MATCH,0,NEEDS_REVIEW
LEOH,LEOH,wicklow-census-data.csv,,NO_MATCH,0,NEEDS_REVIEW
tinahely coolruss,TINAHELY COOLRUSS,aggregated_records.csv,,NO_MATCH,0,NEEDS_REVIEW
KNOCKDOO,KNOCKDOO,wicklow-census-data.csv,,NO_MATCH,0,NEEDS_REVIEW
DONAGHMORE,DONAGHMORE,wicklow-census-data.csv,,NO_MATCH,0,NEEDS_REVIEW
Ballinavorta,BALLINAVORTA,"aggregated_records.csv, tenancies.csv",BALLYNAVORTHA,FUZZY,88,PENDING
nothing,NOTHING,"aggregated_records.csv, tenancies.csv",,NO_MATCH,0,NEEDS_REVIEW
BALLYGUILE MORE,BALLYGUILE MORE,wicklow-census-data.csv,,NO_MATCH,0,NEEDS_REVIEW
Knocknaboley,KNOCKNABOLEY,"aggregated_records.csv, tenancies.csv",Knocknaboley,EXACT,100,APPROVED
Harney at Bridgeland,HARNEY AT BRIDGELAND,aggregated_records.csv,,NO_MATCH,0,NEEDS_REVIEW
mullens,MULLENS,aggregated_records.csv,,NO_MATCH,0,NEEDS_REVIEW
SLATE,SLATE,wicklow-census-data.csv,,NO_MATCH,0,NEEDS_REVIEW
Minmore/Parkmore,MINMORE/PARKMORE,aggregated_records.csv,,NO_MATCH,0,NEEDS_REVIEW
KILMACREA LOWER,KILMACREA LOWER,wicklow-census-data.csv,,NO_MATCH,0,NEEDS_REVIEW
Barnacashel,BARNACASHEL,"aggregated_records.csv, tenancies.csv",Barnacashel,EXACT,100,APPROVED
bolarney and burkeen,BOLARNEY AND BURKEEN,aggregated_records.csv,,NO_MATCH,0,NEEDS_REVIEW
CORBALLIS LOWER,CORBALLIS LOWER,wicklow-census-data.csv,,NO_MATCH,0,NEEDS_REVIEW
corandagg,CORANDAGG,aggregated_records.csv,,NO_MATCH,0,NEEDS_REVIEW
Tullowclay,TULLOWCLAY,"aggregated_records.csv, tenancies.csv",Tullowclay,EXACT,100,APPROVED
BLANE,BLANE,wicklow-census-data.csv,,NO_MATCH,0,NEEDS_REVIEW
BALLYDONNELL,BALLYDONNELL,wicklow-census-data.csv,BALLYCONNELL,FUZZY,92,PENDING
STUDFIELD NORTH,STUDFIELD NORTH,wicklow-census-data.csv,,NO_MATCH,0,NEEDS_REVIEW
MUCKDUFF UPPER,MUCKDUFF UPPER,wicklow-census-data.csv,,NO_MATCH,0,NEEDS_REVIEW
LUMCLOON,LUMCLOON,"unified_census.csv, wicklow-census-data.csv",LUMCLOON,EXACT,100,APPROVED
BALLYNAMUDDAGH,BALLYNAMUDDAGH,wicklow-census-data.csv,,NO_MATCH,0,NEEDS_REVIEW
Glenyshoke,GLENYSHOKE,"aggregated_records.csv, tenancies.csv",,NO_MATCH,0,NEEDS_REVIEW
SNUGBOROUGH,SNUGBOROUGH,wicklow-census-data.csv,,NO_MATCH,0,NEEDS_REVIEW
TOGHER,TOGHER,wicklow-census-data.csv,,NO_MATCH,0,NEEDS_REVIEW
Rosbawn,ROSBAWN,"aggregated_records.csv, tenancies.csv",ROSBANE,FUZZY,86,PENDING
CRONYHORN UPPER,CRONYHORN UPPER,"unified_census.csv, wicklow-census-data.csv",CRONYHORN UPPER,EXACT,100,APPROVED
Carrick,CARRICK,"aggregated_records.csv, tenancies.csv",Carrick,EXACT,100,APPROVED
BALLYDUFF,BALLYDUFF,wicklow-census-data.csv,,NO_MATCH,0,NEEDS_REVIEW
BALLYVOLAN UPPER,BALLYVOLAN UPPER,wicklow-census-data.csv,,NO_MATCH,0,NEEDS_REVIEW
Crone,CRONE,"aggregated_records.csv, tenancies.csv",Crone,EXACT,100,APPROVED
Knockadoomcoyle (lease having expired),KNOCKADOOMCOYLE (LEASE HAVING EXPIRED),"aggregated_records.csv, tenancies.csv",,NO_MATCH,0,NEEDS_REVIEW
BALLYORNEY,BALLYORNEY,wicklow-census-data.csv,,NO_MATCH,0,NEEDS_REVIEW
LUGNAGUN LITTLE,LUGNAGUN LITTLE,wicklow-census-data.csv,,NO_MATCH,0,NEEDS_REVIEW
muney,MUNEY,aggregated_records.csv,,NO_MATCH,0,NEEDS_REVIEW
Hillbrook at Bardmore,HILLBROOK AT BARDMORE,"aggregated_records.csv, tenancies.csv",,NO_MATCH,0,NEEDS_REVIEW
KILMURRY,KILMURRY,wicklow-census-data.csv,,NO_MATCH,0,NEEDS_REVIEW
STOOPS,STOOPS,"unified_census.csv, wicklow-census-data.csv",STOOPS,EXACT,100,APPROVED
COOLROE,COOLROE,"unified_census.csv, wicklow-census-data.csv",COOLROE,EXACT,100,APPROVED
Kilpipe and Coolbawn,KILPIPE AND COOLBAWN,"aggregated_records.csv, tenancies.csv",,NO_MATCH,0,NEEDS_REVIEW
MONEY BIG,MONEY BIG,wicklow-census-data.csv,,NO_MATCH,0,NEEDS_REVIEW
rathengrany,RATHENGRANY,aggregated_records.csv,RAHEENGRANEY,FUZZY,87,PENDING
Morgans,MORGANS,"aggregated_records.csv, tenancies.csv",,NO_MATCH,0,NEEDS_REVIEW
LORRUG,LORRUG,wicklow-census-data.csv,,NO_MATCH,0,NEEDS_REVIEW
ASHTOWN or BALLINAFUNSHOGE,ASHTOWN OR BALLINAFUNSHOGE,wicklow-census-data.csv,,NO_MATCH,0,NEEDS_REVIEW
LACKAN,LACKAN,wicklow-census-data.csv,,NO_MATCH,0,NEEDS_REVIEW
ballenglen,BALLENGLEN,aggregated_records.csv,BALLINGLEN,FUZZY,90,PENDING
BALLYWALTRIN,BALLYWALTRIN,wicklow-census-data.csv,,NO_MATCH,0,NEEDS_REVIEW
Coolboy Upper and Parkmore,COOLBOY UPPER AND PARKMORE,"aggregated_records.csv, tenancies.csv",,NO_MATCH,0,NEEDS_REVIEW
THREEMILEWATER,THREEMILEWATER,wicklow-census-data.csv,,NO_MATCH,0,NEEDS_REVIEW
Kilcaven,KILCAVEN,"aggregated_records.csv, tenancies.csv",KILLAVENY,FUZZY,82,PENDING
RATHNEW T,RATHNEW T,wicklow-census-data.csv,,NO_MATCH,0,NEEDS_REVIEW
NEWCASTLE MIDDLE,NEWCASTLE MIDDLE,wicklow-census-data.csv,,NO_MATCH,0,NEEDS_REVIEW
BALLYVRAGHAN,BALLYVRAGHAN,wicklow-census-data.csv,,NO_MATCH,0,NEEDS_REVIEW
RAHEENAVINE,RAHEENAVINE,wicklow-census-data.csv,,NO_MATCH,0,NEEDS_REVIEW
SCRATENAGH,SCRATENAGH,wicklow-census-data.csv,,NO_MATCH,0,NEEDS_REVIEW
KINDLESTOWN LOWER,KINDLESTOWN LOWER,wicklow-census-data.csv,,NO_MATCH,0,NEEDS_REVIEW
ONAGH,ONAGH,wicklow-census-data.csv,,NO_MATCH,0,NEEDS_REVIEW
ballingate upper,BALLINGATE UPPER,aggregated_records.csv,ballingate upper,EXACT,100,APPROVED
KNOCKNASTREILE,KNOCKNASTREILE,wicklow-census-data.csv,KNOCKNAGREE,FUZZY,80,PENDING
BALLYCUMBER NORTH,BALLYCUMBER NORTH,"unified_census.csv, wicklow-census-data.csv",BALLYCUMBER NORTH,EXACT,100,APPROVED
Slievemweel,SLIEVEMWEEL,"aggregated_records.csv, tenancies.csv",Slievemweel,EXACT,100,APPROVED
ballenguile,BALLENGUILE,aggregated_records.csv,BALLINGUILE,FUZZY,91,PENDING
Ballinacor & Tinahely,BALLINACOR & TINAHELY,aggregated_records.csv,,NO_MATCH,0,NEEDS_REVIEW
Aghowle Upper,AGHOWLE UPPER,"aggregated_records.csv, tenancies.csv",Aghowle Upper,EXACT,100,APPROVED
hillbrook and up coolboy,HILLBROOK AND UP COOLBOY,aggregated_records.csv,,NO_MATCH,0,NEEDS_REVIEW
Balilionogue,BALILIONOGUE,"aggregated_records.csv, tenancies.csv",,NO_MATCH,0,NEEDS_REVIEW
DOWNSHILL,DOWNSHILL,wicklow-census-data.csv,,NO_MATCH,0,NEEDS_REVIEW
molanasky,MOLANASKY,aggregated_records.csv,,NO_MATCH,0,NEEDS_REVIEW
fairwood,FAIRWOOD,aggregated_records.csv,,NO_MATCH,0,NEEDS_REVIEW
Boleynakill,BOLEYNAKILL,"aggregated_records.csv, tenancies.csv",,NO_MATCH,0,NEEDS_REVIEW
LOCKSTOWN UPPER,LOCKSTOWN UPPER,wicklow-census-data.csv,,NO_MATCH,0,NEEDS_REVIEW
Ballinerrin,BALLINERRIN,"aggregated_records.csv, tenancies.csv",,NO_MATCH,0,NEEDS_REVIEW
ENNEREILLY,ENNEREILLY,wicklow-census-data.csv,,NO_MATCH,0,NEEDS_REVIEW
BALLARD LOWER,BALLARD LOWER,wicklow-census-data.csv,,NO_MATCH,0,NEEDS_REVIEW
mehassy illegible word,MEHASSY ILLEGIBLE WORD,aggregated_records.csv,,NO_MATCH,0,NEEDS_REVIEW
Ballyraphine,BALLYRAPHINE,"aggregated_records.csv, tenancies.csv",,NO_MATCH,0,NEEDS_REVIEW
balyconnell,BALYCONNELL,aggregated_records.csv,BALLYCONNELL,FUZZY,96,PENDING
CRONYHORN LOWER,CRONYHORN LOWER,"unified_census.csv, wicklow-census-data.csv",CRONYHORN LOWER,EXACT,100,APPROVED
BALLINGATE UPPER,BALLINGATE UPPER,"unified_census.csv, wicklow-census-data.csv",BALLINGATE UPPER,EXACT,100,APPROVED
SLEANAGLOGH,SLEANAGLOGH,wicklow-census-data.csv,,NO_MATCH,0,NEEDS_REVIEW
EADESTOWN MIDDLE,EADESTOWN MIDDLE,wicklow-census-data.csv,,NO_MATCH,0,NEEDS_REVIEW
KILMURRY NORTH,KILMURRY NORTH,wicklow-census-data.csv,,NO_MATCH,0,NEEDS_REVIEW
ballygannon at tansey close,BALLYGANNON AT TANSEY CLOSE,aggregated_records.csv,,NO_MATCH,0,NEEDS_REVIEW
BARNAMEELIA,BARNAMEELIA,wicklow-census-data.csv,,NO_MATCH,0,NEEDS_REVIEW
BLACKPITS,BLACKPITS,wicklow-census-data.csv,,NO_MATCH,0,NEEDS_REVIEW
Tinahaley,TINAHALEY,"aggregated_records.csv, tenancies.csv",TINAHELY,FUZZY,82,PENDING
CARRIG MOUNTAIN,CARRIG MOUNTAIN,wicklow-census-data.csv,,NO_MATCH,0,NEEDS_REVIEW
COOKSTOWN,COOKSTOWN,wicklow-census-data.csv,,NO_MATCH,0,NEEDS_REVIEW
DEERPARK (ED Powerscourt),DEERPARK (ED POWERSCOURT),wicklow-census-data.csv,,NO_MATCH,0,NEEDS_REVIEW
Bolarney called Mill Plott,BOLARNEY CALLED MILL PLOTT,aggregated_records.csv,,NO_MATCH,0,NEEDS_REVIEW
Lugaduff,LUGADUFF,"aggregated_records.csv, tenancies.csv",LUGDUFF,FUZZY,93,PENDING
LACKANDARRAGH LOWER,LACKANDARRAGH LOWER,wicklow-census-data.csv,,NO_MATCH,0,NEEDS_REVIEW
LOUGHMOGUE LOWER,LOUGHMOGUE LOWER,wicklow-census-data.csv,,NO_MATCH,0,NEEDS_REVIEW
BRITONSTOWN,BRITONSTOWN,wicklow-census-data.csv,,NO_MATCH,0,NEEDS_REVIEW
DRUMREAGH,DRUMREAGH,wicklow-census-data.csv,,NO_MATCH,0,NEEDS_REVIEW
KILQUIGGIN T,KILQUIGGIN T,wicklow-census-data.csv,KILQUIGGIN,FUZZY,91,PENDING
Coolroe,COOLROE,"aggregated_records.csv, tenancies.csv",Coolroe,EXACT,100,APPROVED
BALLYMURRIN LOWER,BALLYMURRIN LOWER,wicklow-census-data.csv,,NO_MATCH,0,NEEDS_REVIEW
knockadosen,KNOCKADOSEN,aggregated_records.csv,,NO_MATCH,0,NEEDS_REVIEW
up coolboy and hillbrook,UP COOLBOY AND HILLBROOK,aggregated_records.csv,,NO_MATCH,0,NEEDS_REVIEW
CREHELP,CREHELP,wicklow-census-data.csv,,NO_MATCH,0,NEEDS_REVIEW
BALLINAGORE,BALLINAGORE,wicklow-census-data.csv,BALLINACOR,FUZZY,86,PENDING
coolelugg,COOLELUGG,aggregated_records.csv,COOLALUG,FUZZY,82,PENDING
Sleanamoe,SLEANAMOE,"aggregated_records.csv, tenancies.csv",,NO_MATCH,0,NEEDS_REVIEW
Coalkenna,COALKENNA,aggregated_records.csv,COOLKENNA,FUZZY,89,PENDING
DRUMMIN,DRUMMIN,"unified_census.csv, wicklow-census-data.csv",DRUMMIN,EXACT,100,APPROVED
leamore,LEAMORE,aggregated_records.csv,,NO_MATCH,0,NEEDS_REVIEW
CARRIGEENSHINNAGH,CARRIGEENSHINNAGH,wicklow-census-data.csv,,NO_MATCH,0,NEEDS_REVIEW
KNOCKATEMPLE,KNOCKATEMPLE,wicklow-census-data.csv,,NO_MATCH,0,NEEDS_REVIEW
kilquiggan,KILQUIGGAN,aggregated_records.csv,KILQUIGGIN,FUZZY,90,PENDING
park at drummin,PARK AT DRUMMIN,aggregated_records.csv,,NO_MATCH,0,NEEDS_REVIEW
rathneagh,RATHNEAGH,aggregated_records.csv,,NO_MATCH,0,NEEDS_REVIEW
BALLINACLOGH,BALLINACLOGH,wicklow-census-data.csv,BALLINACOR,FUZZY,82,PENDING
TEMPLEMICHAEL,TEMPLEMICHAEL,wicklow-census-data.csv,,NO_MATCH,0,NEEDS_REVIEW
carrickgatter,CARRICKGATTER,aggregated_records.csv,,NO_MATCH,0,NEEDS_REVIEW
RATHDANGAN,RATHDANGAN,wicklow-census-data.csv,,NO_MATCH,0,NEEDS_REVIEW
ballytuskist,BALLYTUSKIST,aggregated_records.csv,,NO_MATCH,0,NEEDS_REVIEW
Tomcoyle and Preban,TOMCOYLE AND PREBAN,"aggregated_records.csv, tenancies.csv",,NO_MATCH,0,NEEDS_REVIEW
coolfancey,COOLFANCEY,aggregated_records.csv,COOLAFANCY,FUZZY,90,PENDING
Lugduff,LUGDUFF,"aggregated_records.csv, tenancies.csv",Lugduff,EXACT,100,APPROVED
KILBRIDE (Arklow By),KILBRIDE (ARKLOW BY),wicklow-census-data.csv,,NO_MATCH,0,NEEDS_REVIEW
TOTAL OF BARONY,TOTAL OF BARONY,wicklow-census-data.csv,,NO_MATCH,0,NEEDS_REVIEW
DRUMMIN WEST,DRUMMIN WEST,wicklow-census-data.csv,,NO_MATCH,0,NEEDS_REVIEW
moteybower,MOTEYBOWER,aggregated_records.csv,MOTABOWER,FUZZY,84,PENDING
sleaghrool,SLEAGHROOL,aggregated_records.csv,,NO_MATCH,0,NEEDS_REVIEW
MANGER,MANGER,wicklow-census-data.csv,,NO_MATCH,0,NEEDS_REVIEW
Tomnaskela,TOMNASKELA,aggregated_records.csv,Tomnaskela,EXACT,100,APPROVED
CASTLEQUARTER,CASTLEQUARTER,wicklow-census-data.csv,,NO_MATCH,0,NEEDS_REVIEW
BUSHFIELD,BUSHFIELD,wicklow-census-data.csv,,NO_MATCH,0,NEEDS_REVIEW
BALLYMERRIGAN,BALLYMERRIGAN,wicklow-census-data.csv,,NO_MATCH,0,NEEDS_REVIEW
BALLYNURE,BALLYNURE,wicklow-census-data.csv,,NO_MATCH,0,NEEDS_REVIEW
CANNOW MOUNTAIN,CANNOW MOUNTAIN,wicklow-census-data.csv,,NO_MATCH,0,NEEDS_REVIEW
COOLGARROW,COOLGARROW,wicklow-census-data.csv,,NO_MATCH,0,NEEDS_REVIEW
TIGLIN (ED Newcastle Lower),TIGLIN (ED NEWCASTLE LOWER),wicklow-census-data.csv,,NO_MATCH,0,NEEDS_REVIEW
WOODSTOCK DEMESNE,WOODSTOCK DEMESNE,wicklow-census-data.csv,,NO_MATCH,0,NEEDS_REVIEW
IRONGRANGE LOWER,IRONGRANGE LOWER,wicklow-census-data.csv,,NO_MATCH,0,NEEDS_REVIEW
boleynakill,BOLEYNAKILL,aggregated_records.csv,,NO_MATCH,0,NEEDS_REVIEW
CRONYBYRNE DEMESNE,CRONYBYRNE DEMESNE,wicklow-census-data.csv,,NO_MATCH,0,NEEDS_REVIEW
Carnane,CARNANE,aggregated_records.csv,,NO_MATCH,0,NEEDS_REVIEW
[Farnees struck out] Corravanish,[FARNEES STRUCK OUT] CORRAVANISH,"aggregated_records.csv, tenancies.csv",,NO_MATCH,0,NEEDS_REVIEW
raheenteige,RAHEENTEIGE,aggregated_records.csv,raheenteige,EXACT,100,APPROVED
corravanish,CORRAVANISH,aggregated_records.csv,CURRAVANISH,FUZZY,91,PENDING
rathingeaney,RATHINGEANEY,aggregated_records.csv,,NO_MATCH,0,NEEDS_REVIEW
Gorteen,GORTEEN,"aggregated_records.csv, tenancies.csv",Gorteen,EXACT,100,APPROVED
CORPORATION LANDS,CORPORATION LANDS,wicklow-census-data.csv,,NO_MATCH,0,NEEDS_REVIEW
KILLOUGHTER,KILLOUGHTER,wicklow-census-data.csv,,NO_MATCH,0,NEEDS_REVIEW
jigginstown,JIGGINSTOWN,aggregated_records.csv,,NO_MATCH,0,NEEDS_REVIEW
corballis,CORBALLIS,aggregated_records.csv,,NO_MATCH,0,NEEDS_REVIEW
ballard and crone,BALLARD AND CRONE,aggregated_records.csv,,NO_MATCH,0,NEEDS_REVIEW
Newry,NEWRY,"aggregated_records.csv, tenancies.csv",Newry,EXACT,100,APPROVED
Coollattin &  Cronyhorn,COOLLATTIN &  CRONYHORN,tenancies.csv,,NO_MATCH,0,NEEDS_REVIEW
NEWRATH,NEWRATH,wicklow-census-data.csv,,NO_MATCH,0,NEEDS_REVIEW
newcastle,NEWCASTLE,aggregated_records.csv,,NO_MATCH,0,NEEDS_REVIEW
Parkmore,PARKMORE,"aggregated_records.csv, tenancies.csv",Parkmore,EXACT,100,APPROVED
BALLINTOMBAY LOWER,BALLINTOMBAY LOWER,wicklow-census-data.csv,,NO_MATCH,0,NEEDS_REVIEW
BOLLARNEY MURRAGH,BOLLARNEY MURRAGH,wicklow-census-data.csv,,NO_MATCH,0,NEEDS_REVIEW
CORNAGOWER WEST,CORNAGOWER WEST,wicklow-census-data.csv,,NO_MATCH,0,NEEDS_REVIEW
KNOCKNAMOHILL,KNOCKNAMOHILL,wicklow-census-data.csv,,NO_MATCH,0,NEEDS_REVIEW
DUNBUR HEAD,DUNBUR HEAD,wicklow-census-data.csv,,NO_MATCH,0,NEEDS_REVIEW
TULFARRIS,TULFARRIS,wicklow-census-data.csv,,NO_MATCH,0,NEEDS_REVIEW
balycumber,BALYCUMBER,aggregated_records.csv,,NO_MATCH,0,NEEDS_REVIEW
RATHMOON,RATHMOON,wicklow-census-data.csv,,NO_MATCH,0,NEEDS_REVIEW
carrickgaltor,CARRICKGALTOR,aggregated_records.csv,,NO_MATCH,0,NEEDS_REVIEW
PREBAN,PREBAN,"unified_census.csv, wicklow-census-data.csv",PREBAN,EXACT,100,APPROVED
WALTERSTOWN,WALTERSTOWN,wicklow-census-data.csv,,NO_MATCH,0,NEEDS_REVIEW
TOBER LOWER,TOBER LOWER,wicklow-census-data.csv,,NO_MATCH,0,NEEDS_REVIEW
merrymeeting and knockrobhan,MERRYMEETING AND KNOCKROBHAN,aggregated_records.csv,,NO_MATCH,0,NEEDS_REVIEW
LUGGLASS LOWER,LUGGLASS LOWER,wicklow-census-data.csv,,NO_MATCH,0,NEEDS_REVIEW
bolarney,BOLARNEY,aggregated_records.csv,,NO_MATCH,0,NEEDS_REVIEW
boley,BOLEY,aggregated_records.csv,boley,EXACT,100,APPROVED
Wicklow & Ballinerrin,WICKLOW & BALLINERRIN,"aggregated_records.csv, tenancies.csv",,NO_MATCH,0,NEEDS_REVIEW
BALLYLAFFIN,BALLYLAFFIN,wicklow-census-data.csv,,NO_MATCH,0,NEEDS_REVIEW
tombreen,TOMBREEN,aggregated_records.csv,tombreen,EXACT,100,APPROVED
MACREDDIN WEST,MACREDDIN WEST,wicklow-census-data.csv,,NO_MATCH,0,NEEDS_REVIEW
DERRYNAMUCK,DERRYNAMUCK,wicklow-census-data.csv,,NO_MATCH,0,NEEDS_REVIEW
Ballybegg and Garryhow,BALLYBEGG AND GARRYHOW,"aggregated_records.csv, tenancies.csv",,NO_MATCH,0,NEEDS_REVIEW
BALLYLUSK,BALLYLUSK,wicklow-census-data.csv,,NO_MATCH,0,NEEDS_REVIEW
CARNEW T,CARNEW T,wicklow-census-data.csv,CARNEW,FUZZY,86,PENDING
Coolilugg,COOLILUGG,aggregated_records.csv,COOLALUG,FUZZY,82,PENDING
balllygannon and knockadozen,BALLLYGANNON AND KNOCKADOZEN,aggregated_records.csv,,NO_MATCH,0,NEEDS_REVIEW
RATHGORRAGH UPPER,RATHGORRAGH UPPER,wicklow-census-data.csv,,NO_MATCH,0,NEEDS_REVIEW
Bridgeland,BRIDGELAND,"aggregated_records.csv, tenancies.csv",Bridgeland,EXACT,100,APPROVED
BALLYHUBBOCK LOWER,BALLYHUBBOCK LOWER,wicklow-census-data.csv,,NO_MATCH,0,NEEDS_REVIEW
Kileaven,KILEAVEN,"aggregated_records.csv, tenancies.csv",KILLAVENY,FUZZY,82,PENDING
RATHDUFFMORE,RATHDUFFMORE,wicklow-census-data.csv,,NO_MATCH,0,NEEDS_REVIEW
Carrickacrow,CARRICKACROW,"aggregated_records.csv, tenancies.csv",,NO_MATCH,0,NEEDS_REVIEW
coollattin cronyhorn,COOLLATTIN CRONYHORN,aggregated_records.csv,,NO_MATCH,0,NEEDS_REVIEW
coolroe,COOLROE,aggregated_records.csv,coolroe,EXACT,100,APPROVED
Corandogg,CORANDOGG,"aggregated_records.csv, tenancies.csv",CORNDOG,FUZZY,88,PENDING
Garryhoe (sic),GARRYHOE (SIC),"aggregated_records.csv, tenancies.csv",,NO_MATCH,0,NEEDS_REVIEW
NEWBAWN,NEWBAWN,wicklow-census-data.csv,,NO_MATCH,0,NEEDS_REVIEW
BALLYKEAN (Stringer),BALLYKEAN (STRINGER),wicklow-census-data.csv,,NO_MATCH,0,NEEDS_REVIEW
Glenphillipeen,GLENPHILLIPEEN,"aggregated_records.csv, tenancies.csv",GLENPHILIPEEN,FUZZY,96,PENDING
MUCKDUFF LOWER,MUCKDUFF LOWER,wicklow-census-data.csv,,NO_MATCH,0,NEEDS_REVIEW
KILMACOO UPPER,KILMACOO UPPER,wicklow-census-data.csv,,NO_MATCH,0,NEEDS_REVIEW
drumdangan,DRUMDANGAN,aggregated_records.csv,,NO_MATCH,0,NEEDS_REVIEW
Towerboy & Ballenguile,TOWERBOY & BALLENGUILE,"aggregated_records.csv, tenancies.csv",,NO_MATCH,0,NEEDS_REVIEW
UMRYGAR,UMRYGAR,"unified_census.csv, wicklow-census-data.csv",UMRYGAR,EXACT,100,APPROVED
coolnafinogue,COOLNAFINOGUE,aggregated_records.csv,,NO_MATCH,0,NEEDS_REVIEW
Ballycumber North,BALLYCUMBER NORTH,"aggregated_records.csv, tenancies.csv",Ballycumber North,EXACT,100,APPROVED
CORPORATION LAND 2ND DIVISION,CORPORATION LAND 2ND DIVISION,wicklow-census-data.csv,,NO_MATCH,0,NEEDS_REVIEW
BALLYREMON COMMONS,BALLYREMON COMMONS,wicklow-census-data.csv,,NO_MATCH,0,NEEDS_REVIEW
barnacashel,BARNACASHEL,aggregated_records.csv,barnacashel,EXACT,100,APPROVED
KNOCKAQUIRK,KNOCKAQUIRK,wicklow-census-data.csv,,NO_MATCH,0,NEEDS_REVIEW
coalkenna,COALKENNA,aggregated_records.csv,COOLKENNA,FUZZY,89,PENDING
GRANABEG LOWER,GRANABEG LOWER,wicklow-census-data.csv,,NO_MATCH,0,NEEDS_REVIEW
Merrymeeting,MERRYMEETING,"aggregated_records.csv, tenancies.csv",,NO_MATCH,0,NEEDS_REVIEW
Coonaranick?,COONARANICK?,aggregated_records.csv,,NO_MATCH,0,NEEDS_REVIEW
Seskin,SESKIN,"aggregated_records.csv, tenancies.csv",Seskin,EXACT,100,APPROVED
Larragh,LARRAGH,aggregated_records.csv,LARAGH,FUZZY,92,PENDING
Rathnakill,RATHNAKILL,aggregated_records.csv,,NO_MATCH,0,NEEDS_REVIEW
MONALIN,MONALIN,wicklow-census-data.csv,,NO_MATCH,0,NEEDS_REVIEW
Money Upper,MONEY UPPER,"aggregated_records.csv, tenancies.csv",Money Upper,EXACT,100,APPROVED
coolalugg,COOLALUGG,aggregated_records.csv,COOLALUG,FUZZY,94,PENDING
wingrove boleynakells,WINGROVE BOLEYNAKELLS,aggregated_records.csv,,NO_MATCH,0,NEEDS_REVIEW
BOLEYCARRIGEEN,BOLEYCARRIGEEN,wicklow-census-data.csv,,NO_MATCH,0,NEEDS_REVIEW
LATHALEERE,LATHALEERE,wicklow-census-data.csv,,NO_MATCH,0,NEEDS_REVIEW
dunburr,DUNBURR,aggregated_records.csv,,NO_MATCH,0,NEEDS_REVIEW
BALLYBLA,BALLYBLA,wicklow-census-data.csv,,NO_MATCH,0,NEEDS_REVIEW
KILCOAGH WEST,KILCOAGH WEST,wicklow-census-data.csv,,NO_MATCH,0,NEEDS_REVIEW
BALLYMORRIS UPPER,BALLYMORRIS UPPER,wicklow-census-data.csv,,NO_MATCH,0,NEEDS_REVIEW
DEERPARK (ED Coolattin),DEERPARK (ED COOLATTIN),wicklow-census-data.csv,,NO_MATCH,0,NEEDS_REVIEW
BALLINALEA,BALLINALEA,wicklow-census-data.csv,BALLINGLEN,FUZZY,80,PENDING
COOLMONEY,COOLMONEY,wicklow-census-data.csv,,NO_MATCH,0,NEEDS_REVIEW
Tomcoglen and Preban,TOMCOGLEN AND PREBAN,"aggregated_records.csv, tenancies.csv",,NO_MATCH,0,NEEDS_REVIEW
dunban,DUNBAN,aggregated_records.csv,,NO_MATCH,0,NEEDS_REVIEW
COURTFOYLE,COURTFOYLE,wicklow-census-data.csv,,NO_MATCH,0,NEEDS_REVIEW
BALLYFOLAN,BALLYFOLAN,wicklow-census-data.csv,,NO_MATCH,0,NEEDS_REVIEW
ballygannon knockadozen,BALLYGANNON KNOCKADOZEN,aggregated_records.csv,,NO_MATCH,0,NEEDS_REVIEW
Ardoyne,ARDOYNE,"aggregated_records.csv, tenancies.csv",Ardoyne,EXACT,100,APPROVED
MAGHERAMORE,MAGHERAMORE,wicklow-census-data.csv,,NO_MATCH,0,NEEDS_REVIEW
BALLYKILMURRY UPPER,BALLYKILMURRY UPPER,wicklow-census-data.csv,,NO_MATCH,0,NEEDS_REVIEW
GRANGECON ROCKS,GRANGECON ROCKS,wicklow-census-data.csv,,NO_MATCH,0,NEEDS_REVIEW
wicklow town,WICKLOW TOWN,aggregated_records.csv,,NO_MATCH,0,NEEDS_REVIEW
NEWRY,NEWRY,"unified_census.csv, wicklow-census-data.csv",NEWRY,EXACT,100,APPROVED
Kilpipe + Tomnaskela,KILPIPE + TOMNASKELA,aggregated_records.csv,,NO_MATCH,0,NEEDS_REVIEW
rasnastraw sic,RASNASTRAW SIC,aggregated_records.csv,,NO_MATCH,0,NEEDS_REVIEW
CROSSOGE,CROSSOGE,wicklow-census-data.csv,,NO_MATCH,0,NEEDS_REVIEW
garryhoe sic,GARRYHOE SIC,aggregated_records.csv,GARRYHOE,FUZZY,80,PENDING
BONABROCKA,BONABROCKA,wicklow-census-data.csv,,NO_MATCH,0,NEEDS_REVIEW
CARRIGNAMUCK,CARRIGNAMUCK,wicklow-census-data.csv,,NO_MATCH,0,NEEDS_REVIEW
tinahealy and lugduff,TINAHEALY AND LUGDUFF,aggregated_records.csv,,NO_MATCH,0,NEEDS_REVIEW
BALLYSALLAGH EAST,BALLYSALLAGH EAST,wicklow-census-data.csv,,NO_MATCH,0,NEEDS_REVIEW
coolkenno,COOLKENNO,aggregated_records.csv,COOLKENNA,FUZZY,89,PENDING
SEVENCHURCHES or CAMADERRY,SEVENCHURCHES OR CAMADERRY,wicklow-census-data.csv,,NO_MATCH,0,NEEDS_REVIEW
ENNISKERRY,ENNISKERRY,wicklow-census-data.csv,,NO_MATCH,0,NEEDS_REVIEW
ROSCATH,ROSCATH,wicklow-census-data.csv,,NO_MATCH,0,NEEDS_REVIEW
kilguiggin,KILGUIGGIN,aggregated_records.csv,KILQUIGGIN,FUZZY,90,PENDING
Liscolman,LISCOLMAN,"aggregated_records.csv, tenancies.csv",Liscolman,EXACT,100,APPROVED
KILLISKEY,KILLISKEY,wicklow-census-data.csv,,NO_MATCH,0,NEEDS_REVIEW
DONARD UPPER,DONARD UPPER,wicklow-census-data.csv,,NO_MATCH,0,NEEDS_REVIEW
GOLDENHILL,GOLDENHILL,wicklow-census-data.csv,,NO_MATCH,0,NEEDS_REVIEW
BALLYMORRIS,BALLYMORRIS,wicklow-census-data.csv,,NO_MATCH,0,NEEDS_REVIEW
BALLYRUSH,BALLYRUSH,wicklow-census-data.csv,,NO_MATCH,0,NEEDS_REVIEW
BREAGURA,BREAGURA,wicklow-census-data.csv,,NO_MATCH,0,NEEDS_REVIEW
RATHDUFFBEG,RATHDUFFBEG,wicklow-census-data.csv,,NO_MATCH,0,NEEDS_REVIEW
Money Lower,MONEY LOWER,"aggregated_records.csv, tenancies.csv",Money Lower,EXACT,100,APPROVED
BALLYNAGRAN (ED Dunganstown East),BALLYNAGRAN (ED DUNGANSTOWN EAST),wicklow-census-data.csv,,NO_MATCH,0,NEEDS_REVIEW
urrigan,URRIGAN,aggregated_records.csv,,NO_MATCH,0,NEEDS_REVIEW
BALLYCAPPLE HILL,BALLYCAPPLE HILL,wicklow-census-data.csv,,NO_MATCH,0,NEEDS_REVIEW
Slaney,SLANEY,aggregated_records.csv,,NO_MATCH,0,NEEDS_REVIEW
ballynerrin,BALLYNERRIN,aggregated_records.csv,,NO_MATCH,0,NEEDS_REVIEW
park and drumlin,PARK AND DRUMLIN,aggregated_records.csv,,NO_MATCH,0,NEEDS_REVIEW
RATHCOYLE UPPER,RATHCOYLE UPPER,"unified_census.csv, wicklow-census-data.csv",RATHCOYLE UPPER,EXACT,100,APPROVED
KILCASHEL,KILCASHEL,wicklow-census-data.csv,,NO_MATCH,0,NEEDS_REVIEW
Killibegs,KILLIBEGS,aggregated_records.csv,KILLABEG,FUZZY,82,PENDING
BLACKDITCHES LOWER,BLACKDITCHES LOWER,wicklow-census-data.csv,,NO_MATCH,0,NEEDS_REVIEW
Tubberconagh,TUBBERCONAGH,aggregated_records.csv,,NO_MATCH,0,NEEDS_REVIEW
BALLYDONAREA,BALLYDONAREA,wicklow-census-data.csv,,NO_MATCH,0,NEEDS_REVIEW
Boleynakill & Barrenbawn,BOLEYNAKILL & BARRENBAWN,aggregated_records.csv,,NO_MATCH,0,NEEDS_REVIEW
CRANAGH,CRANAGH,wicklow-census-data.csv,,NO_MATCH,0,NEEDS_REVIEW
KELSHAMORE,KELSHAMORE,wicklow-census-data.csv,,NO_MATCH,0,NEEDS_REVIEW
CLARA MORE,CLARA MORE,wicklow-census-data.csv,,NO_MATCH,0,NEEDS_REVIEW
SHEEANABEG (Whaley),SHEEANABEG (WHALEY),wicklow-census-data.csv,,NO_MATCH,0,NEEDS_REVIEW
Deerpark,DEERPARK,"aggregated_records.csv, tenancies.csv",Deerpark,EXACT,100,APPROVED
TOBERLOWNAGH,TOBERLOWNAGH,"unified_census.csv, wicklow-census-data.csv",TOBERLOWNAGH,EXACT,100,APPROVED
LEAMORE UPPER,LEAMORE UPPER,wicklow-census-data.csv,,NO_MATCH,0,NEEDS_REVIEW
KILCARRA EAST,KILCARRA EAST,wicklow-census-data.csv,,NO_MATCH,0,NEEDS_REVIEW
Ballinicionogue,BALLINICIONOGUE,aggregated_records.csv,,NO_MATCH,0,NEEDS_REVIEW
CARRIG,CARRIG,wicklow-census-data.csv,CARRIGROE,FUZZY,80,PENDING
BALLYHAD LOWER,BALLYHAD LOWER,wicklow-census-data.csv,,NO_MATCH,0,NEEDS_REVIEW
BORKILL BEG,BORKILL BEG,wicklow-census-data.csv,,NO_MATCH,0,NEEDS_REVIEW
toberlownagh,TOBERLOWNAGH,aggregated_records.csv,toberlownagh,EXACT,100,APPROVED
RATHCOYLE LOWER,RATHCOYLE LOWER,"unified_census.csv, wicklow-census-data.csv",RATHCOYLE LOWER,EXACT,100,APPROVED
COOLAKAY,COOLAKAY,wicklow-census-data.csv,,NO_MATCH,0,NEEDS_REVIEW
LOBAWN,LOBAWN,wicklow-census-data.csv,,NO_MATCH,0,NEEDS_REVIEW
Poullingate,POULLINGATE,"aggregated_records.csv, tenancies.csv",,NO_MATCH,0,NEEDS_REVIEW
minmore at rathnakill,MINMORE AT RATHNAKILL,aggregated_records.csv,,NO_MATCH,0,NEEDS_REVIEW
BALLYBEG,BALLYBEG,"unified_census.csv, wicklow-census-data.csv",BALLYBEG,EXACT,100,APPROVED
minmore,MINMORE,aggregated_records.csv,minmore,EXACT,100,APPROVED
Tinahaley and Ballinacorby,TINAHALEY AND BALLINACORBY,"aggregated_records.csv, tenancies.csv",,NO_MATCH,0,NEEDS_REVIEW
SANDYHILLS,SANDYHILLS,wicklow-census-data.csv,,NO_MATCH,0,NEEDS_REVIEW
Corandagg,CORANDAGG,"aggregated_records.csv, tenancies.csv",,NO_MATCH,0,NEEDS_REVIEW
Knockadoomcoyle Park,KNOCKADOOMCOYLE PARK,aggregated_records.csv,,NO_MATCH,0,NEEDS_REVIEW
HEMPSTOWN,HEMPSTOWN,wicklow-census-data.csv,,NO_MATCH,0,NEEDS_REVIEW
LOCKSTOWN LOWER,LOCKSTOWN LOWER,wicklow-census-data.csv,,NO_MATCH,0,NEEDS_REVIEW
crone,CRONE,aggregated_records.csv,crone,EXACT,100,APPROVED
Mehassy and  Ballinaurly ?,MEHASSY AND  BALLINAURLY ?,tenancies.csv,,NO_MATCH,0,NEEDS_REVIEW
Killinane,KILLINANE,"aggregated_records.csv, tenancies.csv",,NO_MATCH,0,NEEDS_REVIEW
Tinahely and Lugduff,TINAHELY AND LUGDUFF,aggregated_records.csv,,NO_MATCH,0,NEEDS_REVIEW
STILEBAWN,STILEBAWN,wicklow-census-data.csv,,NO_MATCH,0,NEEDS_REVIEW
tomacork,TOMACORK,aggregated_records.csv,tomacork,EXACT,100,APPROVED
coolhanica,COOLHANICA,aggregated_records.csv,,NO_MATCH,0,NEEDS_REVIEW
Kilaveny,KILAVENY,"aggregated_records.csv, tenancies.csv",KILLAVENY,FUZZY,94,PENDING
monaphullen,MONAPHULLEN,aggregated_records.csv,,NO_MATCH,0,NEEDS_REVIEW
ROSAHANE,ROSAHANE,wicklow-census-data.csv,ROSBANE,FUZZY,80,PENDING
SPINANS HILL,SPINANS HILL,wicklow-census-data.csv,,NO_MATCH,0,NEEDS_REVIEW
toberpatrick,TOBERPATRICK,aggregated_records.csv,toberpatrick,EXACT,100,APPROVED
CLOGH LOWER,CLOGH LOWER,wicklow-census-data.csv,,NO_MATCH,0,NEEDS_REVIEW
Ballinglen,BALLINGLEN,"aggregated_records.csv, tenancies.csv",Ballinglen,EXACT,100,APPROVED
TINODE,TINODE,wicklow-census-data.csv,,NO_MATCH,0,NEEDS_REVIEW
molonaskey,MOLONASKEY,aggregated_records.csv,,NO_MATCH,0,NEEDS_REVIEW
BALLINTESKIN,BALLINTESKIN,wicklow-census-data.csv,,NO_MATCH,0,NEEDS_REVIEW
BALLINGUILE,BALLINGUILE,"unified_census.csv, wicklow-census-data.csv",BALLINGUILE,EXACT,100,APPROVED
BALLINTRUER BEG,BALLINTRUER BEG,wicklow-census-data.csv,,NO_MATCH,0,NEEDS_REVIEW
POWERSCOURT MOUNTAIN,POWERSCOURT MOUNTAIN,wicklow-census-data.csv,,NO_MATCH,0,NEEDS_REVIEW
WICKLOW,WICKLOW,wicklow-census-data.csv,,NO_MATCH,0,NEEDS_REVIEW
bridgeland,BRIDGELAND,aggregated_records.csv,bridgeland,EXACT,100,APPROVED
ballynagran,BALLYNAGRAN,aggregated_records.csv,,NO_MATCH,0,NEEDS_REVIEW
Ballyraphine and Newtown,BALLYRAPHINE AND NEWTOWN,"aggregated_records.csv, tenancies.csv",,NO_MATCH,0,NEEDS_REVIEW
mehassy,MEHASSY,aggregated_records.csv,,NO_MATCH,0,NEEDS_REVIEW
ballyvolen sic,BALLYVOLEN SIC,aggregated_records.csv,,NO_MATCH,0,NEEDS_REVIEW
Rashunnore,RASHUNNORE,"aggregated_records.csv, tenancies.csv",,NO_MATCH,0,NEEDS_REVIEW
ballyshonog,BALLYSHONOG,aggregated_records.csv,ballyshonog,EXACT,100,APPROVED
Burkeen,BURKEEN,"aggregated_records.csv, tenancies.csv",,NO_MATCH,0,NEEDS_REVIEW
MONEYTEIGE SOUTH,MONEYTEIGE SOUTH,wicklow-census-data.csv,,NO_MATCH,0,NEEDS_REVIEW
MANOFWAR,MANOFWAR,wicklow-census-data.csv,,NO_MATCH,0,NEEDS_REVIEW
drumdangan rahana,DRUMDANGAN RAHANA,aggregated_records.csv,,NO_MATCH,0,NEEDS_REVIEW
KILQUIGGIN,KILQUIGGIN,"unified_census.csv, wicklow-census-data.csv",KILQUIGGIN,EXACT,100,APPROVED
KILPOOLE UPPER,KILPOOLE UPPER,wicklow-census-data.csv,,NO_MATCH,0,NEEDS_REVIEW
corndog,CORNDOG,aggregated_records.csv,corndog,EXACT,100,APPROVED
SHEEANA MORE,SHEEANA MORE,wicklow-census-data.csv,,NO_MATCH,0,NEEDS_REVIEW
HOLLYBROOK,HOLLYBROOK,wicklow-census-data.csv,,NO_MATCH,0,NEEDS_REVIEW
BALLYGAHAN UPPER,BALLYGAHAN UPPER,wicklow-census-data.csv,,NO_MATCH,0,NEEDS_REVIEW
banonbawn,BANONBAWN,aggregated_records.csv,,NO_MATCH,0,NEEDS_REVIEW
BALLYGANNON BEG,BALLYGANNON BEG,wicklow-census-data.csv,,NO_MATCH,0,NEEDS_REVIEW
BYRNESHILL,BYRNESHILL,wicklow-census-data.csv,,NO_MATCH,0,NEEDS_REVIEW
LEMONSTOWN,LEMONSTOWN,wicklow-census-data.csv,,NO_MATCH,0,NEEDS_REVIEW
kyle struck out ballycumber,KYLE STRUCK OUT BALLYCUMBER,aggregated_records.csv,,NO_MATCH,0,NEEDS_REVIEW
COOLALUG,COOLALUG,"unified_census.csv, wicklow-census-data.csv",COOLALUG,EXACT,100,APPROVED
Coolalug,COOLALUG,"aggregated_records.csv, tenancies.csv",Coolalug,EXACT,100,APPROVED
ROTTENHILL,ROTTENHILL,wicklow-census-data.csv,,NO_MATCH,0,NEEDS_REVIEW
GRIFFINSTOWN HILL,GRIFFINSTOWN HILL,wicklow-census-data.csv,,NO_MATCH,0,NEEDS_REVIEW
RATHATTIN,RATHATTIN,wicklow-census-data.csv,,NO_MATCH,0,NEEDS_REVIEW
rathcoyle upper,RATHCOYLE UPPER,aggregated_records.csv,rathcoyle upper,EXACT,100,APPROVED
BALLYKEAN (Annesley),BALLYKEAN (ANNESLEY),wicklow-census-data.csv,,NO_MATCH,0,NEEDS_REVIEW
Rathingraney,RATHINGRANEY,"aggregated_records.csv, tenancies.csv",RAHEENGRANEY,FUZZY,83,PENDING
KILTEGAN,KILTEGAN,wicklow-census-data.csv,,NO_MATCH,0,NEEDS_REVIEW
BALLINCLEA,BALLINCLEA,wicklow-census-data.csv,BALLINGLEN,FUZZY,80,PENDING
melitia,MELITIA,aggregated_records.csv,,NO_MATCH,0,NEEDS_REVIEW
Drumin,DRUMIN,"aggregated_records.csv, tenancies.csv",DRUMMIN,FUZZY,92,PENDING
raheengraney,RAHEENGRANEY,aggregated_records.csv,raheengraney,EXACT,100,APPROVED
CONNARY LOWER,CONNARY LOWER,wicklow-census-data.csv,,NO_MATCH,0,NEEDS_REVIEW
Rathdrum,RATHDRUM,"aggregated_records.csv, tenancies.csv",,NO_MATCH,0,NEEDS_REVIEW
GLENCAP COMMONS UPPER,GLENCAP COMMONS UPPER,wicklow-census-data.csv,,NO_MATCH,0,NEEDS_REVIEW
FREYNESTOWNHILL,FREYNESTOWNHILL,wicklow-census-data.csv,,NO_MATCH,0,NEEDS_REVIEW
liscolman,LISCOLMAN,aggregated_records.csv,liscolman,EXACT,100,APPROVED
Stranakelly,STRANAKELLY,"aggregated_records.csv, tenancies.csv",Stranakelly,EXACT,100,APPROVED
BARAVORE,BARAVORE,wicklow-census-data.csv,,NO_MATCH,0,NEEDS_REVIEW
TOORBOY,TOORBOY,"unified_census.csv, wicklow-census-data.csv",TOORBOY,EXACT,100,APPROVED
TOGHER BEG,TOGHER BEG,wicklow-census-data.csv,,NO_MATCH,0,NEEDS_REVIEW
tinahely lugduffe,TINAHELY LUGDUFFE,aggregated_records.csv,,NO_MATCH,0,NEEDS_REVIEW
Balyconnell,BALYCONNELL,"aggregated_records.csv, tenancies.csv",BALLYCONNELL,FUZZY,96,PENDING
DO FEVER HOSPITAL,DO FEVER HOSPITAL,wicklow-census-data.csv,,NO_MATCH,0,NEEDS_REVIEW
NEWCASTLE UPPER,NEWCASTLE UPPER,wicklow-census-data.csv,,NO_MATCH,0,NEEDS_REVIEW
MONAGLOGH,MONAGLOGH,wicklow-census-data.csv,,NO_MATCH,0,NEEDS_REVIEW
BALLINACORBEG,BALLINACORBEG,wicklow-census-data.csv,BALLINACOR,FUZZY,87,PENDING
kileavan upper,KILEAVAN UPPER,aggregated_records.csv,KILCAVAN UPPER,FUZZY,93,PENDING
BALLINAHINCH (ED Newcastle Upper),BALLINAHINCH (ED NEWCASTLE UPPER),wicklow-census-data.csv,,NO_MATCH,0,NEEDS_REVIEW
GREYSTONES T,GREYSTONES T,wicklow-census-data.csv,,NO_MATCH,0,NEEDS_REVIEW
Ballinulton,BALLINULTON,"aggregated_records.csv, tenancies.csv",,NO_MATCH,0,NEEDS_REVIEW
INCHANAPPA NORTH,INCHANAPPA NORTH,wicklow-census-data.csv,,NO_MATCH,0,NEEDS_REVIEW
Rosnastraw,ROSNASTRAW,"aggregated_records.csv, tenancies.csv",Rosnastraw,EXACT,100,APPROVED
KILMANOGE,KILMANOGE,wicklow-census-data.csv,,NO_MATCH,0,NEEDS_REVIEW
Knocknaboly,KNOCKNABOLY,"aggregated_records.csv, tenancies.csv",KNOCKNABOLEY,FUZZY,96,PENDING
MEREPARK,MEREPARK,wicklow-census-data.csv,,NO_MATCH,0,NEEDS_REVIEW
BALLYNAMONA,BALLYNAMONA,wicklow-census-data.csv,,NO_MATCH,0,NEEDS_REVIEW
SPINANS WEST,SPINANS WEST,wicklow-census-data.csv,,NO_MATCH,0,NEEDS_REVIEW
Urrigain & Carnew,URRIGAIN & CARNEW,aggregated_records.csv,,NO_MATCH,0,NEEDS_REVIEW
park alias drumin,PARK ALIAS DRUMIN,aggregated_records.csv,,NO_MATCH,0,NEEDS_REVIEW
HAWKSTOWN UPPER,HAWKSTOWN UPPER,wicklow-census-data.csv,,NO_MATCH,0,NEEDS_REVIEW
BALLYKEAN (Penrose),BALLYKEAN (PENROSE),wicklow-census-data.csv,,NO_MATCH,0,NEEDS_REVIEW
rashunnore,RASHUNNORE,aggregated_records.csv,,NO_MATCH,0,NEEDS_REVIEW
TINAKELLY MURRAGH,TINAKELLY MURRAGH,wicklow-census-data.csv,,NO_MATCH,0,NEEDS_REVIEW
Ballyconnell,BALLYCONNELL,"aggregated_records.csv, tenancies.csv",Ballyconnell,EXACT,100,APPROVED
BALLINRUSH,BALLINRUSH,wicklow-census-data.csv,,NO_MATCH,0,NEEDS_REVIEW
Towerboy & Ballinguole,TOWERBOY & BALLINGUOLE,aggregated_records.csv,,NO_MATCH,0,NEEDS_REVIEW
Monaghullen,MONAGHULLEN,"aggregated_records.csv, tenancies.csv",,NO_MATCH,0,NEEDS_REVIEW
BALLINACOOLEY,BALLINACOOLEY,wicklow-census-data.csv,,NO_MATCH,0,NEEDS_REVIEW
Kilballyowen Rathdrum,KILBALLYOWEN RATHDRUM,aggregated_records.csv,,NO_MATCH,0,NEEDS_REVIEW
tomacork in lease,TOMACORK IN LEASE,aggregated_records.csv,,NO_MATCH,0,NEEDS_REVIEW
BALLINASILLOGE,BALLINASILLOGE,wicklow-census-data.csv,,NO_MATCH,0,NEEDS_REVIEW
COOLDROSS MIDDLE,COOLDROSS MIDDLE,wicklow-census-data.csv,,NO_MATCH,0,NEEDS_REVIEW
BALLYVOLAN LOWER,BALLYVOLAN LOWER,wicklow-census-data.csv,,NO_MATCH,0,NEEDS_REVIEW
NEWPADDOCKS,NEWPADDOCKS,wicklow-census-data.csv,,NO_MATCH,0,NEEDS_REVIEW
Wicklow,WICKLOW,"aggregated_records.csv, tenancies.csv",,NO_MATCH,0,NEEDS_REVIEW
Carrigatheme,CARRIGATHEME,"aggregated_records.csv, tenancies.csv",Carrigatheme,EXACT,100,APPROVED
Knnockadoomcoyle,KNNOCKADOOMCOYLE,"aggregated_records.csv, tenancies.csv",KNOCKATOMCOYLE,FUZZY,87,PENDING
Tinahely and Coolroe,TINAHELY AND COOLROE,aggregated_records.csv,,NO_MATCH,0,NEEDS_REVIEW
PARKNASHAW,PARKNASHAW,wicklow-census-data.csv,,NO_MATCH,0,NEEDS_REVIEW
ballinacorbegrosbawn,BALLINACORBEGROSBAWN,aggregated_records.csv,,NO_MATCH,0,NEEDS_REVIEW
militia,MILITIA,aggregated_records.csv,,NO_MATCH,0,NEEDS_REVIEW
BALLYHUBBOCK UPPER,BALLYHUBBOCK UPPER,wicklow-census-data.csv,,NO_MATCH,0,NEEDS_REVIEW
SUGARLOAF,SUGARLOAF,wicklow-census-data.csv,,NO_MATCH,0,NEEDS_REVIEW
Kennystown,KENNYSTOWN,"aggregated_records.csv, tenancies.csv",Kennystown,EXACT,100,APPROVED
TIGRONEY EAST,TIGRONEY EAST,wicklow-census-data.csv,,NO_MATCH,0,NEEDS_REVIEW
KILMARTIN,KILMARTIN,wicklow-census-data.csv,,NO_MATCH,0,NEEDS_REVIEW
Rathcoyle Lower,RATHCOYLE LOWER,"aggregated_records.csv, tenancies.csv",Rathcoyle Lower,EXACT,100,APPROVED
KYLE,KYLE,"unified_census.csv, wicklow-census-data.csv",KYLE,EXACT,100,APPROVED
Tomnarkaly ???,TOMNARKALY ???,"aggregated_records.csv, tenancies.csv",,NO_MATCH,0,NEEDS_REVIEW
CURRAVANISH,CURRAVANISH,"unified_census.csv, wicklow-census-data.csv",CURRAVANISH,EXACT,100,APPROVED
ballingate lower,BALLINGATE LOWER,aggregated_records.csv,ballingate lower,EXACT,100,APPROVED
LUGDUFF,LUGDUFF,"unified_census.csv, wicklow-census-data.csv",LUGDUFF,EXACT,100,APPROVED
coolboy at hillbrook,COOLBOY AT HILLBROOK,aggregated_records.csv,,NO_MATCH,0,NEEDS_REVIEW
rathbawn,RATHBAWN,aggregated_records.csv,RATHBANE,FUZZY,88,PENDING
CLONSHANNON,CLONSHANNON,wicklow-census-data.csv,,NO_MATCH,0,NEEDS_REVIEW
coolruss park,COOLRUSS PARK,aggregated_records.csv,,NO_MATCH,0,NEEDS_REVIEW
gurteen,GURTEEN,aggregated_records.csv,GORTEEN,FUZZY,86,PENDING
GRANGECON DEMESNE,GRANGECON DEMESNE,wicklow-census-data.csv,,NO_MATCH,0,NEEDS_REVIEW
knnockadoomcoyle,KNNOCKADOOMCOYLE,aggregated_records.csv,KNOCKATOMCOYLE,FUZZY,87,PENDING
BARONSTOWN LOWER,BARONSTOWN LOWER,wicklow-census-data.csv,,NO_MATCH,0,NEEDS_REVIEW
STUDFIELD SOUTH,STUDFIELD SOUTH,wicklow-census-data.csv,,NO_MATCH,0,NEEDS_REVIEW
TOTAL,TOTAL,wicklow-census-data.csv,,NO_MATCH,0,NEEDS_REVIEW
Mangens,MANGENS,aggregated_records.csv,MANGANS,FUZZY,86,PENDING
BALLYGILLAROE,BALLYGILLAROE,wicklow-census-data.csv,,NO_MATCH,0,NEEDS_REVIEW
ballinglen,BALLINGLEN,aggregated_records.csv,ballinglen,EXACT,100,APPROVED
cronelea,CRONELEA,aggregated_records.csv,cronelea,EXACT,100,APPROVED
Askakeagh,ASKAKEAGH,"aggregated_records.csv, tenancies.csv",Askakeagh,EXACT,100,APPROVED
Ballyrolan,BALLYROLAN,"aggregated_records.csv, tenancies.csv",,NO_MATCH,0,NEEDS_REVIEW
RATHBALLYLONG,RATHBALLYLONG,wicklow-census-data.csv,,NO_MATCH,0,NEEDS_REVIEW
BALLYGARRET,BALLYGARRET,wicklow-census-data.csv,,NO_MATCH,0,NEEDS_REVIEW
Aghowle Lower,AGHOWLE LOWER,"aggregated_records.csv, tenancies.csv",Aghowle Lower,EXACT,100,APPROVED
TEMPLELYON UPPER,TEMPLELYON UPPER,wicklow-census-data.csv,,NO_MATCH,0,NEEDS_REVIEW
BALLINTOBER,BALLINTOBER,wicklow-census-data.csv,,NO_MATCH,0,NEEDS_REVIEW
Ballyvole,BALLYVOLE,aggregated_records.csv,,NO_MATCH,0,NEEDS_REVIEW
Ballykelly,BALLYKELLY,"aggregated_records.csv, tenancies.csv",Ballykelly,EXACT,100,APPROVED
MOYNE,MOYNE,"unified_census.csv, wicklow-census-data.csv",MOYNE,EXACT,100,APPROVED
ballinavortha,BALLINAVORTHA,aggregated_records.csv,BALLYNAVORTHA,FUZZY,92,PENDING
MOUNTPLEASANT,MOUNTPLEASANT,"unified_census.csv, wicklow-census-data.csv",MOUNTPLEASANT,EXACT,100,APPROVED
BALLYNULTAGH,BALLYNULTAGH,"unified_census.csv, wicklow-census-data.csv",BALLYNULTAGH,EXACT,100,APPROVED
Collattin,COLLATTIN,aggregated_records.csv,COOLATTIN,FUZZY,89,PENDING
CASTLERUDDERY UPPER,CASTLERUDDERY UPPER,wicklow-census-data.csv,,NO_MATCH,0,NEEDS_REVIEW
KILPOOLE LOWER,KILPOOLE LOWER,wicklow-census-data.csv,,NO_MATCH,0,NEEDS_REVIEW
rosbawn,ROSBAWN,aggregated_records.csv,ROSBANE,FUZZY,86,PENDING
kilpipe and coolbawn,KILPIPE AND COOLBAWN,aggregated_records.csv,,NO_MATCH,0,NEEDS_REVIEW
BLESSINGTON T,BLESSINGTON T,wicklow-census-data.csv,,NO_MATCH,0,NEEDS_REVIEW
BALLINDERRY LOWER,BALLINDERRY LOWER,wicklow-census-data.csv,,NO_MATCH,0,NEEDS_REVIEW
TOMACORK,TOMACORK,"unified_census.csv, wicklow-census-data.csv",TOMACORK,EXACT,100,APPROVED
KELSHABEG,KELSHABEG,wicklow-census-data.csv,,NO_MATCH,0,NEEDS_REVIEW
MUSKEAGH,MUSKEAGH,"unified_census.csv, wicklow-census-data.csv",MUSKEAGH,EXACT,100,APPROVED
laragh,LARAGH,aggregated_records.csv,laragh,EXACT,100,APPROVED
BLESSINGTON DEMESNE,BLESSINGTON DEMESNE,wicklow-census-data.csv,,NO_MATCH,0,NEEDS_REVIEW
lumcloon,LUMCLOON,aggregated_records.csv,lumcloon,EXACT,100,APPROVED
boleybawn,BOLEYBAWN,aggregated_records.csv,boleybawn,EXACT,100,APPROVED
ballicionague,BALLICIONAGUE,aggregated_records.csv,,NO_MATCH,0,NEEDS_REVIEW
Tomacork       (in lease),TOMACORK       (IN LEASE),tenancies.csv,,NO_MATCH,0,NEEDS_REVIEW
Rathineagh,RATHINEAGH,aggregated_records.csv,,NO_MATCH,0,NEEDS_REVIEW
KILDAY,KILDAY,wicklow-census-data.csv,,NO_MATCH,0,NEEDS_REVIEW
sleaghroe,SLEAGHROE,aggregated_records.csv,,NO_MATCH,0,NEEDS_REVIEW
killibegs,KILLIBEGS,aggregated_records.csv,KILLABEG,FUZZY,82,PENDING
Tinihaley & Coolbawn,TINIHALEY & COOLBAWN,"aggregated_records.csv, tenancies.csv",,NO_MATCH,0,NEEDS_REVIEW
RATHSHANMORE EAST,RATHSHANMORE EAST,"unified_census.csv, wicklow-census-data.csv",RATHSHANMORE EAST,EXACT,100,APPROVED
mullans,MULLANS,aggregated_records.csv,,NO_MATCH,0,NEEDS_REVIEW
park and drummin,PARK AND DRUMMIN,aggregated_records.csv,,NO_MATCH,0,NEEDS_REVIEW
TIGLIN (ED Ballycullen),TIGLIN (ED BALLYCULLEN),wicklow-census-data.csv,,NO_MATCH,0,NEEDS_REVIEW
BALLARDPARK,BALLARDPARK,wicklow-census-data.csv,,NO_MATCH,0,NEEDS_REVIEW
JOHNSTOWN LOWER,JOHNSTOWN LOWER,wicklow-census-data.csv,,NO_MATCH,0,NEEDS_REVIEW
Cronyhorn,CRONYHORN,"aggregated_records.csv, tenancies.csv",,NO_MATCH,0,NEEDS_REVIEW
Tankersley,TANKERSLEY,aggregated_records.csv,,NO_MATCH,0,NEEDS_REVIEW
Coolbawn or Coolballintaggart,COOLBAWN OR COOLBALLINTAGGART,"aggregated_records.csv, tenancies.csv",Coolbawn or Coolballintaggart,EXACT,100,APPROVED
KILBAYLET LOWER,KILBAYLET LOWER,wicklow-census-data.csv,,NO_MATCH,0,NEEDS_REVIEW
KILCARRA WEST,KILCARRA WEST,wicklow-census-data.csv,,NO_MATCH,0,NEEDS_REVIEW
Ballisland at Yewtree,BALLISLAND AT YEWTREE,aggregated_records.csv,,NO_MATCH,0,NEEDS_REVIEW
MULLANACRANNA,MULLANACRANNA,wicklow-census-data.csv,,NO_MATCH,0,NEEDS_REVIEW
SHELTON ABBEY,SHELTON ABBEY,wicklow-census-data.csv,,NO_MATCH,0,NEEDS_REVIEW
lybagh,LYBAGH,aggregated_records.csv,lybagh,EXACT,100,APPROVED
TINAHELY T,TINAHELY T,wicklow-census-data.csv,TINAHELY,FUZZY,89,PENDING
DOWNINGS,DOWNINGS,wicklow-census-data.csv,,NO_MATCH,0,NEEDS_REVIEW
Killidrumin,KILLIDRUMIN,"aggregated_records.csv, tenancies.csv",,NO_MATCH,0,NEEDS_REVIEW
Ballinguile,BALLINGUILE,"aggregated_records.csv, tenancies.csv",Ballinguile,EXACT,100,APPROVED
MULLANS SOUTH,MULLANS SOUTH,"unified_census.csv, wicklow-census-data.csv",MULLANS SOUTH,EXACT,100,APPROVED
BALLYMACAHARA,BALLYMACAHARA,wicklow-census-data.csv,,NO_MATCH,0,NEEDS_REVIEW
CURRAGHLAWN,CURRAGHLAWN,"unified_census.csv, wicklow-census-data.csv",CURRAGHLAWN,EXACT,100,APPROVED
SLEAMAINE or BALLINVALLA,SLEAMAINE OR BALLINVALLA,wicklow-census-data.csv,,NO_MATCH,0,NEEDS_REVIEW
KILL,KILL,wicklow-census-data.csv,,NO_MATCH,0,NEEDS_REVIEW
Liscoleman,LISCOLEMAN,aggregated_records.csv,LISCOLMAN,FUZZY,95,PENDING
BALLYDONAGH,BALLYDONAGH,wicklow-census-data.csv,,NO_MATCH,0,NEEDS_REVIEW
Tighlin,TIGHLIN,aggregated_records.csv,,NO_MATCH,0,NEEDS_REVIEW
ARKLOW T,ARKLOW T,wicklow-census-data.csv,,NO_MATCH,0,NEEDS_REVIEW
Minmore,MINMORE,"aggregated_records.csv, tenancies.csv",Minmore,EXACT,100,APPROVED
Carrickgatter,CARRICKGATTER,"aggregated_records.csv, tenancies.csv",,NO_MATCH,0,NEEDS_REVIEW
BRAY T PART OF (X),BRAY T PART OF (X),wicklow-census-data.csv,,NO_MATCH,0,NEEDS_REVIEW
Sesquin,SESQUIN,"aggregated_records.csv, tenancies.csv",,NO_MATCH,0,NEEDS_REVIEW
BLAKESTOWN LOWER,BLAKESTOWN LOWER,wicklow-census-data.csv,,NO_MATCH,0,NEEDS_REVIEW
BONAGREW LITTLE,BONAGREW LITTLE,wicklow-census-data.csv,,NO_MATCH,0,NEEDS_REVIEW
BALLEESE WOOD,BALLEESE WOOD,wicklow-census-data.csv,,NO_MATCH,0,NEEDS_REVIEW
IRISHTOWN PARK,IRISHTOWN PARK,wicklow-census-data.csv,,NO_MATCH,0,NEEDS_REVIEW
mullans south,MULLANS SOUTH,aggregated_records.csv,mullans south,EXACT,100,APPROVED
Drumin at Park,DRUMIN AT PARK,"aggregated_records.csv, tenancies.csv",,NO_MATCH,0,NEEDS_REVIEW
MONEYMEEN,MONEYMEEN,wicklow-census-data.csv,,NO_MATCH,0,NEEDS_REVIEW
Park and Coolrun and Drumin,PARK AND COOLRUN AND DRUMIN,aggregated_records.csv,,NO_MATCH,0,NEEDS_REVIEW
DUNLAVIN T,DUNLAVIN T,wicklow-census-data.csv,,NO_MATCH,0,NEEDS_REVIEW
KILQUEENY,KILQUEENY,wicklow-census-data.csv,,NO_MATCH,0,NEEDS_REVIEW
BALLYGUILE BEG,BALLYGUILE BEG,wicklow-census-data.csv,,NO_MATCH,0,NEEDS_REVIEW
BALLYRAHEEN,BALLYRAHEEN,"unified_census.csv, wicklow-census-data.csv",BALLYRAHEEN,EXACT,100,APPROVED
KILLABEG,KILLABEG,"unified_census.csv, wicklow-census-data.csv",KILLABEG,EXACT,100,APPROVED
Park at Coolruss,PARK AT COOLRUSS,"aggregated_records.csv, tenancies.csv",,NO_MATCH,0,NEEDS_REVIEW
bolarney knockrobin,BOLARNEY KNOCKROBIN,aggregated_records.csv,,NO_MATCH,0,NEEDS_REVIEW
DERRYBAWN,DERRYBAWN,wicklow-census-data.csv,,NO_MATCH,0,NEEDS_REVIEW
COOLAHULLIN,COOLAHULLIN,wicklow-census-data.csv,,NO_MATCH,0,NEEDS_REVIEW
OLDPADDOCKS,OLDPADDOCKS,wicklow-census-data.csv,,NO_MATCH,0,NEEDS_REVIEW
KEELOGE LOWER,KEELOGE LOWER,wicklow-census-data.csv,,NO_MATCH,0,NEEDS_REVIEW
BAWNOGE (ED Rathdangan),BAWNOGE (ED RATHDANGAN),wicklow-census-data.csv,,NO_MATCH,0,NEEDS_REVIEW
Newcastle and Blackditch,NEWCASTLE AND BLACKDITCH,aggregated_records.csv,,NO_MATCH,0,NEEDS_REVIEW
CORNAN EAST,CORNAN EAST,wicklow-census-data.csv,,NO_MATCH,0,NEEDS_REVIEW
Tinehaley,TINEHALEY,"aggregated_records.csv, tenancies.csv",,NO_MATCH,0,NEEDS_REVIEW
Moatabower (Co. Wexford),MOATABOWER (CO. WEXFORD),"aggregated_records.csv, tenancies.csv",,NO_MATCH,0,NEEDS_REVIEW
Molonaskey,MOLONASKEY,aggregated_records.csv,,NO_MATCH,0,NEEDS_REVIEW
Dunban,DUNBAN,aggregated_records.csv,,NO_MATCH,0,NEEDS_REVIEW
killidrumin,KILLIDRUMIN,aggregated_records.csv,,NO_MATCH,0,NEEDS_REVIEW
tinahaley and ballinacorby,TINAHALEY AND BALLINACORBY,aggregated_records.csv,,NO_MATCH,0,NEEDS_REVIEW
MERGINSTOWN,MERGINSTOWN,wicklow-census-data.csv,,NO_MATCH,0,NEEDS_REVIEW
Barnamuinga,BARNAMUINGA,tenancies.csv,Barnamuinga,EXACT,100,APPROVED
knocklow,KNOCKLOW,aggregated_records.csv,KNOCKLOE,FUZZY,88,PENDING
rashenmore,RASHENMORE,aggregated_records.csv,,NO_MATCH,0,NEEDS_REVIEW
EADESTOWN HILL,EADESTOWN HILL,wicklow-census-data.csv,,NO_MATCH,0,NEEDS_REVIEW
WICKLOW T,WICKLOW T,wicklow-census-data.csv,,NO_MATCH,0,NEEDS_REVIEW
Lr. Munney,LR. MUNNEY,aggregated_records.csv,,NO_MATCH,0,NEEDS_REVIEW
Coolattin,COOLATTIN,"aggregated_records.csv, tenancies.csv",Coolattin,EXACT,100,APPROVED
Newcastle,NEWCASTLE,"aggregated_records.csv, tenancies.csv",,NO_MATCH,0,NEEDS_REVIEW
Ballimullen,BALLIMULLEN,aggregated_records.csv,,NO_MATCH,0,NEEDS_REVIEW
CASTLEMACADAM,CASTLEMACADAM,wicklow-census-data.csv,,NO_MATCH,0,NEEDS_REVIEW
Ballygannon & Knockadozen,BALLYGANNON & KNOCKADOZEN,aggregated_records.csv,,NO_MATCH,0,NEEDS_REVIEW
Mucklagh,MUCKLAGH,"aggregated_records.csv, tenancies.csv",Mucklagh,EXACT,100,APPROVED
ROSSANA LOWER,ROSSANA LOWER,wicklow-census-data.csv,,NO_MATCH,0,NEEDS_REVIEW
FURZEDITCH WEST,FURZEDITCH WEST,wicklow-census-data.csv,,NO_MATCH,0,NEEDS_REVIEW
Bolarnew Murragh & Island,BOLARNEW MURRAGH & ISLAND,"aggregated_records.csv, tenancies.csv",,NO_MATCH,0,NEEDS_REVIEW
greenhall,GREENHALL,aggregated_records.csv,greenhall,EXACT,100,APPROVED
Ballyshonog,BALLYSHONOG,"aggregated_records.csv, tenancies.csv",Ballyshonog,EXACT,100,APPROVED
Knockeen,KNOCKEEN,"aggregated_records.csv, tenancies.csv",Knockeen,EXACT,100,APPROVED
Ballyoolen,BALLYOOLEN,aggregated_records.csv,,NO_MATCH,0,NEEDS_REVIEW
ROSBANE,ROSBANE,"unified_census.csv, wicklow-census-data.csv",ROSBANE,EXACT,100,APPROVED
LUGNAGROAGH,LUGNAGROAGH,wicklow-census-data.csv,,NO_MATCH,0,NEEDS_REVIEW
CRONE UPPER,CRONE UPPER,wicklow-census-data.csv,MONEY UPPER,FUZZY,82,PENDING
DEERPARK (ED Rathdangan),DEERPARK (ED RATHDANGAN),wicklow-census-data.csv,,NO_MATCH,0,NEEDS_REVIEW
coolfeaney,COOLFEANEY,aggregated_records.csv,COOLAFANCY,FUZZY,80,PENDING
BAHANA,BAHANA,wicklow-census-data.csv,,NO_MATCH,0,NEEDS_REVIEW
DRUMBAWN,DRUMBAWN,wicklow-census-data.csv,,NO_MATCH,0,NEEDS_REVIEW
harney at bridgeland,HARNEY AT BRIDGELAND,aggregated_records.csv,,NO_MATCH,0,NEEDS_REVIEW
racott,RACOTT,aggregated_records.csv,,NO_MATCH,0,NEEDS_REVIEW
DOWNS T,DOWNS T,wicklow-census-data.csv,,NO_MATCH,0,NEEDS_REVIEW
BALLYFOYLE,BALLYFOYLE,wicklow-census-data.csv,,NO_MATCH,0,NEEDS_REVIEW
Ballinastraw,BALLINASTRAW,aggregated_records.csv,,NO_MATCH,0,NEEDS_REVIEW
KILLAMOAT UPPER,KILLAMOAT UPPER,wicklow-census-data.csv,,NO_MATCH,0,NEEDS_REVIEW
Knockadoomeagle,KNOCKADOOMEAGLE,"aggregated_records.csv, tenancies.csv",,NO_MATCH,0,NEEDS_REVIEW
Ballingate,BALLINGATE,"aggregated_records.csv, tenancies.csv",Ballingate,EXACT,100,APPROVED
BALLYLEA,BALLYLEA,wicklow-census-data.csv,,NO_MATCH,0,NEEDS_REVIEW
DONARD DEMESNE EAST,DONARD DEMESNE EAST,wicklow-census-data.csv,,NO_MATCH,0,NEEDS_REVIEW
BALLYROGAN LOWER,BALLYROGAN LOWER,wicklow-census-data.csv,,NO_MATCH,0,NEEDS_REVIEW
CULLENTRAGH PARK,CULLENTRAGH PARK,wicklow-census-data.csv,,NO_MATCH,0,NEEDS_REVIEW
Ballytuskin,BALLYTUSKIN,"aggregated_records.csv, tenancies.csv",,NO_MATCH,0,NEEDS_REVIEW
monaghcullen,MONAGHCULLEN,aggregated_records.csv,,NO_MATCH,0,NEEDS_REVIEW
harnees and bridgeland,HARNEES AND BRIDGELAND,aggregated_records.csv,,NO_MATCH,0,NEEDS_REVIEW
KILCANDRA (ED Dunganstown West),KILCANDRA (ED DUNGANSTOWN WEST),wicklow-census-data.csv,,NO_MATCH,0,NEEDS_REVIEW
GLENTEIGE,GLENTEIGE,wicklow-census-data.csv,,NO_MATCH,0,NEEDS_REVIEW
GLENDARRAGH,GLENDARRAGH,wicklow-census-data.csv,,NO_MATCH,0,NEEDS_REVIEW
Rahbawn,RAHBAWN,"aggregated_records.csv, tenancies.csv",RATHBANE,FUZZY,80,PENDING
Cronythorn,CRONYTHORN,aggregated_records.csv,,NO_MATCH,0,NEEDS_REVIEW
KILMALIN,KILMALIN,wicklow-census-data.csv,,NO_MATCH,0,NEEDS_REVIEW
BALLYDOWLING,BALLYDOWLING,wicklow-census-data.csv,,NO_MATCH,0,NEEDS_REVIEW
BALLYMONEY (ED Kilbride),BALLYMONEY (ED KILBRIDE),wicklow-census-data.csv,,NO_MATCH,0,NEEDS_REVIEW
KILPEDDER EAST,KILPEDDER EAST,wicklow-census-data.csv,,NO_MATCH,0,NEEDS_REVIEW
Barrenbaum,BARRENBAUM,aggregated_records.csv,,NO_MATCH,0,NEEDS_REVIEW
BAHANA (King),BAHANA (KING),wicklow-census-data.csv,,NO_MATCH,0,NEEDS_REVIEW
glenyshoke and ballingate,GLENYSHOKE AND BALLINGATE,aggregated_records.csv,,NO_MATCH,0,NEEDS_REVIEW
BALLINTOMBAY,BALLINTOMBAY,wicklow-census-data.csv,,NO_MATCH,0,NEEDS_REVIEW
RATHDRUM,RATHDRUM,wicklow-census-data.csv,,NO_MATCH,0,NEEDS_REVIEW
COOLKENNA,COOLKENNA,"unified_census.csv, wicklow-census-data.csv",COOLKENNA,EXACT,100,APPROVED
hillbrook at bardmore,HILLBROOK AT BARDMORE,aggregated_records.csv,,NO_MATCH,0,NEEDS_REVIEW
DUNGANSTOWN EAST,DUNGANSTOWN EAST,wicklow-census-data.csv,,NO_MATCH,0,NEEDS_REVIEW
PARKMORE (Page),PARKMORE (PAGE),"unified_census.csv, wicklow-census-data.csv",PARKMORE (Page),EXACT,100,APPROVED
COOLINARRIG UPPER,COOLINARRIG UPPER,wicklow-census-data.csv,,NO_MATCH,0,NEEDS_REVIEW
Carney,CARNEY,"aggregated_records.csv, tenancies.csv",CARNEW,FUZZY,83,PENDING
Ballyvolan,BALLYVOLAN,"aggregated_records.csv, tenancies.csv",,NO_MATCH,0,NEEDS_REVIEW
BALLINAGAPPOGE,BALLINAGAPPOGE,wicklow-census-data.csv,,NO_MATCH,0,NEEDS_REVIEW
BALISLAND,BALISLAND,"unified_census.csv, wicklow-census-data.csv",BALISLAND,EXACT,100,APPROVED
BALLYLUG,BALLYLUG,wicklow-census-data.csv,,NO_MATCH,0,NEEDS_REVIEW
ballyluckin,BALLYLUCKIN,aggregated_records.csv,,NO_MATCH,0,NEEDS_REVIEW
Tomacoyle,TOMACOYLE,"aggregated_records.csv, tenancies.csv",TOMCOYLE,FUZZY,94,PENDING
SLIEVEBOY UPPER,SLIEVEBOY UPPER,"unified_census.csv, wicklow-census-data.csv",SLIEVEBOY UPPER,EXACT,100,APPROVED
RATHSHANMORE WEST,RATHSHANMORE WEST,"unified_census.csv, wicklow-census-data.csv",RATHSHANMORE WEST,EXACT,100,APPROVED
CORNDOG,CORNDOG,"unified_census.csv, wicklow-census-data.csv",CORNDOG,EXACT,100,APPROVED
NEWCOURT,NEWCOURT,wicklow-census-data.csv,,NO_MATCH,0,NEEDS_REVIEW
FERRYBANK,FERRYBANK,wicklow-census-data.csv,,NO_MATCH,0,NEEDS_REVIEW
Ballygannon Cottages,BALLYGANNON COTTAGES,"aggregated_records.csv, tenancies.csv",,NO_MATCH,0,NEEDS_REVIEW
carney,CARNEY,aggregated_records.csv,CARNEW,FUZZY,83,PENDING
BLACKDITCH,BLACKDITCH,wicklow-census-data.csv,,NO_MATCH,0,NEEDS_REVIEW
KNOCKAPHRUMPA,KNOCKAPHRUMPA,wicklow-census-data.csv,,NO_MATCH,0,NEEDS_REVIEW
slievemweel,SLIEVEMWEEL,aggregated_records.csv,slievemweel,EXACT,100,APPROVED
STRANAHELY,STRANAHELY,wicklow-census-data.csv,STRANAKELLY,FUZZY,86,PENDING
BALLINAHINCH (ED Killiskey),BALLINAHINCH (ED KILLISKEY),wicklow-census-data.csv,,NO_MATCH,0,NEEDS_REVIEW
Monagrullen,MONAGRULLEN,"aggregated_records.csv, tenancies.csv",,NO_MATCH,0,NEEDS_REVIEW
LISHEENS,LISHEENS,wicklow-census-data.csv,,NO_MATCH,0,NEEDS_REVIEW
TALBOTSTOWN UPPER,TALBOTSTOWN UPPER,wicklow-census-data.csv,,NO_MATCH,0,NEEDS_REVIEW
MULLANNASKEAGH,MULLANNASKEAGH,"unified_census.csv, wicklow-census-data.csv",MULLANNASKEAGH,EXACT,100,APPROVED
KNOCKANREE UPPER,KNOCKANREE UPPER,wicklow-census-data.csv,,NO_MATCH,0,NEEDS_REVIEW
TOGHER MORE,TOGHER MORE,wicklow-census-data.csv,,NO_MATCH,0,NEEDS_REVIEW
DO INFIRMARY,DO INFIRMARY,wicklow-census-data.csv,,NO_MATCH,0,NEEDS_REVIEW
ballycumber,BALLYCUMBER,aggregated_records.csv,,NO_MATCH,0,NEEDS_REVIEW
rathmeague,RATHMEAGUE,aggregated_records.csv,rathmeague,EXACT,100,APPROVED
raheeglass,RAHEEGLASS,aggregated_records.csv,RAHEENGLASS,FUZZY,95,PENDING
BOLAGH LOWER,BOLAGH LOWER,wicklow-census-data.csv,,NO_MATCH,0,NEEDS_REVIEW
MOUNT KENNEDY DEMESNE,MOUNT KENNEDY DEMESNE,wicklow-census-data.csv,,NO_MATCH,0,NEEDS_REVIEW
MONAMUCK,MONAMUCK,wicklow-census-data.csv,,NO_MATCH,0,NEEDS_REVIEW
BOLAGH UPPER,BOLAGH UPPER,wicklow-census-data.csv,,NO_MATCH,0,NEEDS_REVIEW
Toorboy,TOORBOY,"aggregated_records.csv, tenancies.csv",Toorboy,EXACT,100,APPROVED
Bolarney and Ballinorrin,BOLARNEY AND BALLINORRIN,aggregated_records.csv,,NO_MATCH,0,NEEDS_REVIEW
MUCKLAGH (ED Ballinacor),MUCKLAGH (ED BALLINACOR),wicklow-census-data.csv,,NO_MATCH,0,NEEDS_REVIEW
Gurteen alias Green Hall,GURTEEN ALIAS GREEN HALL,aggregated_records.csv,,NO_MATCH,0,NEEDS_REVIEW
NEWTOWN (ED Wicklow Rural),NEWTOWN (ED WICKLOW RURAL),wicklow-census-data.csv,,NO_MATCH,0,NEEDS_REVIEW
Kilpipe/Coolbawn,KILPIPE/COOLBAWN,aggregated_records.csv,,NO_MATCH,0,NEEDS_REVIEW
tombreane,TOMBREANE,aggregated_records.csv,TOMBREEN,FUZZY,82,PENDING
KNOCKIERAN LOWER,KNOCKIERAN LOWER,wicklow-census-data.csv,,NO_MATCH,0,NEEDS_REVIEW
Munny Imp.,MUNNY IMP.,aggregated_records.csv,,NO_MATCH,0,NEEDS_REVIEW
Lumcloon,LUMCLOON,"aggregated_records.csv, tenancies.csv",Lumcloon,EXACT,100,APPROVED
Croneyhorn,CRONEYHORN,aggregated_records.csv,,NO_MATCH,0,NEEDS_REVIEW
BROCKAGH TOWN,BROCKAGH TOWN,wicklow-census-data.csv,,NO_MATCH,0,NEEDS_REVIEW
BALLYHOOK DEMESNE,BALLYHOOK DEMESNE,wicklow-census-data.csv,,NO_MATCH,0,NEEDS_REVIEW
BALLANAGH,BALLANAGH,wicklow-census-data.csv,BALLAGH,FUZZY,88,PENDING
Tinahely Mortons,TINAHELY MORTONS,aggregated_records.csv,,NO_MATCH,0,NEEDS_REVIEW
Killibegg,KILLIBEGG,"aggregated_records.csv, tenancies.csv",KILLABEG,FUZZY,82,PENDING
Ballygannon at Tansey Close,BALLYGANNON AT TANSEY CLOSE,aggregated_records.csv,,NO_MATCH,0,NEEDS_REVIEW
BALLYCLOGH SOUTH,BALLYCLOGH SOUTH,wicklow-census-data.csv,,NO_MATCH,0,NEEDS_REVIEW
CRAFFIELD,CRAFFIELD,wicklow-census-data.csv,,NO_MATCH,0,NEEDS_REVIEW
BALLYHARA (ED Wicklow Rural),BALLYHARA (ED WICKLOW RURAL),wicklow-census-data.csv,,NO_MATCH,0,NEEDS_REVIEW
BARNACLEAGH SOUTH,BARNACLEAGH SOUTH,wicklow-census-data.csv,,NO_MATCH,0,NEEDS_REVIEW
Tombrean,TOMBREAN,"aggregated_records.csv, tenancies.csv",TOMBREEN,FUZZY,88,PENDING
ballinastraw,BALLINASTRAW,aggregated_records.csv,,NO_MATCH,0,NEEDS_REVIEW
BALLINABRANNAGH,BALLINABRANNAGH,wicklow-census-data.csv,,NO_MATCH,0,NEEDS_REVIEW
Askilleagh,ASKILLEAGH,"aggregated_records.csv, tenancies.csv",,NO_MATCH,0,NEEDS_REVIEW
Racott,RACOTT,"aggregated_records.csv, tenancies.csv",,NO_MATCH,0,NEEDS_REVIEW
RAHEENGLASS,RAHEENGLASS,"unified_census.csv, wicklow-census-data.csv",RAHEENGLASS,EXACT,100,APPROVED
BALLINROAN UPPER,BALLINROAN UPPER,wicklow-census-data.csv,BALLINGATE UPPER,FUZZY,81,PENDING
KNOCKANDUFF,KNOCKANDUFF,wicklow-census-data.csv,,NO_MATCH,0,NEEDS_REVIEW
GRANGECON HILL,GRANGECON HILL,wicklow-census-data.csv,,NO_MATCH,0,NEEDS_REVIEW
HUMPHRYSTOWN,HUMPHRYSTOWN,wicklow-census-data.csv,,NO_MATCH,0,NEEDS_REVIEW
KISH,KISH,wicklow-census-data.csv,,NO_MATCH,0,NEEDS_REVIEW
lascolernan,LASCOLERNAN,aggregated_records.csv,,NO_MATCH,0,NEEDS_REVIEW
FAUNA,FAUNA,wicklow-census-data.csv,,NO_MATCH,0,NEEDS_REVIEW
mangens,MANGENS,aggregated_records.csv,MANGANS,FUZZY,86,PENDING
ballyconnell,BALLYCONNELL,aggregated_records.csv,ballyconnell,EXACT,100,APPROVED
FURZEDITCH EAST,FURZEDITCH EAST,wicklow-census-data.csv,,NO_MATCH,0,NEEDS_REVIEW
rathmeagh,RATHMEAGH,aggregated_records.csv,RATHMEAGUE,FUZZY,84,PENDING
TULLOWCLAY,TULLOWCLAY,"unified_census.csv, wicklow-census-data.csv",TULLOWCLAY,EXACT,100,APPROVED
GLEBE (ED Wicklow Rural),GLEBE (ED WICKLOW RURAL),wicklow-census-data.csv,,NO_MATCH,0,NEEDS_REVIEW
CRISSADAUN,CRISSADAUN,wicklow-census-data.csv,,NO_MATCH,0,NEEDS_REVIEW
garryhoe,GARRYHOE,aggregated_records.csv,garryhoe,EXACT,100,APPROVED
IRISHTOWN,IRISHTOWN,wicklow-census-data.csv,,NO_MATCH,0,NEEDS_REVIEW
Mullins,MULLINS,"aggregated_records.csv, tenancies.csv",,NO_MATCH,0,NEEDS_REVIEW
BALLINAGEE,BALLINAGEE,wicklow-census-data.csv,BALLINGLEN,FUZZY,80,PENDING
Coolalugg,COOLALUGG,"aggregated_records.csv, tenancies.csv",COOLALUG,FUZZY,94,PENDING
tubbertonagh,TUBBERTONAGH,aggregated_records.csv,,NO_MATCH,0,NEEDS_REVIEW
Rasnastraw (in lease),RASNASTRAW (IN LEASE),aggregated_records.csv,,NO_MATCH,0,NEEDS_REVIEW
BALLYKNOCKER WEST,BALLYKNOCKER WEST,"unified_census.csv, wicklow-census-data.csv",BALLYKNOCKER WEST,EXACT,100,APPROVED
Carricknameal,CARRICKNAMEAL,"aggregated_records.csv, tenancies.csv",,NO_MATCH,0,NEEDS_REVIEW
KILLADREENAN,KILLADREENAN,wicklow-census-data.csv,,NO_MATCH,0,NEEDS_REVIEW
ROSTYDUFF LOWER,ROSTYDUFF LOWER,wicklow-census-data.csv,,NO_MATCH,0,NEEDS_REVIEW
KILRUDDERY DEERPARK (ED Delgany),KILRUDDERY DEERPARK (ED DELGANY),wicklow-census-data.csv,,NO_MATCH,0,NEEDS_REVIEW
OGHIL UPPER,OGHIL UPPER,wicklow-census-data.csv,,NO_MATCH,0,NEEDS_REVIEW
gowle,GOWLE,aggregated_records.csv,gowle,EXACT,100,APPROVED
YARDLAND,YARDLAND,wicklow-census-data.csv,,NO_MATCH,0,NEEDS_REVIEW
BALLYBAWN UPPER,BALLYBAWN UPPER,wicklow-census-data.csv,,NO_MATCH,0,NEEDS_REVIEW
CARRICK,CARRICK,"unified_census.csv, wicklow-census-data.csv",CARRICK,EXACT,100,APPROVED
BALLYROSS,BALLYROSS,wicklow-census-data.csv,,NO_MATCH,0,NEEDS_REVIEW
BALLINACOR EAST,BALLINACOR EAST,wicklow-census-data.csv,BALLINACOR,FUZZY,80,PENDING
KNOCKROBIN,KNOCKROBIN,wicklow-census-data.csv,,NO_MATCH,0,NEEDS_REVIEW
carrickgaller,CARRICKGALLER,aggregated_records.csv,,NO_MATCH,0,NEEDS_REVIEW
Coolelug,COOLELUG,aggregated_records.csv,COOLALUG,FUZZY,88,PENDING
kilgriffin,KILGRIFFIN,aggregated_records.csv,,NO_MATCH,0,NEEDS_REVIEW
Up Coolboy and Hillbrook,UP COOLBOY AND HILLBROOK,"aggregated_records.csv, tenancies.csv",,NO_MATCH,0,NEEDS_REVIEW
CAMENABOLOGUE,CAMENABOLOGUE,wicklow-census-data.csv,,NO_MATCH,0,NEEDS_REVIEW
Knockadoomcoyle,KNOCKADOOMCOYLE,"aggregated_records.csv, tenancies.csv",KNOCKATOMCOYLE,FUZZY,90,PENDING
tinahely loughduff,TINAHELY LOUGHDUFF,aggregated_records.csv,,NO_MATCH,0,NEEDS_REVIEW
DECOY,DECOY,wicklow-census-data.csv,,NO_MATCH,0,NEEDS_REVIEW
CLOGHOGE,CLOGHOGE,wicklow-census-data.csv,,NO_MATCH,0,NEEDS_REVIEW
TABLE MOUNTAIN,TABLE MOUNTAIN,wicklow-census-data.csv,,NO_MATCH,0,NEEDS_REVIEW
barrenbawn,BARRENBAWN,aggregated_records.csv,,NO_MATCH,0,NEEDS_REVIEW
Melitia,MELITIA,"aggregated_records.csv, tenancies.csv",,NO_MATCH,0,NEEDS_REVIEW
BALLINACOR (ED Ballinacor),BALLINACOR (ED BALLINACOR),wicklow-census-data.csv,,NO_MATCH,0,NEEDS_REVIEW
Ballygannon,BALLYGANNON,"aggregated_records.csv, tenancies.csv",,NO_MATCH,0,NEEDS_REVIEW
ROSTYDUFF UPPER,ROSTYDUFF UPPER,wicklow-census-data.csv,,NO_MATCH,0,NEEDS_REVIEW
MACREDDIN EAST,MACREDDIN EAST,wicklow-census-data.csv,,NO_MATCH,0,NEEDS_REVIEW
BALLYNERRIN (ED Kilcoole),BALLYNERRIN (ED KILCOOLE),wicklow-census-data.csv,,NO_MATCH,0,NEEDS_REVIEW
BALLYBAWN LOWER,BALLYBAWN LOWER,wicklow-census-data.csv,,NO_MATCH,0,NEEDS_REVIEW
MOUNTUSHER,MOUNTUSHER,wicklow-census-data.csv,,NO_MATCH,0,NEEDS_REVIEW
Ballingate Lower,BALLINGATE LOWER,"aggregated_records.csv, tenancies.csv",Ballingate Lower,EXACT,100,APPROVED
Carnew,CARNEW,"aggregated_records.csv, tenancies.csv",Carnew,EXACT,100,APPROVED
tomnaskella,TOMNASKELLA,aggregated_records.csv,TOMNASKELA,FUZZY,95,PENDING
ballynavortha,BALLYNAVORTHA,aggregated_records.csv,ballynavortha,EXACT,100,APPROVED
HIGHPARK LOWER,HIGHPARK LOWER,wicklow-census-data.csv,,NO_MATCH,0,NEEDS_REVIEW
Tomnifinogue,TOMNIFINOGUE,"aggregated_records.csv, tenancies.csv",TOMNAFINNOGE,FUZZY,83,PENDING
KNOCKBANE,KNOCKBANE,wicklow-census-data.csv,,NO_MATCH,0,NEEDS_REVIEW
Tinahealy and Lugduff,TINAHEALY AND LUGDUFF,aggregated_records.csv,,NO_MATCH,0,NEEDS_REVIEW
tullowclay,TULLOWCLAY,aggregated_records.csv,tullowclay,EXACT,100,APPROVED
moyne,MOYNE,aggregated_records.csv,moyne,EXACT,100,APPROVED
sesquin,SESQUIN,aggregated_records.csv,,NO_MATCH,0,NEEDS_REVIEW
COOLBEG,COOLBEG,wicklow-census-data.csv,,NO_MATCH,0,NEEDS_REVIEW
BALLYCURRY DEMESNE,BALLYCURRY DEMESNE,wicklow-census-data.csv,,NO_MATCH,0,NEEDS_REVIEW
KILQUADE,KILQUADE,wicklow-census-data.csv,,NO_MATCH,0,NEEDS_REVIEW
Crossbridge,CROSSBRIDGE,aggregated_records.csv,,NO_MATCH,0,NEEDS_REVIEW
Militia,MILITIA,aggregated_records.csv,,NO_MATCH,0,NEEDS_REVIEW
KNOCKNABOLEY,KNOCKNABOLEY,"unified_census.csv, wicklow-census-data.csv",KNOCKNABOLEY,EXACT,100,APPROVED
SALLYMOUNT,SALLYMOUNT,wicklow-census-data.csv,,NO_MATCH,0,NEEDS_REVIEW
ballyraphine and newtown,BALLYRAPHINE AND NEWTOWN,aggregated_records.csv,,NO_MATCH,0,NEEDS_REVIEW
TORNANT LOWER,TORNANT LOWER,wicklow-census-data.csv,,NO_MATCH,0,NEEDS_REVIEW
rosnakill,ROSNAKILL,aggregated_records.csv,,NO_MATCH,0,NEEDS_REVIEW
urelands,URELANDS,aggregated_records.csv,,NO_MATCH,0,NEEDS_REVIEW
KEELOGES,KEELOGES,wicklow-census-data.csv,,NO_MATCH,0,NEEDS_REVIEW
Balisland,BALISLAND,"aggregated_records.csv, tenancies.csv",Balisland,EXACT,100,APPROVED
RAHEENTEIGE,RAHEENTEIGE,"unified_census.csv, wicklow-census-data.csv",RAHEENTEIGE,EXACT,100,APPROVED
BALLYKELLY,BALLYKELLY,"unified_census.csv, wicklow-census-data.csv",BALLYKELLY,EXACT,100,APPROVED
Gurteen at Mount Pleasant,GURTEEN AT MOUNT PLEASANT,aggregated_records.csv,,NO_MATCH,0,NEEDS_REVIEW
BALLYKILLAGEER LOWER,BALLYKILLAGEER LOWER,wicklow-census-data.csv,,NO_MATCH,0,NEEDS_REVIEW
Bolarney and Burkeen,BOLARNEY AND BURKEEN,"aggregated_records.csv, tenancies.csv",,NO_MATCH,0,NEEDS_REVIEW
CRONROE,CRONROE,wicklow-census-data.csv,CRONE,FUZZY,83,PENDING
cross,CROSS,aggregated_records.csv,cross,EXACT,100,APPROVED
TOOMAN,TOOMAN,wicklow-census-data.csv,,NO_MATCH,0,NEEDS_REVIEW
GLENEALY  T,GLENEALY  T,wicklow-census-data.csv,,NO_MATCH,0,NEEDS_REVIEW
Tinihaley     Mortons,TINIHALEY     MORTONS,tenancies.csv,,NO_MATCH,0,NEEDS_REVIEW
Tombreane,TOMBREANE,"aggregated_records.csv, tenancies.csv",TOMBREEN,FUZZY,82,PENDING
coollattin,COOLLATTIN,aggregated_records.csv,COOLATTIN,FUZZY,95,PENDING
Knocknadoomcoyle,KNOCKNADOOMCOYLE,aggregated_records.csv,KNOCKATOMCOYLE,FUZZY,87,PENDING
STRANAKELLY,STRANAKELLY,"unified_census.csv, wicklow-census-data.csv",STRANAKELLY,EXACT,100,APPROVED
RANDALSTOWN,RANDALSTOWN,wicklow-census-data.csv,,NO_MATCH,0,NEEDS_REVIEW
CRONAKIP,CRONAKIP,wicklow-census-data.csv,,NO_MATCH,0,NEEDS_REVIEW
BALLYSHANE,BALLYSHANE,wicklow-census-data.csv,,NO_MATCH,0,NEEDS_REVIEW
KILBRIDE (Rathdown By),KILBRIDE (RATHDOWN BY),wicklow-census-data.csv,,NO_MATCH,0,NEEDS_REVIEW
BALLYHARA (ED Dunganstown South),BALLYHARA (ED DUNGANSTOWN SOUTH),wicklow-census-data.csv,,NO_MATCH,0,NEEDS_REVIEW
Tubbertonagh,TUBBERTONAGH,"aggregated_records.csv, tenancies.csv",,NO_MATCH,0,NEEDS_REVIEW
KILCOOLE T,KILCOOLE T,wicklow-census-data.csv,,NO_MATCH,0,NEEDS_REVIEW
tomifinogue,TOMIFINOGUE,aggregated_records.csv,,NO_MATCH,0,NEEDS_REVIEW
BALLINEDDAN MOUNTAIN,BALLINEDDAN MOUNTAIN,wicklow-census-data.csv,,NO_MATCH,0,NEEDS_REVIEW
Coolboy at Hillbrook,COOLBOY AT HILLBROOK,"aggregated_records.csv, tenancies.csv",,NO_MATCH,0,NEEDS_REVIEW
LACKAREAGH,LACKAREAGH,wicklow-census-data.csv,,NO_MATCH,0,NEEDS_REVIEW
LYBAGH,LYBAGH,"unified_census.csv, wicklow-census-data.csv",LYBAGH,EXACT,100,APPROVED
BOLLARNEY NORTH,BOLLARNEY NORTH,wicklow-census-data.csv,,NO_MATCH,0,NEEDS_REVIEW
CLARABEG NORTH,CLARABEG NORTH,wicklow-census-data.csv,,NO_MATCH,0,NEEDS_REVIEW
ABBEYLANDS,ABBEYLANDS,wicklow-census-data.csv,,NO_MATCH,0,NEEDS_REVIEW
"Tullowclay,","TULLOWCLAY,",aggregated_records.csv,TULLOWCLAY,FUZZY,95,PENDING
TIMMORE,TIMMORE,wicklow-census-data.csv,,NO_MATCH,0,NEEDS_REVIEW
Tinahely & Loughduff,TINAHELY & LOUGHDUFF,aggregated_records.csv,,NO_MATCH,0,NEEDS_REVIEW
BALLYLOW,BALLYLOW,wicklow-census-data.csv,,NO_MATCH,0,NEEDS_REVIEW
KNOCKANANNA,KNOCKANANNA,wicklow-census-data.csv,,NO_MATCH,0,NEEDS_REVIEW
Tinahely Flahertys,TINAHELY FLAHERTYS,aggregated_records.csv,,NO_MATCH,0,NEEDS_REVIEW
Ballinaverta,BALLINAVERTA,aggregated_records.csv,BALLYNAVORTHA,FUZZY,80,PENDING
carrick,CARRICK,aggregated_records.csv,carrick,EXACT,100,APPROVED
GLEBE (ED Wicklow Urban),GLEBE (ED WICKLOW URBAN),wicklow-census-data.csv,,NO_MATCH,0,NEEDS_REVIEW
tinehaleycoolran,TINEHALEYCOOLRAN,aggregated_records.csv,,NO_MATCH,0,NEEDS_REVIEW
Wicklow and Drumkey,WICKLOW AND DRUMKEY,aggregated_records.csv,,NO_MATCH,0,NEEDS_REVIEW
DUNBUR UPPER,DUNBUR UPPER,wicklow-census-data.csv,,NO_MATCH,0,NEEDS_REVIEW
MULLANS NORTH,MULLANS NORTH,"unified_census.csv, wicklow-census-data.csv",MULLANS NORTH,EXACT,100,APPROVED
SPINANS EAST,SPINANS EAST,wicklow-census-data.csv,,NO_MATCH,0,NEEDS_REVIEW
Ballymarroge,BALLYMARROGE,"aggregated_records.csv, tenancies.csv",Ballymarroge,EXACT,100,APPROVED
hillbrook lower,HILLBROOK LOWER,aggregated_records.csv,hillbrook lower,EXACT,100,APPROVED
AUGHRIM UPPER,AUGHRIM UPPER,wicklow-census-data.csv,,NO_MATCH,0,NEEDS_REVIEW
Kilguiggan,KILGUIGGAN,aggregated_records.csv,KILQUIGGIN,FUZZY,80,PENDING
WHITESTOWN UPPER,WHITESTOWN UPPER,wicklow-census-data.csv,,NO_MATCH,0,NEEDS_REVIEW
sleaghcoyle,SLEAGHCOYLE,aggregated_records.csv,,NO_MATCH,0,NEEDS_REVIEW
minmoreparkmore,MINMOREPARKMORE,aggregated_records.csv,,NO_MATCH,0,NEEDS_REVIEW
DELGANY T,DELGANY T,wicklow-census-data.csv,,NO_MATCH,0,NEEDS_REVIEW
RATHCOT,RATHCOT,"unified_census.csv, wicklow-census-data.csv",RATHCOT,EXACT,100,APPROVED
SCURLOGUE,SCURLOGUE,wicklow-census-data.csv,,NO_MATCH,0,NEEDS_REVIEW
BALLYNAVORTHA,BALLYNAVORTHA,"unified_census.csv, wicklow-census-data.csv",BALLYNAVORTHA,EXACT,100,APPROVED
tomnafinnoge,TOMNAFINNOGE,aggregated_records.csv,tomnafinnoge,EXACT,100,APPROVED
BALLYHURTIM,BALLYHURTIM,wicklow-census-data.csv,,NO_MATCH,0,NEEDS_REVIEW
coolbawn,COOLBAWN,aggregated_records.csv,,NO_MATCH,0,NEEDS_REVIEW
AGHAVANNAGH (Revell),AGHAVANNAGH (REVELL),wicklow-census-data.csv,,NO_MATCH,0,NEEDS_REVIEW
BALLYSIZE UPPER,BALLYSIZE UPPER,wicklow-census-data.csv,,NO_MATCH,0,NEEDS_REVIEW
KNOCKRATH BIG,KNOCKRATH BIG,wicklow-census-data.csv,,NO_MATCH,0,NEEDS_REVIEW
Park,PARK,"aggregated_records.csv, tenancies.csv",Park,EXACT,100,APPROVED
DUNBUR LOWER,DUNBUR LOWER,wicklow-census-data.csv,,NO_MATCH,0,NEEDS_REVIEW
kilguiggan,KILGUIGGAN,aggregated_records.csv,KILQUIGGIN,FUZZY,80,PENDING
BARNBAWN,BARNBAWN,wicklow-census-data.csv,,NO_MATCH,0,NEEDS_REVIEW
MERRYMEETING,MERRYMEETING,wicklow-census-data.csv,,NO_MATCH,0,NEEDS_REVIEW
KILMACURRA EAST,KILMACURRA EAST,wicklow-census-data.csv,,NO_MATCH,0,NEEDS_REVIEW
ballynakill,BALLYNAKILL,aggregated_records.csv,,NO_MATCH,0,NEEDS_REVIEW
Aghowle,AGHOWLE,"aggregated_records.csv, tenancies.csv",GOWLE,FUZZY,83,PENDING
BALLYHOOK,BALLYHOOK,wicklow-census-data.csv,BALLYSHONOG,FUZZY,80,PENDING
BALLINABARNY SOUTH,BALLINABARNY SOUTH,wicklow-census-data.csv,,NO_MATCH,0,NEEDS_REVIEW
MULLYCAGH UPPER,MULLYCAGH UPPER,wicklow-census-data.csv,,NO_MATCH,0,NEEDS_REVIEW
PARKNASILLOGE,PARKNASILLOGE,wicklow-census-data.csv,,NO_MATCH,0,NEEDS_REVIEW
Park and Drumin,PARK AND DRUMIN,tenancies.csv,,NO_MATCH,0,NEEDS_REVIEW
Moylisha,MOYLISHA,"aggregated_records.csv, tenancies.csv",Moylisha,EXACT,100,APPROVED
BLAINROE UPPER,BLAINROE UPPER,wicklow-census-data.csv,,NO_MATCH,0,NEEDS_REVIEW
KNOCKNAGILKY LOWER,KNOCKNAGILKY LOWER,wicklow-census-data.csv,,NO_MATCH,0,NEEDS_REVIEW
Carrickgalter,CARRICKGALTER,aggregated_records.csv,,NO_MATCH,0,NEEDS_REVIEW
RAHEEN (ED Baltinglass),RAHEEN (ED BALTINGLASS),wicklow-census-data.csv,,NO_MATCH,0,NEEDS_REVIEW
COOLDROSS LOWER,COOLDROSS LOWER,wicklow-census-data.csv,,NO_MATCH,0,NEEDS_REVIEW
coolkenna barnacashel,COOLKENNA BARNACASHEL,aggregated_records.csv,,NO_MATCH,0,NEEDS_REVIEW
hillbrook,HILLBROOK,aggregated_records.csv,,NO_MATCH,0,NEEDS_REVIEW
MOANVAWN,MOANVAWN,wicklow-census-data.csv,,NO_MATCH,0,NEEDS_REVIEW
HAWKSTOWN LOWER,HAWKSTOWN LOWER,wicklow-census-data.csv,,NO_MATCH,0,NEEDS_REVIEW
Farness,FARNESS,aggregated_records.csv,FARNEES,FUZZY,86,PENDING
KNOCKARIGG DEMESNE,KNOCKARIGG DEMESNE,wicklow-census-data.csv,,NO_MATCH,0,NEEDS_REVIEW
ballarney,BALLARNEY,aggregated_records.csv,,NO_MATCH,0,NEEDS_REVIEW
Killacloran,KILLACLORAN,aggregated_records.csv,,NO_MATCH,0,NEEDS_REVIEW
Churchland,CHURCHLAND,"aggregated_records.csv, tenancies.csv",Churchland,EXACT,100,APPROVED
COOLAGAD,COOLAGAD,wicklow-census-data.csv,,NO_MATCH,0,NEEDS_REVIEW
Ballynagran,BALLYNAGRAN,aggregated_records.csv,,NO_MATCH,0,NEEDS_REVIEW
BALLYLION LOWER,BALLYLION LOWER,wicklow-census-data.csv,,NO_MATCH,0,NEEDS_REVIEW
KILCOOLE,KILCOOLE,wicklow-census-data.csv,,NO_MATCH,0,NEEDS_REVIEW
Kilballyowen,KILBALLYOWEN,"aggregated_records.csv, tenancies.csv",Kilballyowen,EXACT,100,APPROVED
ARKLOW TOWNSHIP PART OF (F),ARKLOW TOWNSHIP PART OF (F),wicklow-census-data.csv,,NO_MATCH,0,NEEDS_REVIEW
WHITEROCK,WHITEROCK,"unified_census.csv, wicklow-census-data.csv",WHITEROCK,EXACT,100,APPROVED
BALLYCURRAGH,BALLYCURRAGH,wicklow-census-data.csv,,NO_MATCH,0,NEEDS_REVIEW
Askikeagh,ASKIKEAGH,"aggregated_records.csv, tenancies.csv",ASKAKEAGH,FUZZY,89,PENDING
Sliverroe,SLIVERROE,aggregated_records.csv,SLIEVEROE,FUZZY,89,PENDING
MONEYMORE,MONEYMORE,wicklow-census-data.csv,,NO_MATCH,0,NEEDS_REVIEW
KILLAVENY,KILLAVENY,"unified_census.csv, wicklow-census-data.csv",KILLAVENY,EXACT,100,APPROVED
munny,MUNNY,aggregated_records.csv,,NO_MATCH,0,NEEDS_REVIEW
croneyhorn,CRONEYHORN,aggregated_records.csv,,NO_MATCH,0,NEEDS_REVIEW
TOBERPATRICK,TOBERPATRICK,"unified_census.csv, wicklow-census-data.csv",TOBERPATRICK,EXACT,100,APPROVED
Lanagh,LANAGH,aggregated_records.csv,LARAGH,FUZZY,83,PENDING
SEABANK,SEABANK,wicklow-census-data.csv,,NO_MATCH,0,NEEDS_REVIEW
Killinure,KILLINURE,"aggregated_records.csv, tenancies.csv",Killinure,EXACT,100,APPROVED
coolattin and coolattin park,COOLATTIN AND COOLATTIN PARK,aggregated_records.csv,,NO_MATCH,0,NEEDS_REVIEW
Kilpoole,KILPOOLE,"aggregated_records.csv, tenancies.csv",,NO_MATCH,0,NEEDS_REVIEW
knocknadoomcoyle,KNOCKNADOOMCOYLE,aggregated_records.csv,KNOCKATOMCOYLE,FUZZY,87,PENDING
TINAKELLY,TINAKELLY,wicklow-census-data.csv,TINAHELY,FUZZY,82,PENDING
BURGAGE MORE,BURGAGE MORE,wicklow-census-data.csv,,NO_MATCH,0,NEEDS_REVIEW
stoops,STOOPS,aggregated_records.csv,stoops,EXACT,100,APPROVED
SLANEY PARK,SLANEY PARK,wicklow-census-data.csv,,NO_MATCH,0,NEEDS_REVIEW
Monaghcullen,MONAGHCULLEN,aggregated_records.csv,,NO_MATCH,0,NEEDS_REVIEW
WICKLOW T PT OF (W),WICKLOW T PT OF (W),wicklow-census-data.csv,,NO_MATCH,0,NEEDS_REVIEW
DOODYS BOTTOMS,DOODYS BOTTOMS,wicklow-census-data.csv,,NO_MATCH,0,NEEDS_REVIEW
Kililnure,KILILNURE,"aggregated_records.csv, tenancies.csv",KILLINURE,FUZZY,89,PENDING
SROUGHAN,SROUGHAN,wicklow-census-data.csv,,NO_MATCH,0,NEEDS_REVIEW
Whitefield,WHITEFIELD,"aggregated_records.csv, tenancies.csv",Whitefield,EXACT,100,APPROVED
tinihaley,TINIHALEY,aggregated_records.csv,,NO_MATCH,0,NEEDS_REVIEW
Sleaghcoyle and Sleaghroe,SLEAGHCOYLE AND SLEAGHROE,aggregated_records.csv,,NO_MATCH,0,NEEDS_REVIEW
New Roe,NEW ROE,aggregated_records.csv,,NO_MATCH,0,NEEDS_REVIEW
knockeen,KNOCKEEN,aggregated_records.csv,knockeen,EXACT,100,APPROVED
BALLYROOAUN,BALLYROOAUN,wicklow-census-data.csv,,NO_MATCH,0,NEEDS_REVIEW
SCALP,SCALP,wicklow-census-data.csv,,NO_MATCH,0,NEEDS_REVIEW
Carrigacrow,CARRIGACROW,"aggregated_records.csv, tenancies.csv",CARRIGROE,FUZZY,80,PENDING
CARRYCOLE,CARRYCOLE,wicklow-census-data.csv,,NO_MATCH,0,NEEDS_REVIEW
KILNAMANAGH BEG,KILNAMANAGH BEG,wicklow-census-data.csv,,NO_MATCH,0,NEEDS_REVIEW
Ballenglen,BALLENGLEN,aggregated_records.csv,BALLINGLEN,FUZZY,90,PENDING
BELLINGLEN,BELLINGLEN,wicklow-census-data.csv,BALLINGLEN,FUZZY,90,PENDING
DUNRANHILL,DUNRANHILL,wicklow-census-data.csv,,NO_MATCH,0,NEEDS_REVIEW
TEMPLERAINY,TEMPLERAINY,wicklow-census-data.csv,,NO_MATCH,0,NEEDS_REVIEW
BALLYMANUS,BALLYMANUS,wicklow-census-data.csv,,NO_MATCH,0,NEEDS_REVIEW
Coolhanica ?,COOLHANICA ?,aggregated_records.csv,,NO_MATCH,0,NEEDS_REVIEW
newtown,NEWTOWN,aggregated_records.csv,newtown,EXACT,100,APPROVED
ballinvally,BALLINVALLY,aggregated_records.csv,,NO_MATCH,0,NEEDS_REVIEW
CHERRYMOUNT,CHERRYMOUNT,wicklow-census-data.csv,,NO_MATCH,0,NEEDS_REVIEW
KILCOAGH EAST,KILCOAGH EAST,wicklow-census-data.csv,,NO_MATCH,0,NEEDS_REVIEW
Ballinalla,BALLINALLA,"aggregated_records.csv, tenancies.csv",,NO_MATCH,0,NEEDS_REVIEW
cronyhorn lower,CRONYHORN LOWER,aggregated_records.csv,cronyhorn lower,EXACT,100,APPROVED
BARNACLEAGH EAST,BARNACLEAGH EAST,wicklow-census-data.csv,,NO_MATCH,0,NEEDS_REVIEW
ANNACRIVEY,ANNACRIVEY,wicklow-census-data.csv,,NO_MATCH,0,NEEDS_REVIEW
mungacullen,MUNGACULLEN,aggregated_records.csv,MUNGACULLIN,FUZZY,91,PENDING
BALLYSHEEMAN,BALLYSHEEMAN,wicklow-census-data.csv,,NO_MATCH,0,NEEDS_REVIEW
Towerboy,TOWERBOY,"aggregated_records.csv, tenancies.csv",TOORBOY,FUZZY,80,PENDING
motybower,MOTYBOWER,aggregated_records.csv,MOTABOWER,FUZZY,89,PENDING
aghowle,AGHOWLE,aggregated_records.csv,GOWLE,FUZZY,83,PENDING
CASTLERUDDERY LOWER,CASTLERUDDERY LOWER,wicklow-census-data.csv,,NO_MATCH,0,NEEDS_REVIEW
LUGNAGUN GREAT,LUGNAGUN GREAT,wicklow-census-data.csv,,NO_MATCH,0,NEEDS_REVIEW
CULLEN LOWER,CULLEN LOWER,wicklow-census-data.csv,,NO_MATCH,0,NEEDS_REVIEW
slievenamough plain,SLIEVENAMOUGH PLAIN,aggregated_records.csv,slievenamough plain,EXACT,100,APPROVED
tomeagle and preban,TOMEAGLE AND PREBAN,aggregated_records.csv,,NO_MATCH,0,NEEDS_REVIEW
Boleynakill and Stump,BOLEYNAKILL AND STUMP,"aggregated_records.csv, tenancies.csv",,NO_MATCH,0,NEEDS_REVIEW
Mehassy (? illegible word),MEHASSY (? ILLEGIBLE WORD),aggregated_records.csv,,NO_MATCH,0,NEEDS_REVIEW
ballinulton,BALLINULTON,aggregated_records.csv,,NO_MATCH,0,NEEDS_REVIEW
coolboy and hillbrook,COOLBOY AND HILLBROOK,aggregated_records.csv,,NO_MATCH,0,NEEDS_REVIEW
BALLYDUFF LOWER,BALLYDUFF LOWER,wicklow-census-data.csv,,NO_MATCH,0,NEEDS_REVIEW
Tomcoyle,TOMCOYLE,"aggregated_records.csv, tenancies.csv",Tomcoyle,EXACT,100,APPROVED
BOLEYNASS UPPER,BOLEYNASS UPPER,wicklow-census-data.csv,,NO_MATCH,0,NEEDS_REVIEW
Newcastlle at Blackditch,NEWCASTLLE AT BLACKDITCH,aggregated_records.csv,,NO_MATCH,0,NEEDS_REVIEW
slieveroe,SLIEVEROE,aggregated_records.csv,slieveroe,EXACT,100,APPROVED
BROUGHILLS HILL,BROUGHILLS HILL,wicklow-census-data.csv,,NO_MATCH,0,NEEDS_REVIEW
ASKINTINNY,ASKINTINNY,wicklow-census-data.csv,,NO_MATCH,0,NEEDS_REVIEW
Boleybawn,BOLEYBAWN,"aggregated_records.csv, tenancies.csv",Boleybawn,EXACT,100,APPROVED
murrigarr,MURRIGARR,aggregated_records.csv,,NO_MATCH,0,NEEDS_REVIEW
BRAY TOWNSHIP PT OF (H),BRAY TOWNSHIP PT OF (H),wicklow-census-data.csv,,NO_MATCH,0,NEEDS_REVIEW
RATH,RATH,"unified_census.csv, wicklow-census-data.csv",RATH,EXACT,100,APPROVED
KILBRIDE (ED Dunganstown East),KILBRIDE (ED DUNGANSTOWN EAST),wicklow-census-data.csv,,NO_MATCH,0,NEEDS_REVIEW
Corravanish,CORRAVANISH,aggregated_records.csv,CURRAVANISH,FUZZY,91,PENDING
MULLYCAGH LOWER,MULLYCAGH LOWER,wicklow-census-data.csv,,NO_MATCH,0,NEEDS_REVIEW
KNOCKANOOKER UPPER,KNOCKANOOKER UPPER,wicklow-census-data.csv,,NO_MATCH,0,NEEDS_REVIEW
CORPORATION LAND (1st Division),CORPORATION LAND (1ST DIVISION),wicklow-census-data.csv,,NO_MATCH,0,NEEDS_REVIEW
Carrickaron,CARRICKARON,aggregated_records.csv,,NO_MATCH,0,NEEDS_REVIEW
BALTYNANIMA,BALTYNANIMA,wicklow-census-data.csv,,NO_MATCH,0,NEEDS_REVIEW
BELLEVUE DEMESNE,BELLEVUE DEMESNE,wicklow-census-data.csv,,NO_MATCH,0,NEEDS_REVIEW
RAHEENGRANEY,RAHEENGRANEY,"unified_census.csv, wicklow-census-data.csv",RAHEENGRANEY,EXACT,100,APPROVED
Coolafancy,COOLAFANCY,"aggregated_records.csv, tenancies.csv",Coolafancy,EXACT,100,APPROVED
BALLYSIZE LOWER,BALLYSIZE LOWER,wicklow-census-data.csv,,NO_MATCH,0,NEEDS_REVIEW
KILLEAGH,KILLEAGH,wicklow-census-data.csv,,NO_MATCH,0,NEEDS_REVIEW
Blackditch,BLACKDITCH,"aggregated_records.csv, tenancies.csv",,NO_MATCH,0,NEEDS_REVIEW
BALLYMACSIMON,BALLYMACSIMON,wicklow-census-data.csv,,NO_MATCH,0,NEEDS_REVIEW
SHILLELAGH T,SHILLELAGH T,wicklow-census-data.csv,,NO_MATCH,0,NEEDS_REVIEW
CRICKAWN,CRICKAWN,wicklow-census-data.csv,,NO_MATCH,0,NEEDS_REVIEW
MULLANS,MULLANS,wicklow-census-data.csv,,NO_MATCH,0,NEEDS_REVIEW
Cronelea,CRONELEA,"aggregated_records.csv, tenancies.csv",Cronelea,EXACT,100,APPROVED
Slievenamough,SLIEVENAMOUGH,"aggregated_records.csv, tenancies.csv",Slievenamough,EXACT,100,APPROVED
KILLOUGH UPPER,KILLOUGH UPPER,wicklow-census-data.csv,,NO_MATCH,0,NEEDS_REVIEW
carrickacrow,CARRICKACROW,aggregated_records.csv,,NO_MATCH,0,NEEDS_REVIEW
Ballisland,BALLISLAND,"aggregated_records.csv, tenancies.csv",BALISLAND,FUZZY,95,PENDING
coolross,COOLROSS,aggregated_records.csv,coolross,EXACT,100,APPROVED
CARRIGATHEME,CARRIGATHEME,"unified_census.csv, wicklow-census-data.csv",CARRIGATHEME,EXACT,100,APPROVED
Halverstown,HALVERSTOWN,"aggregated_records.csv, tenancies.csv",,NO_MATCH,0,NEEDS_REVIEW
collattin,COLLATTIN,aggregated_records.csv,COOLATTIN,FUZZY,89,PENDING
Kilmalone,KILMALONE,aggregated_records.csv,,NO_MATCH,0,NEEDS_REVIEW
Monaghulen,MONAGHULEN,"aggregated_records.csv, tenancies.csv",,NO_MATCH,0,NEEDS_REVIEW
REDCROSS T,REDCROSS T,wicklow-census-data.csv,,NO_MATCH,0,NEEDS_REVIEW
Ballynamanoge,BALLYNAMANOGE,"aggregated_records.csv, tenancies.csv",Ballynamanoge,EXACT,100,APPROVED
Glenphilipeen/Tinahely,GLENPHILIPEEN/TINAHELY,aggregated_records.csv,,NO_MATCH,0,NEEDS_REVIEW
COONANSTOWN,COONANSTOWN,wicklow-census-data.csv,,NO_MATCH,0,NEEDS_REVIEW
ballraghine,BALLRAGHINE,aggregated_records.csv,,NO_MATCH,0,NEEDS_REVIEW
Wicklow at Bolarney,WICKLOW AT BOLARNEY,aggregated_records.csv,,NO_MATCH,0,NEEDS_REVIEW
CROSSCOOLHARBOUR,CROSSCOOLHARBOUR,wicklow-census-data.csv,,NO_MATCH,0,NEEDS_REVIEW
DUNBOYKE,DUNBOYKE,wicklow-census-data.csv,,NO_MATCH,0,NEEDS_REVIEW
BLACKROCK,BLACKROCK,wicklow-census-data.csv,,NO_MATCH,0,NEEDS_REVIEW
KILTIMON,KILTIMON,wicklow-census-data.csv,,NO_MATCH,0,NEEDS_REVIEW
Slievemaan,SLIEVEMAAN,"aggregated_records.csv, tenancies.csv",Slievemaan,EXACT,100,APPROVED
Muskeagh,MUSKEAGH,"aggregated_records.csv, tenancies.csv",Muskeagh,EXACT,100,APPROVED
BALLYGAHAN LOWER,BALLYGAHAN LOWER,wicklow-census-data.csv,,NO_MATCH,0,NEEDS_REVIEW
COOLAFLAKE,COOLAFLAKE,wicklow-census-data.csv,,NO_MATCH,0,NEEDS_REVIEW
whitefield,WHITEFIELD,aggregated_records.csv,whitefield,EXACT,100,APPROVED
KILLOUGH LOWER,KILLOUGH LOWER,wicklow-census-data.csv,,NO_MATCH,0,NEEDS_REVIEW
toorboy,TOORBOY,aggregated_records.csv,toorboy,EXACT,100,APPROVED
farnees,FARNEES,aggregated_records.csv,farnees,EXACT,100,APPROVED
Sleaghroe,SLEAGHROE,"aggregated_records.csv, tenancies.csv",,NO_MATCH,0,NEEDS_REVIEW
money lower,MONEY LOWER,aggregated_records.csv,money lower,EXACT,100,APPROVED
Kileavan Upper,KILEAVAN UPPER,"aggregated_records.csv, tenancies.csv",KILCAVAN UPPER,FUZZY,93,PENDING
AGHAVANNAGH (Ram),AGHAVANNAGH (RAM),wicklow-census-data.csv,,NO_MATCH,0,NEEDS_REVIEW
whiterock,WHITEROCK,aggregated_records.csv,whiterock,EXACT,100,APPROVED
KILCAVAN LOWER,KILCAVAN LOWER,"unified_census.csv, wicklow-census-data.csv",KILCAVAN LOWER,EXACT,100,APPROVED
Rathingrancy,RATHINGRANCY,"aggregated_records.csv, tenancies.csv",,NO_MATCH,0,NEEDS_REVIEW
Tubberpatrick,TUBBERPATRICK,"aggregated_records.csv, tenancies.csv",TOBERPATRICK,FUZZY,88,PENDING
EADESTOWN NORTH,EADESTOWN NORTH,wicklow-census-data.csv,,NO_MATCH,0,NEEDS_REVIEW
strathnakelly,STRATHNAKELLY,aggregated_records.csv,STRANAKELLY,FUZZY,92,PENDING
Coolfancy,COOLFANCY,"aggregated_records.csv, tenancies.csv",COOLAFANCY,FUZZY,95,PENDING
BALLYTOOLE UPPER,BALLYTOOLE UPPER,wicklow-census-data.csv,,NO_MATCH,0,NEEDS_REVIEW
TEMPLECARRIG LOWER,TEMPLECARRIG LOWER,wicklow-census-data.csv,,NO_MATCH,0,NEEDS_REVIEW
BALLYNAGRAN (ED Glenealy),BALLYNAGRAN (ED GLENEALY),wicklow-census-data.csv,,NO_MATCH,0,NEEDS_REVIEW
BALLYMAGHROE,BALLYMAGHROE,wicklow-census-data.csv,BALLYMARROGE,FUZZY,83,PENDING
ENNISBOYNE,ENNISBOYNE,wicklow-census-data.csv,,NO_MATCH,0,NEEDS_REVIEW
BARRANISKY EAST,BARRANISKY EAST,wicklow-census-data.csv,,NO_MATCH,0,NEEDS_REVIEW
umrigar,UMRIGAR,aggregated_records.csv,UMRYGAR,FUZZY,86,PENDING
BALLYPHILIP,BALLYPHILIP,wicklow-census-data.csv,,NO_MATCH,0,NEEDS_REVIEW
RATHSALLAGH,RATHSALLAGH,wicklow-census-data.csv,,NO_MATCH,0,NEEDS_REVIEW
BALLYNASCULLOGE UPPER,BALLYNASCULLOGE UPPER,wicklow-census-data.csv,,NO_MATCH,0,NEEDS_REVIEW
Hillbrook Upper,HILLBROOK UPPER,"aggregated_records.csv, tenancies.csv",Hillbrook Upper,EXACT,100,APPROVED
KILBALLYOWEN,KILBALLYOWEN,"unified_census.csv, wicklow-census-data.csv",KILBALLYOWEN,EXACT,100,APPROVED
coolfancy,COOLFANCY,aggregated_records.csv,COOLAFANCY,FUZZY,95,PENDING
Killibegge,KILLIBEGGE,aggregated_records.csv,,NO_MATCH,0,NEEDS_REVIEW
Ballyknocker West,BALLYKNOCKER WEST,"aggregated_records.csv, tenancies.csv",Ballyknocker West,EXACT,100,APPROVED
Knockkeen,KNOCKKEEN,"aggregated_records.csv, tenancies.csv",KNOCKEEN,FUZZY,94,PENDING
COOLADOYLE,COOLADOYLE,wicklow-census-data.csv,,NO_MATCH,0,NEEDS_REVIEW
BALLYBRACK BEG,BALLYBRACK BEG,wicklow-census-data.csv,,NO_MATCH,0,NEEDS_REVIEW
TIMULLIN,TIMULLIN,wicklow-census-data.csv,,NO_MATCH,0,NEEDS_REVIEW
Tomnaschaley,TOMNASCHALEY,aggregated_records.csv,,NO_MATCH,0,NEEDS_REVIEW
ballinden,BALLINDEN,aggregated_records.csv,BALLINGLEN,FUZZY,84,PENDING
kilquiggin,KILQUIGGIN,aggregated_records.csv,kilquiggin,EXACT,100,APPROVED
KILLACLORAN,KILLACLORAN,wicklow-census-data.csv,,NO_MATCH,0,NEEDS_REVIEW
BRUSSELSTOWN,BRUSSELSTOWN,wicklow-census-data.csv,,NO_MATCH,0,NEEDS_REVIEW
Ballycumber,BALLYCUMBER,"aggregated_records.csv, tenancies.csv",,NO_MATCH,0,NEEDS_REVIEW
Ballinavortha,BALLINAVORTHA,"aggregated_records.csv, tenancies.csv",BALLYNAVORTHA,FUZZY,92,PENDING
tomnifinogue,TOMNIFINOGUE,aggregated_records.csv,TOMNAFINNOGE,FUZZY,83,PENDING
carrickaron,CARRICKARON,aggregated_records.csv,,NO_MATCH,0,NEEDS_REVIEW
COOLAFANCY,COOLAFANCY,"unified_census.csv, wicklow-census-data.csv",COOLAFANCY,EXACT,100,APPROVED
MILL LAND,MILL LAND,"unified_census.csv, wicklow-census-data.csv",MILL LAND,EXACT,100,APPROVED
harney at carnacanick,HARNEY AT CARNACANICK,aggregated_records.csv,,NO_MATCH,0,NEEDS_REVIEW
boleynakill barrenbawn,BOLEYNAKILL BARRENBAWN,aggregated_records.csv,,NO_MATCH,0,NEEDS_REVIEW
DRUMMIN (ED Ballingate),DRUMMIN (ED BALLINGATE),wicklow-census-data.csv,,NO_MATCH,0,NEEDS_REVIEW
deerpark,DEERPARK,aggregated_records.csv,deerpark,EXACT,100,APPROVED
BALLYKNOCKER,BALLYKNOCKER,"unified_census.csv, wicklow-census-data.csv",BALLYKNOCKER,EXACT,100,APPROVED
BALLYNURE PARK,BALLYNURE PARK,wicklow-census-data.csv,,NO_MATCH,0,NEEDS_REVIEW
farnees and bridgeland,FARNEES AND BRIDGELAND,aggregated_records.csv,,NO_MATCH,0,NEEDS_REVIEW
NEWTOWN Mt. KENNEDY,NEWTOWN MT. KENNEDY,wicklow-census-data.csv,,NO_MATCH,0,NEEDS_REVIEW
corrandagg,CORRANDAGG,aggregated_records.csv,,NO_MATCH,0,NEEDS_REVIEW
POWERSCOURT PADDOCK,POWERSCOURT PADDOCK,wicklow-census-data.csv,,NO_MATCH,0,NEEDS_REVIEW
BALLYARTHUR,BALLYARTHUR,wicklow-census-data.csv,,NO_MATCH,0,NEEDS_REVIEW
SRAGHMORE,SRAGHMORE,wicklow-census-data.csv,,NO_MATCH,0,NEEDS_REVIEW
coolruss and tinahaley,COOLRUSS AND TINAHALEY,aggregated_records.csv,,NO_MATCH,0,NEEDS_REVIEW
coonaranick,COONARANICK,aggregated_records.csv,,NO_MATCH,0,NEEDS_REVIEW
Raheenteige,RAHEENTEIGE,"aggregated_records.csv, tenancies.csv",Raheenteige,EXACT,100,APPROVED
KNOCKATOMCOYLE,KNOCKATOMCOYLE,"unified_census.csv, wicklow-census-data.csv",KNOCKATOMCOYLE,EXACT,100,APPROVED
KNOXTERSHILL,KNOXTERSHILL,wicklow-census-data.csv,,NO_MATCH,0,NEEDS_REVIEW
knockkeen,KNOCKKEEN,aggregated_records.csv,KNOCKEEN,FUZZY,94,PENDING
KNOCKFADDA,KNOCKFADDA,wicklow-census-data.csv,,NO_MATCH,0,NEEDS_REVIEW
tinahely rosbawn,TINAHELY ROSBAWN,aggregated_records.csv,,NO_MATCH,0,NEEDS_REVIEW
Park Coolruss,PARK COOLRUSS,aggregated_records.csv,,NO_MATCH,0,NEEDS_REVIEW
glasnarget,GLASNARGET,aggregated_records.csv,,NO_MATCH,0,NEEDS_REVIEW
gould,GOULD,aggregated_records.csv,,NO_MATCH,0,NEEDS_REVIEW
TOMANIERIN LOWER,TOMANIERIN LOWER,wicklow-census-data.csv,,NO_MATCH,0,NEEDS_REVIEW
Tinahely and Coolruss,TINAHELY AND COOLRUSS,aggregated_records.csv,,NO_MATCH,0,NEEDS_REVIEW
Rathingeaney,RATHINGEANEY,"aggregated_records.csv, tenancies.csv",,NO_MATCH,0,NEEDS_REVIEW
KNICKEEN,KNICKEEN,wicklow-census-data.csv,KNOCKEEN,FUZZY,88,PENDING
Ballinden,BALLINDEN,aggregated_records.csv,BALLINGLEN,FUZZY,84,PENDING
coolafancy,COOLAFANCY,aggregated_records.csv,coolafancy,EXACT,100,APPROVED
BUTTER MOUNTAIN,BUTTER MOUNTAIN,wicklow-census-data.csv,,NO_MATCH,0,NEEDS_REVIEW
SROUGHMORE,SROUGHMORE,wicklow-census-data.csv,,NO_MATCH,0,NEEDS_REVIEW
KILNAMANAGH MORE,KILNAMANAGH MORE,wicklow-census-data.csv,,NO_MATCH,0,NEEDS_REVIEW
GOWLE,GOWLE,"unified_census.csv, wicklow-census-data.csv",GOWLE,EXACT,100,APPROVED
BOLEYNASS LOWER,BOLEYNASS LOWER,wicklow-census-data.csv,,NO_MATCH,0,NEEDS_REVIEW
KILLISKEY T,KILLISKEY T,wicklow-census-data.csv,,NO_MATCH,0,NEEDS_REVIEW
COWPASTURE,COWPASTURE,wicklow-census-data.csv,,NO_MATCH,0,NEEDS_REVIEW
WHITESTOWN LOWER,WHITESTOWN LOWER,wicklow-census-data.csv,,NO_MATCH,0,NEEDS_REVIEW
BRITTAS,BRITTAS,wicklow-census-data.csv,,NO_MATCH,0,NEEDS_REVIEW
MONEYLANE,MONEYLANE,wicklow-census-data.csv,,NO_MATCH,0,NEEDS_REVIEW
Mungacullen,MUNGACULLEN,"aggregated_records.csv, tenancies.csv",MUNGACULLIN,FUZZY,91,PENDING
KILCARNEY LOWER,KILCARNEY LOWER,wicklow-census-data.csv,KILCAVAN LOWER,FUZZY,83,PENDING
BARRADERRY NORTH,BARRADERRY NORTH,wicklow-census-data.csv,,NO_MATCH,0,NEEDS_REVIEW
kilbally,KILBALLY,aggregated_records.csv,KILBALLYOWEN,FUZZY,80,PENDING
MONEYSTOWN SOUTH,MONEYSTOWN SOUTH,wicklow-census-data.csv,,NO_MATCH,0,NEEDS_REVIEW
drumin,DRUMIN,aggregated_records.csv,DRUMMIN,FUZZY,92,PENDING
GLENNASHOUK,GLENNASHOUK,"unified_census.csv, wicklow-census-data.csv",GLENNASHOUK,EXACT,100,APPROVED
MINMORE,MINMORE,"unified_census.csv, wicklow-census-data.csv",MINMORE,EXACT,100,APPROVED
Ballyluckin,BALLYLUCKIN,aggregated_records.csv,,NO_MATCH,0,NEEDS_REVIEW
INCHANAPPA SOUTH,INCHANAPPA SOUTH,wicklow-census-data.csv,,NO_MATCH,0,NEEDS_REVIEW
Paulbegg,PAULBEGG,"aggregated_records.csv, tenancies.csv",PAULBEG,FUZZY,93,PENDING
Lascoleman,LASCOLEMAN,"aggregated_records.csv, tenancies.csv",LISCOLMAN,FUZZY,84,PENDING
ENGLISHTOWN,ENGLISHTOWN,wicklow-census-data.csv,,NO_MATCH,0,NEEDS_REVIEW
Ballynerra,BALLYNERRA,aggregated_records.csv,,NO_MATCH,0,NEEDS_REVIEW
BALLYDUFF NORTH,BALLYDUFF NORTH,wicklow-census-data.csv,,NO_MATCH,0,NEEDS_REVIEW
BALLYREASK,BALLYREASK,wicklow-census-data.csv,,NO_MATCH,0,NEEDS_REVIEW
Carraghlawn,CARRAGHLAWN,"aggregated_records.csv, tenancies.csv",CURRAGHLAWN,FUZZY,91,PENDING
PADDOCK,PADDOCK,wicklow-census-data.csv,,NO_MATCH,0,NEEDS_REVIEW
BALLYKNOCKAN T,BALLYKNOCKAN T,wicklow-census-data.csv,,NO_MATCH,0,NEEDS_REVIEW
Cronyhorn Lower,CRONYHORN LOWER,"aggregated_records.csv, tenancies.csv",Cronyhorn Lower,EXACT,100,APPROVED
coolelug,COOLELUG,aggregated_records.csv,COOLALUG,FUZZY,88,PENDING
CUNNIAMSTOWN BIG,CUNNIAMSTOWN BIG,wicklow-census-data.csv,,NO_MATCH,0,NEEDS_REVIEW
rathnakill,RATHNAKILL,aggregated_records.csv,,NO_MATCH,0,NEEDS_REVIEW
Barrinbacon,BARRINBACON,"aggregated_records.csv, tenancies.csv",,NO_MATCH,0,NEEDS_REVIEW
HARRISTOWN,HARRISTOWN,wicklow-census-data.csv,,NO_MATCH,0,NEEDS_REVIEW
NEWTOWNMOUNTKENNEDY T,NEWTOWNMOUNTKENNEDY T,wicklow-census-data.csv,,NO_MATCH,0,NEEDS_REVIEW
cronyhorn,CRONYHORN,aggregated_records.csv,,NO_MATCH,0,NEEDS_REVIEW
CHARLEVILLE DEMESNE,CHARLEVILLE DEMESNE,wicklow-census-data.csv,,NO_MATCH,0,NEEDS_REVIEW
MANGANS,MANGANS,"unified_census.csv, wicklow-census-data.csv",MANGANS,EXACT,100,APPROVED
BALLINFOYLE LOWER,BALLINFOYLE LOWER,wicklow-census-data.csv,,NO_MATCH,0,NEEDS_REVIEW
TUCKMILL UPPER,TUCKMILL UPPER,wicklow-census-data.csv,,NO_MATCH,0,NEEDS_REVIEW
BALLYCORE,BALLYCORE,wicklow-census-data.csv,,NO_MATCH,0,NEEDS_REVIEW
new roe,NEW ROE,aggregated_records.csv,,NO_MATCH,0,NEEDS_REVIEW
Rasnastraw     (in lease),RASNASTRAW     (IN LEASE),tenancies.csv,,NO_MATCH,0,NEEDS_REVIEW
Sleaghcoyle,SLEAGHCOYLE,"aggregated_records.csv, tenancies.csv",,NO_MATCH,0,NEEDS_REVIEW
mountpleasant,MOUNTPLEASANT,aggregated_records.csv,mountpleasant,EXACT,100,APPROVED
STUMP of the CASTLE,STUMP OF THE CASTLE,wicklow-census-data.csv,,NO_MATCH,0,NEEDS_REVIEW
BALLYDOWLING HILL,BALLYDOWLING HILL,wicklow-census-data.csv,,NO_MATCH,0,NEEDS_REVIEW
LONGHILL COMMONS,LONGHILL COMMONS,wicklow-census-data.csv,,NO_MATCH,0,NEEDS_REVIEW
coolbroe,COOLBROE,aggregated_records.csv,COOLROE,FUZZY,93,PENDING
bullinagate,BULLINAGATE,aggregated_records.csv,BALLINGATE,FUZZY,86,PENDING
broomhall,BROOMHALL,aggregated_records.csv,,NO_MATCH,0,NEEDS_REVIEW
monaghulen,MONAGHULEN,aggregated_records.csv,,NO_MATCH,0,NEEDS_REVIEW
DEERPARK (ED Baltinglass),DEERPARK (ED BALTINGLASS),wicklow-census-data.csv,,NO_MATCH,0,NEEDS_REVIEW
ASKANAGAP,ASKANAGAP,wicklow-census-data.csv,,NO_MATCH,0,NEEDS_REVIEW
KNOCKROBIN MURRAGH,KNOCKROBIN MURRAGH,wicklow-census-data.csv,,NO_MATCH,0,NEEDS_REVIEW
TOMDARRAGH,TOMDARRAGH,wicklow-census-data.csv,,NO_MATCH,0,NEEDS_REVIEW
rasnastraw in lease,RASNASTRAW IN LEASE,aggregated_records.csv,,NO_MATCH,0,NEEDS_REVIEW
kilcavan,KILCAVAN,aggregated_records.csv,,NO_MATCH,0,NEEDS_REVIEW
Rathshanmore East and West,RATHSHANMORE EAST AND WEST,"aggregated_records.csv, tenancies.csv",,NO_MATCH,0,NEEDS_REVIEW
