source_file,source_townland,source_townland_upper,geojson_townland,match_type,match_score,record_count,approval_status
unified_census.csv,CARRIGATHEME,CARRIGATHEME,CARRIGATHEME,EXACT,100,165,APPROVED
unified_census.csv,WHITEFIELD,WHITEFIELD,WHITEFIELD,EXACT,100,165,APPROVED
unified_census.csv,MULLANS NORTH,MULLANS NORTH,MULLANS NORTH,EXACT,100,165,APPROVED
unified_census.csv,TOBERLOWNAGH,TOBERLOWNAGH,TOBERLOWNAGH,EXACT,100,165,APPROVED
unified_census.csv,GLENPHILIPEEN,GLENPHILIPEEN,GLENPHILIPEEN,EXACT,100,165,APPROVED
unified_census.csv,CARNEW,CARNEW,CARNEW,EXACT,100,165,APPROVED
unified_census.csv,MULLANNASKEAGH,MULLANNASKEAGH,MULLANNASKEAGH,EXACT,100,165,APPROVED
unified_census.csv,LISCOLMAN,LISCOLMAN,LISCOLMAN,EXACT,100,165,APPROVED
unified_census.csv,ROSNASTRAW,ROSNASTRAW,ROSNASTRAW,EXACT,100,165,APPROVED
unified_census.csv,RATHCOYLE LOWER,RATHCOYLE LOWER,RATHCOYLE LOWER,EXACT,100,165,APPROVED
unified_census.csv,CRONELEA,CRONELEA,CRONELEA,EXACT,100,165,APPROVED
unified_census.csv,MOYNE,MOYNE,MOYNE,EXACT,100,165,APPROVED
unified_census.csv,KNOCKEEN,KNOCKEEN,KNOCKEEN,EXACT,100,165,APPROVED
unified_census.csv,RATHCOT,RATHCOT,RATHCOT,EXACT,100,165,APPROVED
unified_census.csv,DRUMMIN,DRUMMIN,DRUMMIN,EXACT,100,165,APPROVED
unified_census.csv,BALLYNAVORTHA,BALLYNAVORTHA,BALLYNAVORTHA,EXACT,100,165,APPROVED
unified_census.csv,MOUNTPLEASANT,MOUNTPLEASANT,MOUNTPLEASANT,EXACT,100,165,APPROVED
unified_census.csv,BALLYNULTAGH,BALLYNULTAGH,BALLYNULTAGH,EXACT,100,165,APPROVED
unified_census.csv,BALLYBEG,BALLYBEG,BALLYBEG,EXACT,100,165,APPROVED
unified_census.csv,TOMACORK,TOMACORK,TOMACORK,EXACT,100,165,APPROVED
unified_census.csv,GREENHALL,GREENHALL,GREENHALL,EXACT,100,165,APPROVED
unified_census.csv,RATHMEAGUE,RATHMEAGUE,RATHMEAGUE,EXACT,100,165,APPROVED
unified_census.csv,MUSKEAGH,MUSKEAGH,MUSKEAGH,EXACT,100,165,APPROVED
unified_census.csv,SLIEVEMAAN,SLIEVEMAAN,SLIEVEMAAN,EXACT,100,165,APPROVED
unified_census.csv,TINAHELY,TINAHELY,TINAHELY,EXACT,100,165,APPROVED
unified_census.csv,SESKIN,SESKIN,SESKIN,EXACT,100,165,APPROVED
unified_census.csv,KILLINURE,KILLINURE,KILLINURE,EXACT,100,165,APPROVED
unified_census.csv,MUNGACULLIN,MUNGACULLIN,MUNGACULLIN,EXACT,100,165,APPROVED
unified_census.csv,KNOCKLOE,KNOCKLOE,KNOCKLOE,EXACT,100,165,APPROVED
unified_census.csv,RODDENAGH,RODDENAGH,RODDENAGH,EXACT,100,165,APPROVED
unified_census.csv,BALLYKNOCKER EAST,BALLYKNOCKER EAST,BALLYKNOCKER EAST,EXACT,100,165,APPROVED
unified_census.csv,RATHSHANMORE EAST,RATHSHANMORE EAST,RATHSHANMORE EAST,EXACT,100,165,APPROVED
unified_census.csv,SLIEVENAMOUGH PLAIN,SLIEVENAMOUGH PLAIN,SLIEVENAMOUGH PLAIN,EXACT,100,165,APPROVED
unified_census.csv,KILCAVAN LOWER,KILCAVAN LOWER,KILCAVAN LOWER,EXACT,100,165,APPROVED
unified_census.csv,CROSS,CROSS,CROSS,EXACT,100,165,APPROVED
unified_census.csv,SLIEVENAMOUGH,SLIEVENAMOUGH,SLIEVENAMOUGH,EXACT,100,165,APPROVED
unified_census.csv,RAHEENGLASS,RAHEENGLASS,RAHEENGLASS,EXACT,100,165,APPROVED
unified_census.csv,KILBALLYOWEN,KILBALLYOWEN,KILBALLYOWEN,EXACT,100,165,APPROVED
unified_census.csv,MONEY LOWER,MONEY LOWER,MONEY LOWER,EXACT,100,165,APPROVED
unified_census.csv,BALLINGUILE,BALLINGUILE,BALLINGUILE,EXACT,100,165,APPROVED
unified_census.csv,TOMNASKELA,TOMNASKELA,TOMNASKELA,EXACT,100,165,APPROVED
unified_census.csv,MULLANS SOUTH,MULLANS SOUTH,MULLANS SOUTH,EXACT,100,165,APPROVED
unified_census.csv,CURRAGHLAWN,CURRAGHLAWN,CURRAGHLAWN,EXACT,100,165,APPROVED
unified_census.csv,SLIEVEROE,SLIEVEROE,SLIEVEROE,EXACT,100,165,APPROVED
unified_census.csv,TULLOWCLAY,TULLOWCLAY,TULLOWCLAY,EXACT,100,165,APPROVED
unified_census.csv,RATH EAST,RATH EAST,RATH EAST,EXACT,100,165,APPROVED
unified_census.csv,WHITEROCK,WHITEROCK,WHITEROCK,EXACT,100,165,APPROVED
unified_census.csv,BALLARD,BALLARD,BALLARD,EXACT,100,165,APPROVED
unified_census.csv,TOMCOYLE,TOMCOYLE,TOMCOYLE,EXACT,100,165,APPROVED
unified_census.csv,KILQUIGGIN,KILQUIGGIN,KILQUIGGIN,EXACT,100,165,APPROVED
unified_census.csv,KILLAVENY,KILLAVENY,KILLAVENY,EXACT,100,165,APPROVED
unified_census.csv,ARDOYNE,ARDOYNE,ARDOYNE,EXACT,100,165,APPROVED
unified_census.csv,TOBERPATRICK,TOBERPATRICK,TOBERPATRICK,EXACT,100,165,APPROVED
unified_census.csv,PREBAN,PREBAN,PREBAN,EXACT,100,165,APPROVED
unified_census.csv,GORTEEN,GORTEEN,GORTEEN,EXACT,100,165,APPROVED
unified_census.csv,BALLYKNOCKER WEST,BALLYKNOCKER WEST,BALLYKNOCKER WEST,EXACT,100,165,APPROVED
unified_census.csv,TOMNAFINNOGE,TOMNAFINNOGE,TOMNAFINNOGE,EXACT,100,165,APPROVED
unified_census.csv,COOLAFANCY,COOLAFANCY,COOLAFANCY,EXACT,100,165,APPROVED
unified_census.csv,KNOCKNAGREE,KNOCKNAGREE,KNOCKNAGREE,EXACT,100,165,APPROVED
unified_census.csv,MILL LAND,MILL LAND,MILL LAND,EXACT,100,165,APPROVED
unified_census.csv,RATHSHANMORE SOUTH,RATHSHANMORE SOUTH,RATHSHANMORE SOUTH,EXACT,100,165,APPROVED
unified_census.csv,SLIEVEMWEEL,SLIEVEMWEEL,SLIEVEMWEEL,EXACT,100,165,APPROVED
unified_census.csv,COOLAFUNSHOGE,COOLAFUNSHOGE,COOLAFUNSHOGE,EXACT,100,165,APPROVED
unified_census.csv,LUMCLOON,LUMCLOON,LUMCLOON,EXACT,100,165,APPROVED
unified_census.csv,RATHBANE,RATHBANE,RATHBANE,EXACT,100,165,APPROVED
unified_census.csv,RAHEENAKIT,RAHEENAKIT,RAHEENAKIT,EXACT,100,165,APPROVED
unified_census.csv,CARRICK,CARRICK,CARRICK,EXACT,100,165,APPROVED
unified_census.csv,BALLYKNOCKER,BALLYKNOCKER,BALLYKNOCKER,EXACT,100,165,APPROVED
unified_census.csv,BALLYRAHEEN,BALLYRAHEEN,BALLYRAHEEN,EXACT,100,165,APPROVED
unified_census.csv,COOLALUG,COOLALUG,COOLALUG,EXACT,100,165,APPROVED
unified_census.csv,KILLABEG,KILLABEG,KILLABEG,EXACT,100,165,APPROVED
unified_census.csv,PARKMORE,PARKMORE,PARKMORE,EXACT,100,165,APPROVED
unified_census.csv,KILPIPE,KILPIPE,KILPIPE,EXACT,100,165,APPROVED
unified_census.csv,CRONYHORN UPPER,CRONYHORN UPPER,CRONYHORN UPPER,EXACT,100,165,APPROVED
unified_census.csv,COOLATTIN,COOLATTIN,COOLATTIN,EXACT,100,165,APPROVED
unified_census.csv,BALLAGH,BALLAGH,BALLAGH,EXACT,100,165,APPROVED
unified_census.csv,BALLYMARROGE,BALLYMARROGE,BALLYMARROGE,EXACT,100,165,APPROVED
unified_census.csv,BALLINACOR,BALLINACOR,BALLINACOR,EXACT,100,165,APPROVED
unified_census.csv,KNOCKATOMCOYLE,KNOCKATOMCOYLE,KNOCKATOMCOYLE,EXACT,100,165,APPROVED
unified_census.csv,MONEY UPPER,MONEY UPPER,MONEY UPPER,EXACT,100,165,APPROVED
unified_census.csv,FARNEES,FARNEES,FARNEES,EXACT,100,165,APPROVED
unified_census.csv,STOOPS,STOOPS,STOOPS,EXACT,100,165,APPROVED
unified_census.csv,TOORBOY,TOORBOY,TOORBOY,EXACT,100,165,APPROVED
unified_census.csv,COOLROE,COOLROE,COOLROE,EXACT,100,165,APPROVED
unified_census.csv,BALLYCONNELL,BALLYCONNELL,BALLYCONNELL,EXACT,100,165,APPROVED
unified_census.csv,CHURCHLAND,CHURCHLAND,CHURCHLAND,EXACT,100,165,APPROVED
unified_census.csv,HILLBROOK LOWER,HILLBROOK LOWER,HILLBROOK LOWER,EXACT,100,165,APPROVED
unified_census.csv,UMRYGAR,UMRYGAR,UMRYGAR,EXACT,100,165,APPROVED
unified_census.csv,GOWLE,GOWLE,GOWLE,EXACT,100,165,APPROVED
unified_census.csv,CRONE,CRONE,CRONE,EXACT,100,165,APPROVED
unified_census.csv,COOLROSS,COOLROSS,COOLROSS,EXACT,100,165,APPROVED
unified_census.csv,COOLATTIN PARK,COOLATTIN PARK,COOLATTIN PARK,EXACT,100,165,APPROVED
unified_census.csv,ROSBANE,ROSBANE,ROSBANE,EXACT,100,165,APPROVED
unified_census.csv,GARRYHOE,GARRYHOE,GARRYHOE,EXACT,100,165,APPROVED
unified_census.csv,BALLYCUMBER SOUTH,BALLYCUMBER SOUTH,BALLYCUMBER SOUTH,EXACT,100,165,APPROVED
unified_census.csv,BARNACASHEL,BARNACASHEL,BARNACASHEL,EXACT,100,165,APPROVED
unified_census.csv,BRIDGELAND,BRIDGELAND,BRIDGELAND,EXACT,100,165,APPROVED
unified_census.csv,GLENNASHOUK,GLENNASHOUK,GLENNASHOUK,EXACT,100,165,APPROVED
unified_census.csv,MINMORE,MINMORE,MINMORE,EXACT,100,165,APPROVED
unified_census.csv,BALLYCUMBER NORTH,BALLYCUMBER NORTH,BALLYCUMBER NORTH,EXACT,100,165,APPROVED
unified_census.csv,COOLBOY,COOLBOY,COOLBOY,EXACT,100,165,APPROVED
unified_census.csv,LARAGH,LARAGH,LARAGH,EXACT,100,165,APPROVED
unified_census.csv,SLIEVEBOY LOWER,SLIEVEBOY LOWER,SLIEVEBOY LOWER,EXACT,100,165,APPROVED
unified_census.csv,QUIGGINROE,QUIGGINROE,QUIGGINROE,EXACT,100,165,APPROVED
unified_census.csv,KNOCKNABOLEY,KNOCKNABOLEY,KNOCKNABOLEY,EXACT,100,165,APPROVED
unified_census.csv,COOLBAWN or COOLBALLINTAGGART,COOLBAWN OR COOLBALLINTAGGART,COOLBAWN or COOLBALLINTAGGART,EXACT,100,165,APPROVED
unified_census.csv,HILLBROOK UPPER,HILLBROOK UPPER,HILLBROOK UPPER,EXACT,100,165,APPROVED
unified_census.csv,RAHEENTEIGE,RAHEENTEIGE,RAHEENTEIGE,EXACT,100,165,APPROVED
unified_census.csv,BALLYKELLY,BALLYKELLY,BALLYKELLY,EXACT,100,165,APPROVED
unified_census.csv,AGHOWLE LOWER,AGHOWLE LOWER,AGHOWLE LOWER,EXACT,100,165,APPROVED
unified_census.csv,KILCAVAN UPPER,KILCAVAN UPPER,KILCAVAN UPPER,EXACT,100,165,APPROVED
unified_census.csv,NEWRY,NEWRY,NEWRY,EXACT,100,165,APPROVED
unified_census.csv,MANGANS,MANGANS,MANGANS,EXACT,100,165,APPROVED
unified_census.csv,BOLEYBAWN,BOLEYBAWN,BOLEYBAWN,EXACT,100,165,APPROVED
unified_census.csv,BARNAMUINGA,BARNAMUINGA,BARNAMUINGA,EXACT,100,165,APPROVED
unified_census.csv,CRONYHORN LOWER,CRONYHORN LOWER,CRONYHORN LOWER,EXACT,100,165,APPROVED
unified_census.csv,CARRIGROE,CARRIGROE,CARRIGROE,EXACT,100,165,APPROVED
unified_census.csv,MOYLISHA,MOYLISHA,MOYLISHA,EXACT,100,165,APPROVED
unified_census.csv,BALLINGATE UPPER,BALLINGATE UPPER,BALLINGATE UPPER,EXACT,100,165,APPROVED
unified_census.csv,STRANAKELLY,STRANAKELLY,STRANAKELLY,EXACT,100,165,APPROVED
unified_census.csv,BOLEY,BOLEY,BOLEY,EXACT,100,165,APPROVED
unified_census.csv,COOLKENNA,COOLKENNA,COOLKENNA,EXACT,100,165,APPROVED
unified_census.csv,RATH,RATH,RATH,EXACT,100,165,APPROVED
unified_census.csv,PARKMORE (Page),PARKMORE (PAGE),PARKMORE (Page),EXACT,100,165,APPROVED
unified_census.csv,BALLINGATE LOWER,BALLINGATE LOWER,BALLINGATE LOWER,EXACT,100,165,APPROVED
unified_census.csv,ASKAKEAGH,ASKAKEAGH,ASKAKEAGH,EXACT,100,165,APPROVED
unified_census.csv,KYLE,KYLE,KYLE,EXACT,100,165,APPROVED
unified_census.csv,LYBAGH,LYBAGH,LYBAGH,EXACT,100,165,APPROVED
unified_census.csv,PAULBEG,PAULBEG,PAULBEG,EXACT,100,165,APPROVED
unified_census.csv,CURRAVANISH,CURRAVANISH,CURRAVANISH,EXACT,100,165,APPROVED
unified_census.csv,LUGDUFF,LUGDUFF,LUGDUFF,EXACT,100,165,APPROVED
unified_census.csv,BALISLAND,BALISLAND,BALISLAND,EXACT,100,165,APPROVED
unified_census.csv,RAHEENGRANEY,RAHEENGRANEY,RAHEENGRANEY,EXACT,100,165,APPROVED
unified_census.csv,BALLYNAMANOGE,BALLYNAMANOGE,BALLYNAMANOGE,EXACT,100,165,APPROVED
unified_census.csv,BALLYSHONOG,BALLYSHONOG,BALLYSHONOG,EXACT,100,165,APPROVED
unified_census.csv,RATHCOYLE UPPER,RATHCOYLE UPPER,RATHCOYLE UPPER,EXACT,100,165,APPROVED
unified_census.csv,SLIEVEBOY UPPER,SLIEVEBOY UPPER,SLIEVEBOY UPPER,EXACT,100,165,APPROVED
unified_census.csv,RATHSHANMORE WEST,RATHSHANMORE WEST,RATHSHANMORE WEST,EXACT,100,165,APPROVED
unified_census.csv,KENNYSTOWN,KENNYSTOWN,KENNYSTOWN,EXACT,100,165,APPROVED
unified_census.csv,TOMBREEN,TOMBREEN,TOMBREEN,EXACT,100,165,APPROVED
unified_census.csv,CORNDOG,CORNDOG,CORNDOG,EXACT,100,165,APPROVED
unified_census.csv,BALLINGUILEHILL,BALLINGUILEHILL,BALLINGUILEHILL,EXACT,100,165,APPROVED
unified_census.csv,AGHOWLE UPPER,AGHOWLE UPPER,AGHOWLE UPPER,EXACT,100,165,APPROVED
aggregated_records.csv,cronelea,CRONELEA,cronelea,EXACT,100,15077,APPROVED
aggregated_records.csv,Rasnastraw,RASNASTRAW,ROSNASTRAW,FUZZY,90,15077,PENDING
aggregated_records.csv,kilpoole,KILPOOLE,,NO_MATCH,0,15077,NEEDS_REVIEW
aggregated_records.csv,Aghold,AGHOLD,,NO_MATCH,0,15077,NEEDS_REVIEW
aggregated_records.csv,ballynultagh,BALLYNULTAGH,ballynultagh,EXACT,100,15077,APPROVED
aggregated_records.csv,Askakeagh,ASKAKEAGH,Askakeagh,EXACT,100,15077,APPROVED
aggregated_records.csv,Ballyrolan,BALLYROLAN,,NO_MATCH,0,15077,NEEDS_REVIEW
aggregated_records.csv,carrigatheme,CARRIGATHEME,carrigatheme,EXACT,100,15077,APPROVED
aggregated_records.csv,knocknagree,KNOCKNAGREE,knocknagree,EXACT,100,15077,APPROVED
aggregated_records.csv,farness,FARNESS,FARNEES,FUZZY,86,15077,PENDING
aggregated_records.csv,Aghowle Lower,AGHOWLE LOWER,Aghowle Lower,EXACT,100,15077,APPROVED
aggregated_records.csv,Kilpipe at Coolbawn,KILPIPE AT COOLBAWN,,NO_MATCH,0,15077,NEEDS_REVIEW
aggregated_records.csv,glenashouk,GLENASHOUK,GLENNASHOUK,FUZZY,95,15077,PENDING
aggregated_records.csv,ruskeen,RUSKEEN,,NO_MATCH,0,15077,NEEDS_REVIEW
aggregated_records.csv,Ballyvole,BALLYVOLE,,NO_MATCH,0,15077,NEEDS_REVIEW
aggregated_records.csv,Monaphullen,MONAPHULLEN,,NO_MATCH,0,15077,NEEDS_REVIEW
aggregated_records.csv,Ballykelly,BALLYKELLY,Ballykelly,EXACT,100,15077,APPROVED
aggregated_records.csv,stratnakelly,STRATNAKELLY,STRANAKELLY,FUZZY,96,15077,PENDING
aggregated_records.csv,ballinavortha,BALLINAVORTHA,BALLYNAVORTHA,FUZZY,92,15077,PENDING
aggregated_records.csv,bullingate,BULLINGATE,BALLINGATE,FUZZY,90,15077,PENDING
aggregated_records.csv,ardoyne,ARDOYNE,ardoyne,EXACT,100,15077,APPROVED
aggregated_records.csv,Coolboy,COOLBOY,Coolboy,EXACT,100,15077,APPROVED
aggregated_records.csv,kileaven,KILEAVEN,KILLAVENY,FUZZY,82,15077,PENDING
aggregated_records.csv,knockadoomeagle,KNOCKADOOMEAGLE,,NO_MATCH,0,15077,NEEDS_REVIEW
aggregated_records.csv,L. Munney,L. MUNNEY,,NO_MATCH,0,15077,NEEDS_REVIEW
aggregated_records.csv,drumin at park,DRUMIN AT PARK,,NO_MATCH,0,15077,NEEDS_REVIEW
aggregated_records.csv,Coolnafinogue,COOLNAFINOGUE,,NO_MATCH,0,15077,NEEDS_REVIEW
aggregated_records.csv,Balycumber,BALYCUMBER,,NO_MATCH,0,15077,NEEDS_REVIEW
aggregated_records.csv,Collattin,COLLATTIN,COOLATTIN,FUZZY,89,15077,PENDING
aggregated_records.csv,ballyknocker east,BALLYKNOCKER EAST,ballyknocker east,EXACT,100,15077,APPROVED
aggregated_records.csv,killacloran,KILLACLORAN,,NO_MATCH,0,15077,NEEDS_REVIEW
aggregated_records.csv,harney and cornavenish,HARNEY AND CORNAVENISH,,NO_MATCH,0,15077,NEEDS_REVIEW
aggregated_records.csv,ballyknockers and deerepark,BALLYKNOCKERS AND DEEREPARK,,NO_MATCH,0,15077,NEEDS_REVIEW
aggregated_records.csv,ballytuskin,BALLYTUSKIN,,NO_MATCH,0,15077,NEEDS_REVIEW
aggregated_records.csv,rosbawn,ROSBAWN,ROSBANE,FUZZY,86,15077,PENDING
aggregated_records.csv,kilpipe and coolbawn,KILPIPE AND COOLBAWN,,NO_MATCH,0,15077,NEEDS_REVIEW
aggregated_records.csv,Kyle,KYLE,Kyle,EXACT,100,15077,APPROVED
aggregated_records.csv,Ballycumber South,BALLYCUMBER SOUTH,Ballycumber South,EXACT,100,15077,APPROVED
aggregated_records.csv,slievenamough,SLIEVENAMOUGH,slievenamough,EXACT,100,15077,APPROVED
aggregated_records.csv,park coolruss,PARK COOLRUSS,,NO_MATCH,0,15077,NEEDS_REVIEW
aggregated_records.csv,Dunbun,DUNBUN,,NO_MATCH,0,15077,NEEDS_REVIEW
aggregated_records.csv,Tinahealy,TINAHEALY,TINAHELY,FUZZY,94,15077,PENDING
aggregated_records.csv,"Mullans, South","MULLANS, SOUTH",MULLANS SOUTH,FUZZY,96,15077,PENDING
aggregated_records.csv,tomnafinogue,TOMNAFINOGUE,TOMNAFINNOGE,FUZZY,92,15077,PENDING
aggregated_records.csv,Newallard [?],NEWALLARD [?],,NO_MATCH,0,15077,NEEDS_REVIEW
aggregated_records.csv,cronythorn,CRONYTHORN,,NO_MATCH,0,15077,NEEDS_REVIEW
aggregated_records.csv,farnees at crossbridge,FARNEES AT CROSSBRIDGE,,NO_MATCH,0,15077,NEEDS_REVIEW
aggregated_records.csv,laragh,LARAGH,laragh,EXACT,100,15077,APPROVED
aggregated_records.csv,Kilaney,KILANEY,,NO_MATCH,0,15077,NEEDS_REVIEW
aggregated_records.csv,lumcloon,LUMCLOON,lumcloon,EXACT,100,15077,APPROVED
aggregated_records.csv,Tinhely,TINHELY,TINAHELY,FUZZY,93,15077,PENDING
aggregated_records.csv,Killabeg,KILLABEG,Killabeg,EXACT,100,15077,APPROVED
aggregated_records.csv,Raheengraney,RAHEENGRANEY,Raheengraney,EXACT,100,15077,APPROVED
aggregated_records.csv,boleybawn,BOLEYBAWN,boleybawn,EXACT,100,15077,APPROVED
aggregated_records.csv,ballicionague,BALLICIONAGUE,,NO_MATCH,0,15077,NEEDS_REVIEW
aggregated_records.csv,Hillbrook Lower,HILLBROOK LOWER,Hillbrook Lower,EXACT,100,15077,APPROVED
aggregated_records.csv,Rathineagh,RATHINEAGH,,NO_MATCH,0,15077,NEEDS_REVIEW
aggregated_records.csv,sleaghroe,SLEAGHROE,,NO_MATCH,0,15077,NEEDS_REVIEW
aggregated_records.csv,Hillbrook and Up Coolboy,HILLBROOK AND UP COOLBOY,,NO_MATCH,0,15077,NEEDS_REVIEW
aggregated_records.csv,Umrigar,UMRIGAR,UMRYGAR,FUZZY,86,15077,PENDING
aggregated_records.csv,Mullans,MULLANS,,NO_MATCH,0,15077,NEEDS_REVIEW
aggregated_records.csv,Tinihaley & Coolbawn,TINIHALEY & COOLBAWN,,NO_MATCH,0,15077,NEEDS_REVIEW
aggregated_records.csv,Park at Drummin,PARK AT DRUMMIN,,NO_MATCH,0,15077,NEEDS_REVIEW
aggregated_records.csv,killibegs,KILLIBEGS,KILLABEG,FUZZY,82,15077,PENDING
aggregated_records.csv,Corballis,CORBALLIS,,NO_MATCH,0,15077,NEEDS_REVIEW
aggregated_records.csv,Kicaven,KICAVEN,,NO_MATCH,0,15077,NEEDS_REVIEW
aggregated_records.csv,slievemaan,SLIEVEMAAN,slievemaan,EXACT,100,15077,APPROVED
aggregated_records.csv,mullans,MULLANS,,NO_MATCH,0,15077,NEEDS_REVIEW
aggregated_records.csv,tubberconagh,TUBBERCONAGH,,NO_MATCH,0,15077,NEEDS_REVIEW
aggregated_records.csv,glenphillipeen,GLENPHILLIPEEN,GLENPHILIPEEN,FUZZY,96,15077,PENDING
aggregated_records.csv,park and drummin,PARK AND DRUMMIN,,NO_MATCH,0,15077,NEEDS_REVIEW
aggregated_records.csv,roddenagh,RODDENAGH,roddenagh,EXACT,100,15077,APPROVED
aggregated_records.csv,Coollattin,COOLLATTIN,COOLATTIN,FUZZY,95,15077,PENDING
aggregated_records.csv,Tinihaley Cottager,TINIHALEY COTTAGER,,NO_MATCH,0,15077,NEEDS_REVIEW
aggregated_records.csv,Rasheenmore,RASHEENMORE,,NO_MATCH,0,15077,NEEDS_REVIEW
aggregated_records.csv,coolafunshoge,COOLAFUNSHOGE,coolafunshoge,EXACT,100,15077,APPROVED
aggregated_records.csv,bahana,BAHANA,,NO_MATCH,0,15077,NEEDS_REVIEW
aggregated_records.csv,poullingate,POULLINGATE,,NO_MATCH,0,15077,NEEDS_REVIEW
aggregated_records.csv,ballicionogue,BALLICIONOGUE,,NO_MATCH,0,15077,NEEDS_REVIEW
aggregated_records.csv,muchlagh,MUCHLAGH,MUCKLAGH,FUZZY,88,15077,PENDING
aggregated_records.csv,seamore,SEAMORE,,NO_MATCH,0,15077,NEEDS_REVIEW
aggregated_records.csv,rathbane,RATHBANE,rathbane,EXACT,100,15077,APPROVED
aggregated_records.csv,Cronyhorn,CRONYHORN,,NO_MATCH,0,15077,NEEDS_REVIEW
aggregated_records.csv,Blackditch and Newcastle,BLACKDITCH AND NEWCASTLE,,NO_MATCH,0,15077,NEEDS_REVIEW
aggregated_records.csv,Urrigan,URRIGAN,,NO_MATCH,0,15077,NEEDS_REVIEW
aggregated_records.csv,Tankersley,TANKERSLEY,,NO_MATCH,0,15077,NEEDS_REVIEW
aggregated_records.csv,Coolbawn or Coolballintaggart,COOLBAWN OR COOLBALLINTAGGART,Coolbawn or Coolballintaggart,EXACT,100,15077,APPROVED
aggregated_records.csv,Blackditch and Ballyadock,BLACKDITCH AND BALLYADOCK,,NO_MATCH,0,15077,NEEDS_REVIEW
aggregated_records.csv,tighlin,TIGHLIN,,NO_MATCH,0,15077,NEEDS_REVIEW
aggregated_records.csv,Coolafunshoge,COOLAFUNSHOGE,Coolafunshoge,EXACT,100,15077,APPROVED
aggregated_records.csv,Ballisland at Yewtree,BALLISLAND AT YEWTREE,,NO_MATCH,0,15077,NEEDS_REVIEW
aggregated_records.csv,lybagh,LYBAGH,lybagh,EXACT,100,15077,APPROVED
aggregated_records.csv,Killybeg,KILLYBEG,KILLABEG,FUZZY,88,15077,PENDING
aggregated_records.csv,tomcoyle and preban,TOMCOYLE AND PREBAN,,NO_MATCH,0,15077,NEEDS_REVIEW
aggregated_records.csv,Moteybower,MOTEYBOWER,MOTABOWER,FUZZY,84,15077,PENDING
aggregated_records.csv,Kilcasen,KILCASEN,,NO_MATCH,0,15077,NEEDS_REVIEW
aggregated_records.csv,Laragh,LARAGH,Laragh,EXACT,100,15077,APPROVED
aggregated_records.csv,Killidrumin,KILLIDRUMIN,,NO_MATCH,0,15077,NEEDS_REVIEW
aggregated_records.csv,hillbrooke,HILLBROOKE,HILLBROOK UPPER,FUZZY,80,15077,PENDING
aggregated_records.csv,Ballinguile,BALLINGUILE,Ballinguile,EXACT,100,15077,APPROVED
aggregated_records.csv,rathcot,RATHCOT,rathcot,EXACT,100,15077,APPROVED
aggregated_records.csv,Murrigarr,MURRIGARR,,NO_MATCH,0,15077,NEEDS_REVIEW
aggregated_records.csv,ballagh,BALLAGH,ballagh,EXACT,100,15077,APPROVED
aggregated_records.csv,Ballinacor,BALLINACOR,Ballinacor,EXACT,100,15077,APPROVED
aggregated_records.csv,Lascolernan,LASCOLERNAN,,NO_MATCH,0,15077,NEEDS_REVIEW
aggregated_records.csv,ballycumber north,BALLYCUMBER NORTH,ballycumber north,EXACT,100,15077,APPROVED
aggregated_records.csv,tansey close,TANSEY CLOSE,,NO_MATCH,0,15077,NEEDS_REVIEW
aggregated_records.csv,Ballynavortha,BALLYNAVORTHA,Ballynavortha,EXACT,100,15077,APPROVED
aggregated_records.csv,Merrymeeting and Knockrobhan,MERRYMEETING AND KNOCKROBHAN,,NO_MATCH,0,15077,NEEDS_REVIEW
aggregated_records.csv,Liscoleman,LISCOLEMAN,LISCOLMAN,FUZZY,95,15077,PENDING
aggregated_records.csv,rasheenmore,RASHEENMORE,,NO_MATCH,0,15077,NEEDS_REVIEW
aggregated_records.csv,ballinguile hill,BALLINGUILE HILL,BALLINGUILEHILL,FUZZY,97,15077,PENDING
aggregated_records.csv,slieveboy upper lower,SLIEVEBOY UPPER LOWER,SLIEVEBOY UPPER,FUZZY,83,15077,PENDING
aggregated_records.csv,Tighlin,TIGHLIN,,NO_MATCH,0,15077,NEEDS_REVIEW
aggregated_records.csv,moyne and sleaghroe,MOYNE AND SLEAGHROE,,NO_MATCH,0,15077,NEEDS_REVIEW
aggregated_records.csv,Minmore,MINMORE,Minmore,EXACT,100,15077,APPROVED
aggregated_records.csv,Carrickgatter,CARRICKGATTER,,NO_MATCH,0,15077,NEEDS_REVIEW
aggregated_records.csv,monagrullen,MONAGRULLEN,,NO_MATCH,0,15077,NEEDS_REVIEW
aggregated_records.csv,Kilpipe,KILPIPE,Kilpipe,EXACT,100,15077,APPROVED
aggregated_records.csv,danburr,DANBURR,,NO_MATCH,0,15077,NEEDS_REVIEW
aggregated_records.csv,coolross and tomcoyle,COOLROSS AND TOMCOYLE,,NO_MATCH,0,15077,NEEDS_REVIEW
aggregated_records.csv,Killybegg,KILLYBEGG,KILLABEG,FUZZY,82,15077,PENDING
aggregated_records.csv,Sesquin,SESQUIN,,NO_MATCH,0,15077,NEEDS_REVIEW
aggregated_records.csv,killaveny,KILLAVENY,killaveny,EXACT,100,15077,APPROVED
aggregated_records.csv,Park and Drumlin,PARK AND DRUMLIN,,NO_MATCH,0,15077,NEEDS_REVIEW
aggregated_records.csv,mullans south,MULLANS SOUTH,mullans south,EXACT,100,15077,APPROVED
aggregated_records.csv,Drumin at Park,DRUMIN AT PARK,,NO_MATCH,0,15077,NEEDS_REVIEW
aggregated_records.csv,Knockloe,KNOCKLOE,Knockloe,EXACT,100,15077,APPROVED
aggregated_records.csv,Coolkenno,COOLKENNO,COOLKENNA,FUZZY,89,15077,PENDING
aggregated_records.csv,Rathmore,RATHMORE,,NO_MATCH,0,15077,NEEDS_REVIEW
aggregated_records.csv,Kilpipe and Tomnaskela,KILPIPE AND TOMNASKELA,,NO_MATCH,0,15077,NEEDS_REVIEW
aggregated_records.csv,raheenakit,RAHEENAKIT,raheenakit,EXACT,100,15077,APPROVED
aggregated_records.csv,Park and Coolrun and Drumin,PARK AND COOLRUN AND DRUMIN,,NO_MATCH,0,15077,NEEDS_REVIEW
aggregated_records.csv,coolalug,COOLALUG,coolalug,EXACT,100,15077,APPROVED
aggregated_records.csv,tubberlonagh,TUBBERLONAGH,TOBERLOWNAGH,FUZZY,83,15077,PENDING
aggregated_records.csv,tinahely and ballinacorby,TINAHELY AND BALLINACORBY,,NO_MATCH,0,15077,NEEDS_REVIEW
aggregated_records.csv,l munney,L MUNNEY,,NO_MATCH,0,15077,NEEDS_REVIEW
aggregated_records.csv,ballyvole,BALLYVOLE,,NO_MATCH,0,15077,NEEDS_REVIEW
aggregated_records.csv,Balliecionogue,BALLIECIONOGUE,,NO_MATCH,0,15077,NEEDS_REVIEW
aggregated_records.csv,knockatomcoyle,KNOCKATOMCOYLE,knockatomcoyle,EXACT,100,15077,APPROVED
aggregated_records.csv,Park and Drummin,PARK AND DRUMMIN,,NO_MATCH,0,15077,NEEDS_REVIEW
aggregated_records.csv,Slieveroe,SLIEVEROE,Slieveroe,EXACT,100,15077,APPROVED
aggregated_records.csv,Minmore at Rathnakill,MINMORE AT RATHNAKILL,,NO_MATCH,0,15077,NEEDS_REVIEW
aggregated_records.csv,Park at Coolruss,PARK AT COOLRUSS,,NO_MATCH,0,15077,NEEDS_REVIEW
aggregated_records.csv,bolarney and ballinorrin,BOLARNEY AND BALLINORRIN,,NO_MATCH,0,15077,NEEDS_REVIEW
aggregated_records.csv,money upper,MONEY UPPER,money upper,EXACT,100,15077,APPROVED
aggregated_records.csv,bolarney knockrobin,BOLARNEY KNOCKROBIN,,NO_MATCH,0,15077,NEEDS_REVIEW
aggregated_records.csv,Carrickgaiter,CARRICKGAITER,,NO_MATCH,0,15077,NEEDS_REVIEW
aggregated_records.csv,Harney and Cornavenish,HARNEY AND CORNAVENISH,,NO_MATCH,0,15077,NEEDS_REVIEW
aggregated_records.csv,Killibeg,KILLIBEG,KILLABEG,FUZZY,88,15077,PENDING
aggregated_records.csv,Tinehaley and Coolruss,TINEHALEY AND COOLRUSS,,NO_MATCH,0,15077,NEEDS_REVIEW
aggregated_records.csv,Glenfillippeen,GLENFILLIPPEEN,GLENPHILIPEEN,FUZZY,81,15077,PENDING
aggregated_records.csv,Corrandagg,CORRANDAGG,,NO_MATCH,0,15077,NEEDS_REVIEW
aggregated_records.csv,Cross,CROSS,Cross,EXACT,100,15077,APPROVED
aggregated_records.csv,Newcastle and Blackditch,NEWCASTLE AND BLACKDITCH,,NO_MATCH,0,15077,NEEDS_REVIEW
aggregated_records.csv,ballinguile,BALLINGUILE,ballinguile,EXACT,100,15077,APPROVED
aggregated_records.csv,Tinehaley,TINEHALEY,,NO_MATCH,0,15077,NEEDS_REVIEW
aggregated_records.csv,Moatabower (Co. Wexford),MOATABOWER (CO. WEXFORD),,NO_MATCH,0,15077,NEEDS_REVIEW
aggregated_records.csv,Molonaskey,MOLONASKEY,,NO_MATCH,0,15077,NEEDS_REVIEW
aggregated_records.csv,Dunban,DUNBAN,,NO_MATCH,0,15077,NEEDS_REVIEW
aggregated_records.csv,killidrumin,KILLIDRUMIN,,NO_MATCH,0,15077,NEEDS_REVIEW
aggregated_records.csv,Wingrove Boleynakells,WINGROVE BOLEYNAKELLS,,NO_MATCH,0,15077,NEEDS_REVIEW
aggregated_records.csv,rathcoyle,RATHCOYLE,,NO_MATCH,0,15077,NEEDS_REVIEW
aggregated_records.csv,sleanamoe,SLEANAMOE,,NO_MATCH,0,15077,NEEDS_REVIEW
aggregated_records.csv,tinahaley and ballinacorby,TINAHALEY AND BALLINACORBY,,NO_MATCH,0,15077,NEEDS_REVIEW
aggregated_records.csv,Rusnastraw,RUSNASTRAW,ROSNASTRAW,FUZZY,90,15077,PENDING
aggregated_records.csv,knocklow,KNOCKLOW,KNOCKLOE,FUZZY,88,15077,PENDING
aggregated_records.csv,rashenmore,RASHENMORE,,NO_MATCH,0,15077,NEEDS_REVIEW
aggregated_records.csv,coolbry,COOLBRY,COOLBOY,FUZZY,86,15077,PENDING
aggregated_records.csv,Harney at Carnacanick,HARNEY AT CARNACANICK,,NO_MATCH,0,15077,NEEDS_REVIEW
aggregated_records.csv,Quigginroe,QUIGGINROE,Quigginroe,EXACT,100,15077,APPROVED
aggregated_records.csv,Coolattin,COOLATTIN,Coolattin,EXACT,100,15077,APPROVED
aggregated_records.csv,Killaleagh,KILLALEAGH,,NO_MATCH,0,15077,NEEDS_REVIEW
aggregated_records.csv,Newcastle,NEWCASTLE,,NO_MATCH,0,15077,NEEDS_REVIEW
aggregated_records.csv,Coolbroe,COOLBROE,COOLROE,FUZZY,93,15077,PENDING
aggregated_records.csv,Lr. Munney,LR. MUNNEY,,NO_MATCH,0,15077,NEEDS_REVIEW
aggregated_records.csv,Mainire [?],MAINIRE [?],,NO_MATCH,0,15077,NEEDS_REVIEW
aggregated_records.csv,Ballygannon & Knockadozen,BALLYGANNON & KNOCKADOZEN,,NO_MATCH,0,15077,NEEDS_REVIEW
aggregated_records.csv,Ballimullen,BALLIMULLEN,,NO_MATCH,0,15077,NEEDS_REVIEW
aggregated_records.csv,Mucklagh,MUCKLAGH,Mucklagh,EXACT,100,15077,APPROVED
aggregated_records.csv,tomcoglen and preban,TOMCOGLEN AND PREBAN,,NO_MATCH,0,15077,NEEDS_REVIEW
aggregated_records.csv,carrigatler,CARRIGATLER,,NO_MATCH,0,15077,NEEDS_REVIEW
aggregated_records.csv,Tomifinogue,TOMIFINOGUE,,NO_MATCH,0,15077,NEEDS_REVIEW
aggregated_records.csv,kyle,KYLE,kyle,EXACT,100,15077,APPROVED
aggregated_records.csv,knockadoomcoyle,KNOCKADOOMCOYLE,KNOCKATOMCOYLE,FUZZY,90,15077,PENDING
aggregated_records.csv,Bolarnew Murragh & Island,BOLARNEW MURRAGH & ISLAND,,NO_MATCH,0,15077,NEEDS_REVIEW
aggregated_records.csv,Corrovanish,CORROVANISH,CURRAVANISH,FUZZY,82,15077,PENDING
aggregated_records.csv,lascoleman,LASCOLEMAN,LISCOLMAN,FUZZY,84,15077,PENDING
aggregated_records.csv,greenhall,GREENHALL,greenhall,EXACT,100,15077,APPROVED
aggregated_records.csv,corrovanish,CORROVANISH,CURRAVANISH,FUZZY,82,15077,PENDING
aggregated_records.csv,askilleagh,ASKILLEAGH,,NO_MATCH,0,15077,NEEDS_REVIEW
aggregated_records.csv,killidreenin,KILLIDREENIN,,NO_MATCH,0,15077,NEEDS_REVIEW
aggregated_records.csv,Tinehaley/Coolran,TINEHALEY/COOLRAN,,NO_MATCH,0,15077,NEEDS_REVIEW
aggregated_records.csv,Ballyshonog,BALLYSHONOG,Ballyshonog,EXACT,100,15077,APPROVED
aggregated_records.csv,Knockeen,KNOCKEEN,Knockeen,EXACT,100,15077,APPROVED
aggregated_records.csv,rosbane,ROSBANE,rosbane,EXACT,100,15077,APPROVED
aggregated_records.csv,dunbun,DUNBUN,,NO_MATCH,0,15077,NEEDS_REVIEW
aggregated_records.csv,ballinalla,BALLINALLA,,NO_MATCH,0,15077,NEEDS_REVIEW
aggregated_records.csv,Ballyoolen,BALLYOOLEN,,NO_MATCH,0,15077,NEEDS_REVIEW
aggregated_records.csv,rathmeigue,RATHMEIGUE,RATHMEAGUE,FUZZY,90,15077,PENDING
aggregated_records.csv,killibegge,KILLIBEGGE,,NO_MATCH,0,15077,NEEDS_REVIEW
aggregated_records.csv,sliverroe,SLIVERROE,SLIEVEROE,FUZZY,89,15077,PENDING
aggregated_records.csv,Rosnakill,ROSNAKILL,,NO_MATCH,0,15077,NEEDS_REVIEW
aggregated_records.csv,kilmullin,KILMULLIN,,NO_MATCH,0,15077,NEEDS_REVIEW
aggregated_records.csv,coolfeaney,COOLFEANEY,COOLAFANCY,FUZZY,80,15077,PENDING
aggregated_records.csv,harney at bridgeland,HARNEY AT BRIDGELAND,,NO_MATCH,0,15077,NEEDS_REVIEW
aggregated_records.csv,racott,RACOTT,,NO_MATCH,0,15077,NEEDS_REVIEW
aggregated_records.csv,ballyrolan,BALLYROLAN,,NO_MATCH,0,15077,NEEDS_REVIEW
aggregated_records.csv,Ballyknockers and Deerepark,BALLYKNOCKERS AND DEEREPARK,,NO_MATCH,0,15077,NEEDS_REVIEW
aggregated_records.csv,coolattin als stoops,COOLATTIN ALS STOOPS,,NO_MATCH,0,15077,NEEDS_REVIEW
aggregated_records.csv,Motybower,MOTYBOWER,MOTABOWER,FUZZY,89,15077,PENDING
aggregated_records.csv,Ballinastraw,BALLINASTRAW,,NO_MATCH,0,15077,NEEDS_REVIEW
aggregated_records.csv,Ballytuskist,BALLYTUSKIST,,NO_MATCH,0,15077,NEEDS_REVIEW
aggregated_records.csv,Drummin,DRUMMIN,Drummin,EXACT,100,15077,APPROVED
aggregated_records.csv,Ballingate,BALLINGATE,Ballingate,EXACT,100,15077,APPROVED
aggregated_records.csv,Knockadoomeagle,KNOCKADOOMEAGLE,,NO_MATCH,0,15077,NEEDS_REVIEW
aggregated_records.csv,Sleaghrool,SLEAGHROOL,,NO_MATCH,0,15077,NEEDS_REVIEW
aggregated_records.csv,mullannaskeagh,MULLANNASKEAGH,mullannaskeagh,EXACT,100,15077,APPROVED
aggregated_records.csv,killybeg,KILLYBEG,KILLABEG,FUZZY,88,15077,PENDING
aggregated_records.csv,carrigroe,CARRIGROE,carrigroe,EXACT,100,15077,APPROVED
aggregated_records.csv,Ballytuskin,BALLYTUSKIN,,NO_MATCH,0,15077,NEEDS_REVIEW
aggregated_records.csv,Cronyhorn Upper,CRONYHORN UPPER,Cronyhorn Upper,EXACT,100,15077,APPROVED
aggregated_records.csv,shilelagh ballinulta,SHILELAGH BALLINULTA,,NO_MATCH,0,15077,NEEDS_REVIEW
aggregated_records.csv,monaghcullen,MONAGHCULLEN,,NO_MATCH,0,15077,NEEDS_REVIEW
aggregated_records.csv,harnees and bridgeland,HARNEES AND BRIDGELAND,,NO_MATCH,0,15077,NEEDS_REVIEW
aggregated_records.csv,rathcott,RATHCOTT,RATHCOT,FUZZY,93,15077,PENDING
aggregated_records.csv,maryans,MARYANS,,NO_MATCH,0,15077,NEEDS_REVIEW
aggregated_records.csv,Lybagh,LYBAGH,Lybagh,EXACT,100,15077,APPROVED
aggregated_records.csv,Slieveboy Upper & Lower,SLIEVEBOY UPPER & LOWER,,NO_MATCH,0,15077,NEEDS_REVIEW
aggregated_records.csv,Ballybegg,BALLYBEGG,BALLYBEG,FUZZY,94,15077,PENDING
aggregated_records.csv,carnew,CARNEW,carnew,EXACT,100,15077,APPROVED
aggregated_records.csv,tinahely and coolruss,TINAHELY AND COOLRUSS,,NO_MATCH,0,15077,NEEDS_REVIEW
aggregated_records.csv,Kilgriffin,KILGRIFFIN,,NO_MATCH,0,15077,NEEDS_REVIEW
aggregated_records.csv,rathdrum and ballygannon,RATHDRUM AND BALLYGANNON,,NO_MATCH,0,15077,NEEDS_REVIEW
aggregated_records.csv,newcastle and blackditch,NEWCASTLE AND BLACKDITCH,,NO_MATCH,0,15077,NEEDS_REVIEW
aggregated_records.csv,Ballinulta,BALLINULTA,BALLYNULTAGH,FUZZY,82,15077,PENDING
aggregated_records.csv,Ruddenagh,RUDDENAGH,RODDENAGH,FUZZY,89,15077,PENDING
aggregated_records.csv,ballybeg,BALLYBEG,ballybeg,EXACT,100,15077,APPROVED
aggregated_records.csv,Rahbawn,RAHBAWN,RATHBANE,FUZZY,80,15077,PENDING
aggregated_records.csv,Cronythorn,CRONYTHORN,,NO_MATCH,0,15077,NEEDS_REVIEW
aggregated_records.csv,Ballyvolen,BALLYVOLEN,,NO_MATCH,0,15077,NEEDS_REVIEW
aggregated_records.csv,rusnastraw,RUSNASTRAW,ROSNASTRAW,FUZZY,90,15077,PENDING
aggregated_records.csv,tinahealy and coolruss,TINAHEALY AND COOLRUSS,,NO_MATCH,0,15077,NEEDS_REVIEW
aggregated_records.csv,Killballyowen,KILLBALLYOWEN,KILBALLYOWEN,FUZZY,96,15077,PENDING
aggregated_records.csv,Barrenbaum,BARRENBAUM,,NO_MATCH,0,15077,NEEDS_REVIEW
aggregated_records.csv,Killaveny,KILLAVENY,Killaveny,EXACT,100,15077,APPROVED
aggregated_records.csv,coolboy,COOLBOY,coolboy,EXACT,100,15077,APPROVED
aggregated_records.csv,Glazinarget,GLAZINARGET,,NO_MATCH,0,15077,NEEDS_REVIEW
aggregated_records.csv,Monaghallen,MONAGHALLEN,,NO_MATCH,0,15077,NEEDS_REVIEW
aggregated_records.csv,tomcoyle preban,TOMCOYLE PREBAN,,NO_MATCH,0,15077,NEEDS_REVIEW
aggregated_records.csv,Farnees and Bridgeland,FARNEES AND BRIDGELAND,,NO_MATCH,0,15077,NEEDS_REVIEW
aggregated_records.csv,abbey land,ABBEY LAND,,NO_MATCH,0,15077,NEEDS_REVIEW
aggregated_records.csv,glenyshoke and ballingate,GLENYSHOKE AND BALLINGATE,,NO_MATCH,0,15077,NEEDS_REVIEW
aggregated_records.csv,kilcaven,KILCAVEN,KILLAVENY,FUZZY,82,15077,PENDING
aggregated_records.csv,ballygannon cottages,BALLYGANNON COTTAGES,,NO_MATCH,0,15077,NEEDS_REVIEW
aggregated_records.csv,Ballard,BALLARD,Ballard,EXACT,100,15077,APPROVED
aggregated_records.csv,Dunburr,DUNBURR,,NO_MATCH,0,15077,NEEDS_REVIEW
aggregated_records.csv,Mulllins,MULLLINS,,NO_MATCH,0,15077,NEEDS_REVIEW
aggregated_records.csv,Preban,PREBAN,Preban,EXACT,100,15077,APPROVED
aggregated_records.csv,muskeagh,MUSKEAGH,muskeagh,EXACT,100,15077,APPROVED
aggregated_records.csv,hillbrook at bardmore,HILLBROOK AT BARDMORE,,NO_MATCH,0,15077,NEEDS_REVIEW
aggregated_records.csv,liscoleman,LISCOLEMAN,LISCOLMAN,FUZZY,95,15077,PENDING
aggregated_records.csv,halverstown,HALVERSTOWN,,NO_MATCH,0,15077,NEEDS_REVIEW
aggregated_records.csv,tomnaschaley,TOMNASCHALEY,,NO_MATCH,0,15077,NEEDS_REVIEW
aggregated_records.csv,Carney,CARNEY,CARNEW,FUZZY,83,15077,PENDING
aggregated_records.csv,Ballyvolan,BALLYVOLAN,,NO_MATCH,0,15077,NEEDS_REVIEW
aggregated_records.csv,ballyoolen,BALLYOOLEN,,NO_MATCH,0,15077,NEEDS_REVIEW
aggregated_records.csv,rathingrany,RATHINGRANY,,NO_MATCH,0,15077,NEEDS_REVIEW
aggregated_records.csv,mill land,MILL LAND,mill land,EXACT,100,15077,APPROVED
aggregated_records.csv,mullins,MULLINS,,NO_MATCH,0,15077,NEEDS_REVIEW
aggregated_records.csv,Ruskeen,RUSKEEN,,NO_MATCH,0,15077,NEEDS_REVIEW
aggregated_records.csv,rasnastraw,RASNASTRAW,ROSNASTRAW,FUZZY,90,15077,PENDING
aggregated_records.csv,Umrygar,UMRYGAR,Umrygar,EXACT,100,15077,APPROVED
aggregated_records.csv,ballyluckin,BALLYLUCKIN,,NO_MATCH,0,15077,NEEDS_REVIEW
aggregated_records.csv,Tomacoyle,TOMACOYLE,TOMCOYLE,FUZZY,94,15077,PENDING
aggregated_records.csv,Coolross,COOLROSS,Coolross,EXACT,100,15077,APPROVED
aggregated_records.csv,ballyraghin,BALLYRAGHIN,BALLYRAHEEN,FUZZY,82,15077,PENDING
aggregated_records.csv,Carrigroe,CARRIGROE,Carrigroe,EXACT,100,15077,APPROVED
aggregated_records.csv,Rathcoll,RATHCOLL,RATHCOT,FUZZY,80,15077,PENDING
aggregated_records.csv,balisland,BALISLAND,balisland,EXACT,100,15077,APPROVED
aggregated_records.csv,Park and Coolrun,PARK AND COOLRUN,,NO_MATCH,0,15077,NEEDS_REVIEW
aggregated_records.csv,kilaveney,KILAVENEY,KILLAVENY,FUZZY,89,15077,PENDING
aggregated_records.csv,hillbrookeparkmore,HILLBROOKEPARKMORE,,NO_MATCH,0,15077,NEEDS_REVIEW
aggregated_records.csv,ballarney and abbeysands,BALLARNEY AND ABBEYSANDS,,NO_MATCH,0,15077,NEEDS_REVIEW
aggregated_records.csv,Tinahely + Lugduff,TINAHELY + LUGDUFF,,NO_MATCH,0,15077,NEEDS_REVIEW
aggregated_records.csv,ballyvolen,BALLYVOLEN,,NO_MATCH,0,15077,NEEDS_REVIEW
aggregated_records.csv,Ballygannon Cottages,BALLYGANNON COTTAGES,,NO_MATCH,0,15077,NEEDS_REVIEW
aggregated_records.csv,carney,CARNEY,CARNEW,FUZZY,83,15077,PENDING
aggregated_records.csv,Mehassy,MEHASSY,,NO_MATCH,0,15077,NEEDS_REVIEW
aggregated_records.csv,Ballyguile,BALLYGUILE,BALLINGUILE,FUZZY,86,15077,PENDING
aggregated_records.csv,slievemweel,SLIEVEMWEEL,slievemweel,EXACT,100,15077,APPROVED
aggregated_records.csv,Monagrullen,MONAGRULLEN,,NO_MATCH,0,15077,NEEDS_REVIEW
aggregated_records.csv,ballyraphine,BALLYRAPHINE,,NO_MATCH,0,15077,NEEDS_REVIEW
aggregated_records.csv,ballygannon,BALLYGANNON,,NO_MATCH,0,15077,NEEDS_REVIEW
aggregated_records.csv,Coolruss,COOLRUSS,COOLROSS,FUZZY,88,15077,PENDING
aggregated_records.csv,Broomhall,BROOMHALL,,NO_MATCH,0,15077,NEEDS_REVIEW
aggregated_records.csv,burkeen,BURKEEN,,NO_MATCH,0,15077,NEEDS_REVIEW
aggregated_records.csv,Blainroe,BLAINROE,,NO_MATCH,0,15077,NEEDS_REVIEW
aggregated_records.csv,killinure,KILLINURE,killinure,EXACT,100,15077,APPROVED
aggregated_records.csv,Strathnakelly,STRATHNAKELLY,STRANAKELLY,FUZZY,92,15077,PENDING
aggregated_records.csv,Kileavan Lower,KILEAVAN LOWER,KILCAVAN LOWER,FUZZY,93,15077,PENDING
aggregated_records.csv,ballinulta,BALLINULTA,BALLYNULTAGH,FUZZY,82,15077,PENDING
aggregated_records.csv,Tomnafinogue,TOMNAFINOGUE,TOMNAFINNOGE,FUZZY,92,15077,PENDING
aggregated_records.csv,kilpipe tomnaskela,KILPIPE TOMNASKELA,,NO_MATCH,0,15077,NEEDS_REVIEW
aggregated_records.csv,Glenphillippeen,GLENPHILLIPPEEN,GLENPHILIPEEN,FUZZY,93,15077,PENDING
aggregated_records.csv,ballycumber,BALLYCUMBER,,NO_MATCH,0,15077,NEEDS_REVIEW
aggregated_records.csv,rathmeague,RATHMEAGUE,rathmeague,EXACT,100,15077,APPROVED
aggregated_records.csv,Raoth?,RAOTH?,RATH,FUZZY,80,15077,PENDING
aggregated_records.csv,Muney,MUNEY,,NO_MATCH,0,15077,NEEDS_REVIEW
aggregated_records.csv,park and coolrun and drumin,PARK AND COOLRUN AND DRUMIN,,NO_MATCH,0,15077,NEEDS_REVIEW
aggregated_records.csv,raheeglass,RAHEEGLASS,RAHEENGLASS,FUZZY,95,15077,PENDING
aggregated_records.csv,Rath,RATH,Rath,EXACT,100,15077,APPROVED
aggregated_records.csv,Tubberlonagh,TUBBERLONAGH,TOBERLOWNAGH,FUZZY,83,15077,PENDING
aggregated_records.csv,Ballyraghin,BALLYRAGHIN,BALLYRAHEEN,FUZZY,82,15077,PENDING
aggregated_records.csv,Toorboy,TOORBOY,Toorboy,EXACT,100,15077,APPROVED
aggregated_records.csv,rathcoyle lower,RATHCOYLE LOWER,rathcoyle lower,EXACT,100,15077,APPROVED
aggregated_records.csv,Park alias Drumin,PARK ALIAS DRUMIN,,NO_MATCH,0,15077,NEEDS_REVIEW
aggregated_records.csv,tinehaley,TINEHALEY,,NO_MATCH,0,15077,NEEDS_REVIEW
aggregated_records.csv,Rasnastraw (sic),RASNASTRAW (SIC),,NO_MATCH,0,15077,NEEDS_REVIEW
aggregated_records.csv,Bahana,BAHANA,,NO_MATCH,0,15077,NEEDS_REVIEW
aggregated_records.csv,kilpipecoolbawn,KILPIPECOOLBAWN,,NO_MATCH,0,15077,NEEDS_REVIEW
aggregated_records.csv,slaney,SLANEY,,NO_MATCH,0,15077,NEEDS_REVIEW
aggregated_records.csv,Ballard and Crone,BALLARD AND CRONE,,NO_MATCH,0,15077,NEEDS_REVIEW
aggregated_records.csv,Kilguiggin,KILGUIGGIN,KILQUIGGIN,FUZZY,90,15077,PENDING
aggregated_records.csv,Bolarney and Ballinorrin,BOLARNEY AND BALLINORRIN,,NO_MATCH,0,15077,NEEDS_REVIEW
aggregated_records.csv,Gurteen alias Green Hall,GURTEEN ALIAS GREEN HALL,,NO_MATCH,0,15077,NEEDS_REVIEW
aggregated_records.csv,Mulins,MULINS,,NO_MATCH,0,15077,NEEDS_REVIEW
aggregated_records.csv,Raheenakit,RAHEENAKIT,Raheenakit,EXACT,100,15077,APPROVED
aggregated_records.csv,tinihaley mortons,TINIHALEY MORTONS,,NO_MATCH,0,15077,NEEDS_REVIEW
aggregated_records.csv,kililnure,KILILNURE,KILLINURE,FUZZY,89,15077,PENDING
aggregated_records.csv,Kilpipe/Coolbawn,KILPIPE/COOLBAWN,,NO_MATCH,0,15077,NEEDS_REVIEW
aggregated_records.csv,tombreane,TOMBREANE,TOMBREEN,FUZZY,82,15077,PENDING
aggregated_records.csv,Munny Imp.,MUNNY IMP.,,NO_MATCH,0,15077,NEEDS_REVIEW
aggregated_records.csv,Lumcloon,LUMCLOON,Lumcloon,EXACT,100,15077,APPROVED
aggregated_records.csv,Croneyhorn,CRONEYHORN,,NO_MATCH,0,15077,NEEDS_REVIEW
aggregated_records.csv,towerboy ballenguile,TOWERBOY BALLENGUILE,,NO_MATCH,0,15077,NEEDS_REVIEW
aggregated_records.csv,knockadoomcoyle lease having expired,KNOCKADOOMCOYLE LEASE HAVING EXPIRED,,NO_MATCH,0,15077,NEEDS_REVIEW
aggregated_records.csv,ballinicionogue,BALLINICIONOGUE,,NO_MATCH,0,15077,NEEDS_REVIEW
aggregated_records.csv,Killadrennan,KILLADRENNAN,,NO_MATCH,0,15077,NEEDS_REVIEW
aggregated_records.csv,bolarnew murragh island,BOLARNEW MURRAGH ISLAND,,NO_MATCH,0,15077,NEEDS_REVIEW
aggregated_records.csv,Tinahely Mortons,TINAHELY MORTONS,,NO_MATCH,0,15077,NEEDS_REVIEW
aggregated_records.csv,Parkmore and Coolboy,PARKMORE AND COOLBOY,,NO_MATCH,0,15077,NEEDS_REVIEW
aggregated_records.csv,Killibegg,KILLIBEGG,KILLABEG,FUZZY,82,15077,PENDING
aggregated_records.csv,Ballygannon at Tansey Close,BALLYGANNON AT TANSEY CLOSE,,NO_MATCH,0,15077,NEEDS_REVIEW
aggregated_records.csv,seabegg,SEABEGG,,NO_MATCH,0,15077,NEEDS_REVIEW
aggregated_records.csv,Glazenaret,GLAZENARET,,NO_MATCH,0,15077,NEEDS_REVIEW
aggregated_records.csv,Balllygannon,BALLLYGANNON,,NO_MATCH,0,15077,NEEDS_REVIEW
aggregated_records.csv,rosnastraw,ROSNASTRAW,rosnastraw,EXACT,100,15077,APPROVED
aggregated_records.csv,Whiterock,WHITEROCK,Whiterock,EXACT,100,15077,APPROVED
aggregated_records.csv,Raheenglass,RAHEENGLASS,Raheenglass,EXACT,100,15077,APPROVED
aggregated_records.csv,Tombrean,TOMBREAN,TOMBREEN,FUZZY,88,15077,PENDING
aggregated_records.csv,seskin,SESKIN,seskin,EXACT,100,15077,APPROVED
aggregated_records.csv,Knockadozen,KNOCKADOZEN,,NO_MATCH,0,15077,NEEDS_REVIEW
aggregated_records.csv,Coolross and Tomcoyle,COOLROSS AND TOMCOYLE,,NO_MATCH,0,15077,NEEDS_REVIEW
aggregated_records.csv,ballinastraw,BALLINASTRAW,,NO_MATCH,0,15077,NEEDS_REVIEW
aggregated_records.csv,Askilleagh,ASKILLEAGH,,NO_MATCH,0,15077,NEEDS_REVIEW
aggregated_records.csv,Bullingate,BULLINGATE,BALLINGATE,FUZZY,90,15077,PENDING
aggregated_records.csv,Racott,RACOTT,,NO_MATCH,0,15077,NEEDS_REVIEW
aggregated_records.csv,ballybegg,BALLYBEGG,BALLYBEG,FUZZY,94,15077,PENDING
aggregated_records.csv,ballyguile,BALLYGUILE,BALLINGUILE,FUZZY,86,15077,PENDING
aggregated_records.csv,quigginore,QUIGGINORE,QUIGGINROE,FUZZY,90,15077,PENDING
aggregated_records.csv,ballybegg and garryhow,BALLYBEGG AND GARRYHOW,,NO_MATCH,0,15077,NEEDS_REVIEW
aggregated_records.csv,tubberpatrick,TUBBERPATRICK,TOBERPATRICK,FUZZY,88,15077,PENDING
aggregated_records.csv,rathmore,RATHMORE,,NO_MATCH,0,15077,NEEDS_REVIEW
aggregated_records.csv,Coolkenna,COOLKENNA,Coolkenna,EXACT,100,15077,APPROVED
aggregated_records.csv,tinahely coolruss,TINAHELY COOLRUSS,,NO_MATCH,0,15077,NEEDS_REVIEW
aggregated_records.csv,lascolernan,LASCOLERNAN,,NO_MATCH,0,15077,NEEDS_REVIEW
aggregated_records.csv,Ballinavorta,BALLINAVORTA,BALLYNAVORTHA,FUZZY,88,15077,PENDING
aggregated_records.csv,nothing,NOTHING,,NO_MATCH,0,15077,NEEDS_REVIEW
aggregated_records.csv,lugduff,LUGDUFF,lugduff,EXACT,100,15077,APPROVED
aggregated_records.csv,ballyconnell,BALLYCONNELL,ballyconnell,EXACT,100,15077,APPROVED
aggregated_records.csv,umrygar,UMRYGAR,umrygar,EXACT,100,15077,APPROVED
aggregated_records.csv,rathmeagh,RATHMEAGH,RATHMEAGUE,FUZZY,84,15077,PENDING
aggregated_records.csv,mangens,MANGENS,MANGANS,FUZZY,86,15077,PENDING
aggregated_records.csv,ballenfride,BALLENFRIDE,,NO_MATCH,0,15077,NEEDS_REVIEW
aggregated_records.csv,raoth,RAOTH,RATH,FUZZY,89,15077,PENDING
aggregated_records.csv,Knocknaboley,KNOCKNABOLEY,Knocknaboley,EXACT,100,15077,APPROVED
aggregated_records.csv,Farnees at Crossbridge,FARNEES AT CROSSBRIDGE,,NO_MATCH,0,15077,NEEDS_REVIEW
aggregated_records.csv,killybegg,KILLYBEGG,KILLABEG,FUZZY,82,15077,PENDING
aggregated_records.csv,garryhoe,GARRYHOE,garryhoe,EXACT,100,15077,APPROVED
aggregated_records.csv,Tomacork,TOMACORK,Tomacork,EXACT,100,15077,APPROVED
aggregated_records.csv,Mullins,MULLINS,,NO_MATCH,0,15077,NEEDS_REVIEW
aggregated_records.csv,Harney at Bridgeland,HARNEY AT BRIDGELAND,,NO_MATCH,0,15077,NEEDS_REVIEW
aggregated_records.csv,ballinglen,BALLINGLEN,ballinglen,EXACT,100,15077,APPROVED
aggregated_records.csv,mullens,MULLENS,,NO_MATCH,0,15077,NEEDS_REVIEW
aggregated_records.csv,Toberlownagh,TOBERLOWNAGH,Toberlownagh,EXACT,100,15077,APPROVED
aggregated_records.csv,Coolalugg,COOLALUGG,COOLALUG,FUZZY,94,15077,PENDING
aggregated_records.csv,Minmore/Parkmore,MINMORE/PARKMORE,,NO_MATCH,0,15077,NEEDS_REVIEW
aggregated_records.csv,Seabegg,SEABEGG,,NO_MATCH,0,15077,NEEDS_REVIEW
aggregated_records.csv,tubbertonagh,TUBBERTONAGH,,NO_MATCH,0,15077,NEEDS_REVIEW
aggregated_records.csv,rathingrancy,RATHINGRANCY,,NO_MATCH,0,15077,NEEDS_REVIEW
aggregated_records.csv,Rasnastraw (in lease),RASNASTRAW (IN LEASE),,NO_MATCH,0,15077,NEEDS_REVIEW
aggregated_records.csv,Barnacashel,BARNACASHEL,Barnacashel,EXACT,100,15077,APPROVED
aggregated_records.csv,Coolruss and Tinahaley,COOLRUSS AND TINAHALEY,,NO_MATCH,0,15077,NEEDS_REVIEW
aggregated_records.csv,tinahely,TINAHELY,tinahely,EXACT,100,15077,APPROVED
aggregated_records.csv,ballimullen,BALLIMULLEN,,NO_MATCH,0,15077,NEEDS_REVIEW
aggregated_records.csv,bolarney and burkeen,BOLARNEY AND BURKEEN,,NO_MATCH,0,15077,NEEDS_REVIEW
aggregated_records.csv,corandagg,CORANDAGG,,NO_MATCH,0,15077,NEEDS_REVIEW
aggregated_records.csv,Carricknameal,CARRICKNAMEAL,,NO_MATCH,0,15077,NEEDS_REVIEW
aggregated_records.csv,Tullowclay,TULLOWCLAY,Tullowclay,EXACT,100,15077,APPROVED
aggregated_records.csv,Gowle,GOWLE,Gowle,EXACT,100,15077,APPROVED
aggregated_records.csv,Tombreen,TOMBREEN,Tombreen,EXACT,100,15077,APPROVED
aggregated_records.csv,Jigginstown,JIGGINSTOWN,,NO_MATCH,0,15077,NEEDS_REVIEW
aggregated_records.csv,gowle,GOWLE,gowle,EXACT,100,15077,APPROVED
aggregated_records.csv,Hillbrook,HILLBROOK,,NO_MATCH,0,15077,NEEDS_REVIEW
aggregated_records.csv,Glenyshoke,GLENYSHOKE,,NO_MATCH,0,15077,NEEDS_REVIEW
aggregated_records.csv,Killidreenin [?],KILLIDREENIN [?],,NO_MATCH,0,15077,NEEDS_REVIEW
aggregated_records.csv,Ballicionogue,BALLICIONOGUE,,NO_MATCH,0,15077,NEEDS_REVIEW
aggregated_records.csv,tomnaskela,TOMNASKELA,tomnaskela,EXACT,100,15077,APPROVED
aggregated_records.csv,carrickgaller,CARRICKGALLER,,NO_MATCH,0,15077,NEEDS_REVIEW
aggregated_records.csv,Rosbawn,ROSBAWN,ROSBANE,FUZZY,86,15077,PENDING
aggregated_records.csv,Newtown,NEWTOWN,Newtown,EXACT,100,15077,APPROVED
aggregated_records.csv,Mangans,MANGANS,Mangans,EXACT,100,15077,APPROVED
aggregated_records.csv,Coolelug,COOLELUG,COOLALUG,FUZZY,88,15077,PENDING
aggregated_records.csv,kilgriffin,KILGRIFFIN,,NO_MATCH,0,15077,NEEDS_REVIEW
aggregated_records.csv,Carrick,CARRICK,Carrick,EXACT,100,15077,APPROVED
aggregated_records.csv,tinahely and lugduff,TINAHELY AND LUGDUFF,,NO_MATCH,0,15077,NEEDS_REVIEW
aggregated_records.csv,Up Coolboy and Hillbrook,UP COOLBOY AND HILLBROOK,,NO_MATCH,0,15077,NEEDS_REVIEW
aggregated_records.csv,Coolbry,COOLBRY,COOLBOY,FUZZY,86,15077,PENDING
aggregated_records.csv,monaghullen,MONAGHULLEN,,NO_MATCH,0,15077,NEEDS_REVIEW
aggregated_records.csv,Knockadoomcoyle,KNOCKADOOMCOYLE,KNOCKATOMCOYLE,FUZZY,90,15077,PENDING
aggregated_records.csv,Crone,CRONE,Crone,EXACT,100,15077,APPROVED
aggregated_records.csv,knockkadoomcoyle,KNOCKKADOOMCOYLE,KNOCKATOMCOYLE,FUZZY,87,15077,PENDING
aggregated_records.csv,Knockadoomcoyle (lease having expired),KNOCKADOOMCOYLE (LEASE HAVING EXPIRED),,NO_MATCH,0,15077,NEEDS_REVIEW
aggregated_records.csv,lr munney,LR MUNNEY,,NO_MATCH,0,15077,NEEDS_REVIEW
aggregated_records.csv,tinahely loughduff,TINAHELY LOUGHDUFF,,NO_MATCH,0,15077,NEEDS_REVIEW
aggregated_records.csv,tomnarkaly,TOMNARKALY,,NO_MATCH,0,15077,NEEDS_REVIEW
aggregated_records.csv,muney,MUNEY,,NO_MATCH,0,15077,NEEDS_REVIEW
aggregated_records.csv,Hillbrook at Bardmore,HILLBROOK AT BARDMORE,,NO_MATCH,0,15077,NEEDS_REVIEW
aggregated_records.csv,Rashenmore,RASHENMORE,,NO_MATCH,0,15077,NEEDS_REVIEW
aggregated_records.csv,barrenbawn,BARRENBAWN,,NO_MATCH,0,15077,NEEDS_REVIEW
aggregated_records.csv,Knockatomcoyle,KNOCKATOMCOYLE,Knockatomcoyle,EXACT,100,15077,APPROVED
aggregated_records.csv,Melitia,MELITIA,,NO_MATCH,0,15077,NEEDS_REVIEW
aggregated_records.csv,Ballygannon,BALLYGANNON,,NO_MATCH,0,15077,NEEDS_REVIEW
aggregated_records.csv,drummin,DRUMMIN,drummin,EXACT,100,15077,APPROVED
aggregated_records.csv,wicklow at bolarney,WICKLOW AT BOLARNEY,,NO_MATCH,0,15077,NEEDS_REVIEW
aggregated_records.csv,Tomcoyle & Preban,TOMCOYLE & PREBAN,,NO_MATCH,0,15077,NEEDS_REVIEW
aggregated_records.csv,Tomeagle and Preban,TOMEAGLE AND PREBAN,,NO_MATCH,0,15077,NEEDS_REVIEW
aggregated_records.csv,barrenbaum,BARRENBAUM,,NO_MATCH,0,15077,NEEDS_REVIEW
aggregated_records.csv,stranakelly,STRANAKELLY,stranakelly,EXACT,100,15077,APPROVED
aggregated_records.csv,kilpipe,KILPIPE,kilpipe,EXACT,100,15077,APPROVED
aggregated_records.csv,knocknaboly,KNOCKNABOLY,KNOCKNABOLEY,FUZZY,96,15077,PENDING
aggregated_records.csv,Shilelagh Ballinulta,SHILELAGH BALLINULTA,,NO_MATCH,0,15077,NEEDS_REVIEW
aggregated_records.csv,Moyne,MOYNE,Moyne,EXACT,100,15077,APPROVED
aggregated_records.csv,Kilpipe and Coolbawn,KILPIPE AND COOLBAWN,,NO_MATCH,0,15077,NEEDS_REVIEW
aggregated_records.csv,knockloe,KNOCKLOE,knockloe,EXACT,100,15077,APPROVED
aggregated_records.csv,rathengrany,RATHENGRANY,RAHEENGRANEY,FUZZY,87,15077,PENDING
aggregated_records.csv,Morgans,MORGANS,,NO_MATCH,0,15077,NEEDS_REVIEW
aggregated_records.csv,ballinavorta,BALLINAVORTA,BALLYNAVORTHA,FUZZY,88,15077,PENDING
aggregated_records.csv,carricknameal,CARRICKNAMEAL,,NO_MATCH,0,15077,NEEDS_REVIEW
aggregated_records.csv,carnane,CARNANE,,NO_MATCH,0,15077,NEEDS_REVIEW
aggregated_records.csv,park and coolrun,PARK AND COOLRUN,,NO_MATCH,0,15077,NEEDS_REVIEW
aggregated_records.csv,ballenglen,BALLENGLEN,BALLINGLEN,FUZZY,90,15077,PENDING
aggregated_records.csv,Munney,MUNNEY,,NO_MATCH,0,15077,NEEDS_REVIEW
aggregated_records.csv,Coolboy Upper and Parkmore,COOLBOY UPPER AND PARKMORE,,NO_MATCH,0,15077,NEEDS_REVIEW
aggregated_records.csv,Ballingate Lower,BALLINGATE LOWER,Ballingate Lower,EXACT,100,15077,APPROVED
aggregated_records.csv,Carnew,CARNEW,Carnew,EXACT,100,15077,APPROVED
aggregated_records.csv,Tinihaley,TINIHALEY,,NO_MATCH,0,15077,NEEDS_REVIEW
aggregated_records.csv,tomnaskella,TOMNASKELLA,TOMNASKELA,FUZZY,95,15077,PENDING
aggregated_records.csv,Kilcaven,KILCAVEN,KILLAVENY,FUZZY,82,15077,PENDING
aggregated_records.csv,ballynavortha,BALLYNAVORTHA,ballynavortha,EXACT,100,15077,APPROVED
aggregated_records.csv,Tomnifinogue,TOMNIFINOGUE,TOMNAFINNOGE,FUZZY,83,15077,PENDING
aggregated_records.csv,Rathcoyle Upper,RATHCOYLE UPPER,Rathcoyle Upper,EXACT,100,15077,APPROVED
aggregated_records.csv,Mullannaskeagh,MULLANNASKEAGH,Mullannaskeagh,EXACT,100,15077,APPROVED
aggregated_records.csv,Drumdangan,DRUMDANGAN,,NO_MATCH,0,15077,NEEDS_REVIEW
aggregated_records.csv,aghowle lower,AGHOWLE LOWER,aghowle lower,EXACT,100,15077,APPROVED
aggregated_records.csv,Ballynerrin,BALLYNERRIN,,NO_MATCH,0,15077,NEEDS_REVIEW
aggregated_records.csv,Knockkadoomcoyle,KNOCKKADOOMCOYLE,KNOCKATOMCOYLE,FUZZY,87,15077,PENDING
aggregated_records.csv,Urelands,URELANDS,,NO_MATCH,0,15077,NEEDS_REVIEW
aggregated_records.csv,ballingate upper,BALLINGATE UPPER,ballingate upper,EXACT,100,15077,APPROVED
aggregated_records.csv,Tinahealy and Lugduff,TINAHEALY AND LUGDUFF,,NO_MATCH,0,15077,NEEDS_REVIEW
aggregated_records.csv,tullowclay,TULLOWCLAY,tullowclay,EXACT,100,15077,APPROVED
aggregated_records.csv,Slievemweel,SLIEVEMWEEL,Slievemweel,EXACT,100,15077,APPROVED
aggregated_records.csv,moyne,MOYNE,moyne,EXACT,100,15077,APPROVED
aggregated_records.csv,sesquin,SESQUIN,,NO_MATCH,0,15077,NEEDS_REVIEW
aggregated_records.csv,ballenguile,BALLENGUILE,BALLINGUILE,FUZZY,91,15077,PENDING
aggregated_records.csv,Ballinacor & Tinahely,BALLINACOR & TINAHELY,,NO_MATCH,0,15077,NEEDS_REVIEW
aggregated_records.csv,rathshanmore south,RATHSHANMORE SOUTH,rathshanmore south,EXACT,100,15077,APPROVED
aggregated_records.csv,farnees struck out corravanish,FARNEES STRUCK OUT CORRAVANISH,,NO_MATCH,0,15077,NEEDS_REVIEW
aggregated_records.csv,Aghowle Upper,AGHOWLE UPPER,Aghowle Upper,EXACT,100,15077,APPROVED
aggregated_records.csv,park at drumin,PARK AT DRUMIN,,NO_MATCH,0,15077,NEEDS_REVIEW
aggregated_records.csv,Crossbridge,CROSSBRIDGE,,NO_MATCH,0,15077,NEEDS_REVIEW
aggregated_records.csv,hillbrook and up coolboy,HILLBROOK AND UP COOLBOY,,NO_MATCH,0,15077,NEEDS_REVIEW
aggregated_records.csv,gurteen at mount pleasant,GURTEEN AT MOUNT PLEASANT,,NO_MATCH,0,15077,NEEDS_REVIEW
aggregated_records.csv,Balilionogue,BALILIONOGUE,,NO_MATCH,0,15077,NEEDS_REVIEW
aggregated_records.csv,Militia,MILITIA,,NO_MATCH,0,15077,NEEDS_REVIEW
aggregated_records.csv,molanasky,MOLANASKY,,NO_MATCH,0,15077,NEEDS_REVIEW
aggregated_records.csv,Coolfeaney?,COOLFEANEY?,,NO_MATCH,0,15077,NEEDS_REVIEW
aggregated_records.csv,ballyraphine and newtown,BALLYRAPHINE AND NEWTOWN,,NO_MATCH,0,15077,NEEDS_REVIEW
aggregated_records.csv,fairwood,FAIRWOOD,,NO_MATCH,0,15077,NEEDS_REVIEW
aggregated_records.csv,ballinaverta,BALLINAVERTA,BALLYNAVORTHA,FUZZY,80,15077,PENDING
aggregated_records.csv,rosnakill,ROSNAKILL,,NO_MATCH,0,15077,NEEDS_REVIEW
aggregated_records.csv,minmore rathnakitt,MINMORE RATHNAKITT,,NO_MATCH,0,15077,NEEDS_REVIEW
aggregated_records.csv,Boleynakill,BOLEYNAKILL,,NO_MATCH,0,15077,NEEDS_REVIEW
aggregated_records.csv,kilpipe and tomnaskela,KILPIPE AND TOMNASKELA,,NO_MATCH,0,15077,NEEDS_REVIEW
aggregated_records.csv,Ballinerrin,BALLINERRIN,,NO_MATCH,0,15077,NEEDS_REVIEW
aggregated_records.csv,urelands,URELANDS,,NO_MATCH,0,15077,NEEDS_REVIEW
aggregated_records.csv,Carrigatler,CARRIGATLER,,NO_MATCH,0,15077,NEEDS_REVIEW
aggregated_records.csv,parkmore page,PARKMORE PAGE,PARKMORE (PAGE),FUZZY,93,15077,PENDING
aggregated_records.csv,moatabower co wexford,MOATABOWER CO WEXFORD,,NO_MATCH,0,15077,NEEDS_REVIEW
aggregated_records.csv,coolboy upper and parkmore,COOLBOY UPPER AND PARKMORE,,NO_MATCH,0,15077,NEEDS_REVIEW
aggregated_records.csv,mehassy illegible word,MEHASSY ILLEGIBLE WORD,,NO_MATCH,0,15077,NEEDS_REVIEW
aggregated_records.csv,Balisland,BALISLAND,Balisland,EXACT,100,15077,APPROVED
aggregated_records.csv,Gurteen at Mount Pleasant,GURTEEN AT MOUNT PLEASANT,,NO_MATCH,0,15077,NEEDS_REVIEW
aggregated_records.csv,killlinure,KILLLINURE,KILLINURE,FUZZY,95,15077,PENDING
aggregated_records.csv,Ballyraphine,BALLYRAPHINE,,NO_MATCH,0,15077,NEEDS_REVIEW
aggregated_records.csv,Bolarney and Burkeen,BOLARNEY AND BURKEEN,,NO_MATCH,0,15077,NEEDS_REVIEW
aggregated_records.csv,Ballycionogue,BALLYCIONOGUE,,NO_MATCH,0,15077,NEEDS_REVIEW
aggregated_records.csv,cross,CROSS,cross,EXACT,100,15077,APPROVED
aggregated_records.csv,balyconnell,BALYCONNELL,BALLYCONNELL,FUZZY,96,15077,PENDING
aggregated_records.csv,Carrickgaller,CARRICKGALLER,,NO_MATCH,0,15077,NEEDS_REVIEW
aggregated_records.csv,Tombreane,TOMBREANE,TOMBREEN,FUZZY,82,15077,PENDING
aggregated_records.csv,coollattin,COOLLATTIN,COOLATTIN,FUZZY,95,15077,PENDING
aggregated_records.csv,ballygannon at tansey close,BALLYGANNON AT TANSEY CLOSE,,NO_MATCH,0,15077,NEEDS_REVIEW
aggregated_records.csv,Rosbane,ROSBANE,Rosbane,EXACT,100,15077,APPROVED
aggregated_records.csv,Knocknadoomcoyle,KNOCKNADOOMCOYLE,KNOCKATOMCOYLE,FUZZY,87,15077,PENDING
aggregated_records.csv,Ballagh,BALLAGH,Ballagh,EXACT,100,15077,APPROVED
aggregated_records.csv,kilaveny,KILAVENY,KILLAVENY,FUZZY,94,15077,PENDING
aggregated_records.csv,Tubbertonagh,TUBBERTONAGH,,NO_MATCH,0,15077,NEEDS_REVIEW
aggregated_records.csv,Tinahaley,TINAHALEY,TINAHELY,FUZZY,82,15077,PENDING
aggregated_records.csv,Glandphilipeen,GLANDPHILIPEEN,GLENPHILIPEEN,FUZZY,89,15077,PENDING
aggregated_records.csv,tomifinogue,TOMIFINOGUE,,NO_MATCH,0,15077,NEEDS_REVIEW
aggregated_records.csv,morgans,MORGANS,,NO_MATCH,0,15077,NEEDS_REVIEW
aggregated_records.csv,Coolboy at Hillbrook,COOLBOY AT HILLBROOK,,NO_MATCH,0,15077,NEEDS_REVIEW
aggregated_records.csv,Bolarney & Knockrobin,BOLARNEY & KNOCKROBIN,,NO_MATCH,0,15077,NEEDS_REVIEW
aggregated_records.csv,Tinahealy and Coolruss,TINAHEALY AND COOLRUSS,,NO_MATCH,0,15077,NEEDS_REVIEW
aggregated_records.csv,park,PARK,park,EXACT,100,15077,APPROVED
aggregated_records.csv,balliecionogue,BALLIECIONOGUE,,NO_MATCH,0,15077,NEEDS_REVIEW
aggregated_records.csv,Rathdrum and Ballygannon,RATHDRUM AND BALLYGANNON,,NO_MATCH,0,15077,NEEDS_REVIEW
aggregated_records.csv,blainroe,BLAINROE,,NO_MATCH,0,15077,NEEDS_REVIEW
aggregated_records.csv,Banonbawn,BANONBAWN,,NO_MATCH,0,15077,NEEDS_REVIEW
aggregated_records.csv,kilmalone,KILMALONE,,NO_MATCH,0,15077,NEEDS_REVIEW
aggregated_records.csv,Bolarney called Mill Plott,BOLARNEY CALLED MILL PLOTT,,NO_MATCH,0,15077,NEEDS_REVIEW
aggregated_records.csv,aghold,AGHOLD,,NO_MATCH,0,15077,NEEDS_REVIEW
aggregated_records.csv,Coolattin or Barracks,COOLATTIN OR BARRACKS,,NO_MATCH,0,15077,NEEDS_REVIEW
aggregated_records.csv,Lugaduff,LUGADUFF,LUGDUFF,FUZZY,93,15077,PENDING
aggregated_records.csv,Slievenamough Plain,SLIEVENAMOUGH PLAIN,Slievenamough Plain,EXACT,100,15077,APPROVED
aggregated_records.csv,"Tullowclay,","TULLOWCLAY,",TULLOWCLAY,FUZZY,95,15077,PENDING
aggregated_records.csv,churchland,CHURCHLAND,churchland,EXACT,100,15077,APPROVED
aggregated_records.csv,knockadoomcoyle park,KNOCKADOOMCOYLE PARK,,NO_MATCH,0,15077,NEEDS_REVIEW
aggregated_records.csv,Tinahely & Loughduff,TINAHELY & LOUGHDUFF,,NO_MATCH,0,15077,NEEDS_REVIEW
aggregated_records.csv,ballinerrin,BALLINERRIN,,NO_MATCH,0,15077,NEEDS_REVIEW
aggregated_records.csv,tombrean,TOMBREAN,TOMBREEN,FUZZY,88,15077,PENDING
aggregated_records.csv,balllygannon,BALLLYGANNON,,NO_MATCH,0,15077,NEEDS_REVIEW
aggregated_records.csv,Knockeen or Killinure,KNOCKEEN OR KILLINURE,,NO_MATCH,0,15077,NEEDS_REVIEW
aggregated_records.csv,Hillbrooke/Parkmore,HILLBROOKE/PARKMORE,,NO_MATCH,0,15077,NEEDS_REVIEW
aggregated_records.csv,Toberpatrick,TOBERPATRICK,Toberpatrick,EXACT,100,15077,APPROVED
aggregated_records.csv,Coolroe,COOLROE,Coolroe,EXACT,100,15077,APPROVED
aggregated_records.csv,Ballinaverta,BALLINAVERTA,BALLYNAVORTHA,FUZZY,80,15077,PENDING
aggregated_records.csv,Tinahely Flahertys,TINAHELY FLAHERTYS,,NO_MATCH,0,15077,NEEDS_REVIEW
aggregated_records.csv,carrick,CARRICK,carrick,EXACT,100,15077,APPROVED
aggregated_records.csv,rathshanmore east and west,RATHSHANMORE EAST AND WEST,,NO_MATCH,0,15077,NEEDS_REVIEW
aggregated_records.csv,coolattin or barracks,COOLATTIN OR BARRACKS,,NO_MATCH,0,15077,NEEDS_REVIEW
aggregated_records.csv,knockadosen,KNOCKADOSEN,,NO_MATCH,0,15077,NEEDS_REVIEW
aggregated_records.csv,tinehaleycoolran,TINEHALEYCOOLRAN,,NO_MATCH,0,15077,NEEDS_REVIEW
aggregated_records.csv,Wicklow and Drumkey,WICKLOW AND DRUMKEY,,NO_MATCH,0,15077,NEEDS_REVIEW
aggregated_records.csv,rathcoll,RATHCOLL,RATHCOT,FUZZY,80,15077,PENDING
aggregated_records.csv,up coolboy and hillbrook,UP COOLBOY AND HILLBROOK,,NO_MATCH,0,15077,NEEDS_REVIEW
aggregated_records.csv,Ballymarroge,BALLYMARROGE,Ballymarroge,EXACT,100,15077,APPROVED
aggregated_records.csv,hillbrook lower,HILLBROOK LOWER,hillbrook lower,EXACT,100,15077,APPROVED
aggregated_records.csv,monaghallen,MONAGHALLEN,,NO_MATCH,0,15077,NEEDS_REVIEW
aggregated_records.csv,coolelugg,COOLELUGG,COOLALUG,FUZZY,82,15077,PENDING
aggregated_records.csv,Kilguiggan,KILGUIGGAN,KILQUIGGIN,FUZZY,80,15077,PENDING
aggregated_records.csv,sleaghcoyle,SLEAGHCOYLE,,NO_MATCH,0,15077,NEEDS_REVIEW
aggregated_records.csv,minmoreparkmore,MINMOREPARKMORE,,NO_MATCH,0,15077,NEEDS_REVIEW
aggregated_records.csv,Murreagh,MURREAGH,,NO_MATCH,0,15077,NEEDS_REVIEW
aggregated_records.csv,Ballenguile,BALLENGUILE,BALLINGUILE,FUZZY,91,15077,PENDING
aggregated_records.csv,Sleanamoe,SLEANAMOE,,NO_MATCH,0,15077,NEEDS_REVIEW
aggregated_records.csv,Coalkenna,COALKENNA,COOLKENNA,FUZZY,89,15077,PENDING
aggregated_records.csv,mangins,MANGINS,MANGANS,FUZZY,86,15077,PENDING
aggregated_records.csv,leamore,LEAMORE,,NO_MATCH,0,15077,NEEDS_REVIEW
aggregated_records.csv,aghowle upper,AGHOWLE UPPER,aghowle upper,EXACT,100,15077,APPROVED
aggregated_records.csv,tomnafinnoge,TOMNAFINNOGE,tomnafinnoge,EXACT,100,15077,APPROVED
aggregated_records.csv,coolbawn,COOLBAWN,,NO_MATCH,0,15077,NEEDS_REVIEW
aggregated_records.csv,kilballyowen rathdrum,KILBALLYOWEN RATHDRUM,,NO_MATCH,0,15077,NEEDS_REVIEW
aggregated_records.csv,kilquiggan,KILQUIGGAN,KILQUIGGIN,FUZZY,90,15077,PENDING
aggregated_records.csv,park at drummin,PARK AT DRUMMIN,,NO_MATCH,0,15077,NEEDS_REVIEW
aggregated_records.csv,rathneagh,RATHNEAGH,,NO_MATCH,0,15077,NEEDS_REVIEW
aggregated_records.csv,Ballarney,BALLARNEY,,NO_MATCH,0,15077,NEEDS_REVIEW
aggregated_records.csv,killballyowen,KILLBALLYOWEN,KILBALLYOWEN,FUZZY,96,15077,PENDING
aggregated_records.csv,carrickgatter,CARRICKGATTER,,NO_MATCH,0,15077,NEEDS_REVIEW
aggregated_records.csv,Park,PARK,Park,EXACT,100,15077,APPROVED
aggregated_records.csv,ballytuskist,BALLYTUSKIST,,NO_MATCH,0,15077,NEEDS_REVIEW
aggregated_records.csv,Tomcoyle and Preban,TOMCOYLE AND PREBAN,,NO_MATCH,0,15077,NEEDS_REVIEW
aggregated_records.csv,ballisland at yewtree,BALLISLAND AT YEWTREE,,NO_MATCH,0,15077,NEEDS_REVIEW
aggregated_records.csv,coolfancey,COOLFANCEY,COOLAFANCY,FUZZY,90,15077,PENDING
aggregated_records.csv,Knocknagree,KNOCKNAGREE,Knocknagree,EXACT,100,15077,APPROVED
aggregated_records.csv,Garryhoe,GARRYHOE,Garryhoe,EXACT,100,15077,APPROVED
aggregated_records.csv,Molanasky,MOLANASKY,,NO_MATCH,0,15077,NEEDS_REVIEW
aggregated_records.csv,Lugduff,LUGDUFF,Lugduff,EXACT,100,15077,APPROVED
aggregated_records.csv,kilguiggan,KILGUIGGAN,KILQUIGGIN,FUZZY,80,15077,PENDING
aggregated_records.csv,sleaghcoyle and sleaghroe,SLEAGHCOYLE AND SLEAGHROE,,NO_MATCH,0,15077,NEEDS_REVIEW
aggregated_records.csv,tomacoyle,TOMACOYLE,TOMCOYLE,FUZZY,94,15077,PENDING
aggregated_records.csv,Hillbrooke,HILLBROOKE,HILLBROOK UPPER,FUZZY,80,15077,PENDING
aggregated_records.csv,glenyshoke,GLENYSHOKE,,NO_MATCH,0,15077,NEEDS_REVIEW
aggregated_records.csv,moteybower,MOTEYBOWER,MOTABOWER,FUZZY,84,15077,PENDING
aggregated_records.csv,sleaghrool,SLEAGHROOL,,NO_MATCH,0,15077,NEEDS_REVIEW
aggregated_records.csv,ballynakill,BALLYNAKILL,,NO_MATCH,0,15077,NEEDS_REVIEW
aggregated_records.csv,Aghowle,AGHOWLE,GOWLE,FUZZY,83,15077,PENDING
aggregated_records.csv,Tomnaskela,TOMNASKELA,Tomnaskela,EXACT,100,15077,APPROVED
aggregated_records.csv,killaleagh,KILLALEAGH,,NO_MATCH,0,15077,NEEDS_REVIEW
aggregated_records.csv,ballymarroge,BALLYMARROGE,ballymarroge,EXACT,100,15077,APPROVED
aggregated_records.csv,mehassy and ballinaurly,MEHASSY AND BALLINAURLY,,NO_MATCH,0,15077,NEEDS_REVIEW
aggregated_records.csv,Moylisha,MOYLISHA,Moylisha,EXACT,100,15077,APPROVED
aggregated_records.csv,Rathshanmore South,RATHSHANMORE SOUTH,Rathshanmore South,EXACT,100,15077,APPROVED
aggregated_records.csv,moylisha,MOYLISHA,moylisha,EXACT,100,15077,APPROVED
aggregated_records.csv,towerboy,TOWERBOY,TOORBOY,FUZZY,80,15077,PENDING
aggregated_records.csv,Rathbane,RATHBANE,Rathbane,EXACT,100,15077,APPROVED
aggregated_records.csv,Carrickgalter,CARRICKGALTER,,NO_MATCH,0,15077,NEEDS_REVIEW
aggregated_records.csv,Balllinguile,BALLLINGUILE,BALLINGUILE,FUZZY,96,15077,PENDING
aggregated_records.csv,coolkenna barnacashel,COOLKENNA BARNACASHEL,,NO_MATCH,0,15077,NEEDS_REVIEW
aggregated_records.csv,coolattin cronystown,COOLATTIN CRONYSTOWN,,NO_MATCH,0,15077,NEEDS_REVIEW
aggregated_records.csv,towerboy ballinguole,TOWERBOY BALLINGUOLE,,NO_MATCH,0,15077,NEEDS_REVIEW
aggregated_records.csv,boleynakill,BOLEYNAKILL,,NO_MATCH,0,15077,NEEDS_REVIEW
aggregated_records.csv,Bullinagate,BULLINAGATE,BALLINGATE,FUZZY,86,15077,PENDING
aggregated_records.csv,tinihaley cottager,TINIHALEY COTTAGER,,NO_MATCH,0,15077,NEEDS_REVIEW
aggregated_records.csv,hillbrook,HILLBROOK,,NO_MATCH,0,15077,NEEDS_REVIEW
aggregated_records.csv,Boley,BOLEY,Boley,EXACT,100,15077,APPROVED
aggregated_records.csv,kennystown,KENNYSTOWN,kennystown,EXACT,100,15077,APPROVED
aggregated_records.csv,Farness,FARNESS,FARNEES,FUZZY,86,15077,PENDING
aggregated_records.csv,Carnane,CARNANE,,NO_MATCH,0,15077,NEEDS_REVIEW
aggregated_records.csv,?,?,,NO_MATCH,0,15077,NEEDS_REVIEW
aggregated_records.csv,[Farnees struck out] Corravanish,[FARNEES STRUCK OUT] CORRAVANISH,,NO_MATCH,0,15077,NEEDS_REVIEW
aggregated_records.csv,Killacloran,KILLACLORAN,,NO_MATCH,0,15077,NEEDS_REVIEW
aggregated_records.csv,corandogg,CORANDOGG,CORNDOG,FUZZY,88,15077,PENDING
aggregated_records.csv,ballarney,BALLARNEY,,NO_MATCH,0,15077,NEEDS_REVIEW
aggregated_records.csv,glenphilipeentinahely,GLENPHILIPEENTINAHELY,,NO_MATCH,0,15077,NEEDS_REVIEW
aggregated_records.csv,Ballyvolen (sic),BALLYVOLEN (SIC),,NO_MATCH,0,15077,NEEDS_REVIEW
aggregated_records.csv,raheenteige,RAHEENTEIGE,raheenteige,EXACT,100,15077,APPROVED
aggregated_records.csv,"[""Kyle"" struck out] Ballycumber","[""KYLE"" STRUCK OUT] BALLYCUMBER",,NO_MATCH,0,15077,NEEDS_REVIEW
aggregated_records.csv,Churchland,CHURCHLAND,Churchland,EXACT,100,15077,APPROVED
aggregated_records.csv,corravanish,CORRAVANISH,CURRAVANISH,FUZZY,91,15077,PENDING
aggregated_records.csv,rathingeaney,RATHINGEANEY,,NO_MATCH,0,15077,NEEDS_REVIEW
aggregated_records.csv,Gorteen,GORTEEN,Gorteen,EXACT,100,15077,APPROVED
aggregated_records.csv,Balllygannon and Knockadozen,BALLLYGANNON AND KNOCKADOZEN,,NO_MATCH,0,15077,NEEDS_REVIEW
aggregated_records.csv,kileavan lower,KILEAVAN LOWER,KILCAVAN LOWER,FUZZY,93,15077,PENDING
aggregated_records.csv,jigginstown,JIGGINSTOWN,,NO_MATCH,0,15077,NEEDS_REVIEW
aggregated_records.csv,corballis,CORBALLIS,,NO_MATCH,0,15077,NEEDS_REVIEW
aggregated_records.csv,Killileage,KILLILEAGE,,NO_MATCH,0,15077,NEEDS_REVIEW
aggregated_records.csv,ballard and crone,BALLARD AND CRONE,,NO_MATCH,0,15077,NEEDS_REVIEW
aggregated_records.csv,Newry,NEWRY,Newry,EXACT,100,15077,APPROVED
aggregated_records.csv,balilionogue,BALILIONOGUE,,NO_MATCH,0,15077,NEEDS_REVIEW
aggregated_records.csv,Ballynagran,BALLYNAGRAN,,NO_MATCH,0,15077,NEEDS_REVIEW
aggregated_records.csv,killadrennan,KILLADRENNAN,,NO_MATCH,0,15077,NEEDS_REVIEW
aggregated_records.csv,newcastle,NEWCASTLE,,NO_MATCH,0,15077,NEEDS_REVIEW
aggregated_records.csv,Kilballyowen,KILBALLYOWEN,Kilballyowen,EXACT,100,15077,APPROVED
aggregated_records.csv,Glenyshoke and Ballingate,GLENYSHOKE AND BALLINGATE,,NO_MATCH,0,15077,NEEDS_REVIEW
aggregated_records.csv,tinahely flahertys,TINAHELY FLAHERTYS,,NO_MATCH,0,15077,NEEDS_REVIEW
aggregated_records.csv,Parkmore,PARKMORE,Parkmore,EXACT,100,15077,APPROVED
aggregated_records.csv,ballyraheen,BALLYRAHEEN,ballyraheen,EXACT,100,15077,APPROVED
aggregated_records.csv,Askikeagh,ASKIKEAGH,ASKAKEAGH,FUZZY,89,15077,PENDING
aggregated_records.csv,Sliverroe,SLIVERROE,SLIEVEROE,FUZZY,89,15077,PENDING
aggregated_records.csv,Glenphilipeen,GLENPHILIPEEN,Glenphilipeen,EXACT,100,15077,APPROVED
aggregated_records.csv,preban,PREBAN,preban,EXACT,100,15077,APPROVED
aggregated_records.csv,Muchlagh,MUCHLAGH,MUCKLAGH,FUZZY,88,15077,PENDING
aggregated_records.csv,balycumber,BALYCUMBER,,NO_MATCH,0,15077,NEEDS_REVIEW
aggregated_records.csv,munny,MUNNY,,NO_MATCH,0,15077,NEEDS_REVIEW
aggregated_records.csv,croneyhorn,CRONEYHORN,,NO_MATCH,0,15077,NEEDS_REVIEW
aggregated_records.csv,ballynamanoge,BALLYNAMANOGE,ballynamanoge,EXACT,100,15077,APPROVED
aggregated_records.csv,carrickgaltor,CARRICKGALTOR,,NO_MATCH,0,15077,NEEDS_REVIEW
aggregated_records.csv,mulins,MULINS,,NO_MATCH,0,15077,NEEDS_REVIEW
aggregated_records.csv,bolarney called mill plott,BOLARNEY CALLED MILL PLOTT,,NO_MATCH,0,15077,NEEDS_REVIEW
aggregated_records.csv,Lanagh,LANAGH,LARAGH,FUZZY,83,15077,PENDING
aggregated_records.csv,merrymeeting and knockrobhan,MERRYMEETING AND KNOCKROBHAN,,NO_MATCH,0,15077,NEEDS_REVIEW
aggregated_records.csv,Kilmartin,KILMARTIN,,NO_MATCH,0,15077,NEEDS_REVIEW
aggregated_records.csv,bolarney,BOLARNEY,,NO_MATCH,0,15077,NEEDS_REVIEW
aggregated_records.csv,boley,BOLEY,boley,EXACT,100,15077,APPROVED
aggregated_records.csv,parkmore and coolboy,PARKMORE AND COOLBOY,,NO_MATCH,0,15077,NEEDS_REVIEW
aggregated_records.csv,Stoops,STOOPS,Stoops,EXACT,100,15077,APPROVED
aggregated_records.csv,rath,RATH,rath,EXACT,100,15077,APPROVED
aggregated_records.csv,Coolruss Park,COOLRUSS PARK,,NO_MATCH,0,15077,NEEDS_REVIEW
aggregated_records.csv,Wicklow & Ballinerrin,WICKLOW & BALLINERRIN,,NO_MATCH,0,15077,NEEDS_REVIEW
aggregated_records.csv,tombreen,TOMBREEN,tombreen,EXACT,100,15077,APPROVED
aggregated_records.csv,Killinure,KILLINURE,Killinure,EXACT,100,15077,APPROVED
aggregated_records.csv,Ballybegg and Garryhow,BALLYBEGG AND GARRYHOW,,NO_MATCH,0,15077,NEEDS_REVIEW
aggregated_records.csv,Tallyhoe,TALLYHOE,,NO_MATCH,0,15077,NEEDS_REVIEW
aggregated_records.csv,coolattin and coolattin park,COOLATTIN AND COOLATTIN PARK,,NO_MATCH,0,15077,NEEDS_REVIEW
aggregated_records.csv,Kilpoole,KILPOOLE,,NO_MATCH,0,15077,NEEDS_REVIEW
aggregated_records.csv,Ballinvally,BALLINVALLY,,NO_MATCH,0,15077,NEEDS_REVIEW
aggregated_records.csv,knocknadoomcoyle,KNOCKNADOOMCOYLE,KNOCKATOMCOYLE,FUZZY,87,15077,PENDING
aggregated_records.csv,stoops,STOOPS,stoops,EXACT,100,15077,APPROVED
aggregated_records.csv,Coolilugg,COOLILUGG,COOLALUG,FUZZY,82,15077,PENDING
aggregated_records.csv,balllygannon and knockadozen,BALLLYGANNON AND KNOCKADOZEN,,NO_MATCH,0,15077,NEEDS_REVIEW
aggregated_records.csv,ruddenagh,RUDDENAGH,RODDENAGH,FUZZY,89,15077,PENDING
aggregated_records.csv,Bridgeland,BRIDGELAND,Bridgeland,EXACT,100,15077,APPROVED
aggregated_records.csv,Harnees and Bridgeland,HARNEES AND BRIDGELAND,,NO_MATCH,0,15077,NEEDS_REVIEW
aggregated_records.csv,Ballynultagh,BALLYNULTAGH,Ballynultagh,EXACT,100,15077,APPROVED
aggregated_records.csv,Kileaven,KILEAVEN,KILLAVENY,FUZZY,82,15077,PENDING
aggregated_records.csv,Monaghcullen,MONAGHCULLEN,,NO_MATCH,0,15077,NEEDS_REVIEW
aggregated_records.csv,Minmore & Rathnakitt,MINMORE & RATHNAKITT,,NO_MATCH,0,15077,NEEDS_REVIEW
aggregated_records.csv,blackditch and ballyadock,BLACKDITCH AND BALLYADOCK,,NO_MATCH,0,15077,NEEDS_REVIEW
aggregated_records.csv,Carrickacrow,CARRICKACROW,,NO_MATCH,0,15077,NEEDS_REVIEW
aggregated_records.csv,coollattin cronyhorn,COOLLATTIN CRONYHORN,,NO_MATCH,0,15077,NEEDS_REVIEW
aggregated_records.csv,coolroe,COOLROE,coolroe,EXACT,100,15077,APPROVED
aggregated_records.csv,Corandogg,CORANDOGG,CORNDOG,FUZZY,88,15077,PENDING
aggregated_records.csv,drumin park,DRUMIN PARK,,NO_MATCH,0,15077,NEEDS_REVIEW
aggregated_records.csv,munney,MUNNEY,,NO_MATCH,0,15077,NEEDS_REVIEW
aggregated_records.csv,Garryhoe (sic),GARRYHOE (SIC),,NO_MATCH,0,15077,NEEDS_REVIEW
aggregated_records.csv,Kililnure,KILILNURE,KILLINURE,FUZZY,89,15077,PENDING
aggregated_records.csv,ballykelly,BALLYKELLY,ballykelly,EXACT,100,15077,APPROVED
aggregated_records.csv,park and coolruss,PARK AND COOLRUSS,,NO_MATCH,0,15077,NEEDS_REVIEW
aggregated_records.csv,Ballynakill,BALLYNAKILL,,NO_MATCH,0,15077,NEEDS_REVIEW
aggregated_records.csv,Coolfancey,COOLFANCEY,COOLAFANCY,FUZZY,90,15077,PENDING
aggregated_records.csv,Whitefield,WHITEFIELD,Whitefield,EXACT,100,15077,APPROVED
aggregated_records.csv,Tinahely and Ballinacorby,TINAHELY AND BALLINACORBY,,NO_MATCH,0,15077,NEEDS_REVIEW
aggregated_records.csv,Wicklow (town?),WICKLOW (TOWN?),,NO_MATCH,0,15077,NEEDS_REVIEW
aggregated_records.csv,Paulbeg,PAULBEG,Paulbeg,EXACT,100,15077,APPROVED
aggregated_records.csv,Coolelugg,COOLELUGG,COOLALUG,FUZZY,82,15077,PENDING
aggregated_records.csv,Sleaghcoyle and Sleaghroe,SLEAGHCOYLE AND SLEAGHROE,,NO_MATCH,0,15077,NEEDS_REVIEW
aggregated_records.csv,Glenphillipeen,GLENPHILLIPEEN,GLENPHILIPEEN,FUZZY,96,15077,PENDING
aggregated_records.csv,New Roe,NEW ROE,,NO_MATCH,0,15077,NEEDS_REVIEW
aggregated_records.csv,knockeen,KNOCKEEN,knockeen,EXACT,100,15077,APPROVED
aggregated_records.csv,Ballingate Upper,BALLINGATE UPPER,Ballingate Upper,EXACT,100,15077,APPROVED
aggregated_records.csv,ballinmogan,BALLINMOGAN,,NO_MATCH,0,15077,NEEDS_REVIEW
aggregated_records.csv,tinihaley,TINIHALEY,,NO_MATCH,0,15077,NEEDS_REVIEW
aggregated_records.csv,Tomcoyle + Preban,TOMCOYLE + PREBAN,,NO_MATCH,0,15077,NEEDS_REVIEW
aggregated_records.csv,Greenhall,GREENHALL,Greenhall,EXACT,100,15077,APPROVED
aggregated_records.csv,Carrigacrow,CARRIGACROW,CARRIGROE,FUZZY,80,15077,PENDING
aggregated_records.csv,drumdangan,DRUMDANGAN,,NO_MATCH,0,15077,NEEDS_REVIEW
aggregated_records.csv,Towerboy & Ballenguile,TOWERBOY & BALLENGUILE,,NO_MATCH,0,15077,NEEDS_REVIEW
aggregated_records.csv,Ballygannon and Rathdrum,BALLYGANNON AND RATHDRUM,,NO_MATCH,0,15077,NEEDS_REVIEW
aggregated_records.csv,ballinacor,BALLINACOR,ballinacor,EXACT,100,15077,APPROVED
aggregated_records.csv,carricknaneal,CARRICKNANEAL,,NO_MATCH,0,15077,NEEDS_REVIEW
aggregated_records.csv,Ballycumber North,BALLYCUMBER NORTH,Ballycumber North,EXACT,100,15077,APPROVED
aggregated_records.csv,coolnafinogue,COOLNAFINOGUE,,NO_MATCH,0,15077,NEEDS_REVIEW
aggregated_records.csv,Ballenglen,BALLENGLEN,BALLINGLEN,FUZZY,90,15077,PENDING
aggregated_records.csv,killabeg,KILLABEG,killabeg,EXACT,100,15077,APPROVED
aggregated_records.csv,rathingraney,RATHINGRANEY,RAHEENGRANEY,FUZZY,83,15077,PENDING
aggregated_records.csv,Maryans,MARYANS,,NO_MATCH,0,15077,NEEDS_REVIEW
aggregated_records.csv,barnacashel,BARNACASHEL,barnacashel,EXACT,100,15077,APPROVED
aggregated_records.csv,coalkenna,COALKENNA,COOLKENNA,FUZZY,89,15077,PENDING
aggregated_records.csv,Merrymeeting,MERRYMEETING,,NO_MATCH,0,15077,NEEDS_REVIEW
aggregated_records.csv,Coonaranick?,COONARANICK?,,NO_MATCH,0,15077,NEEDS_REVIEW
aggregated_records.csv,Seskin,SESKIN,Seskin,EXACT,100,15077,APPROVED
aggregated_records.csv,Tomacork (in lease),TOMACORK (IN LEASE),,NO_MATCH,0,15077,NEEDS_REVIEW
aggregated_records.csv,Larragh,LARRAGH,LARAGH,FUZZY,92,15077,PENDING
aggregated_records.csv,Coolhanica ?,COOLHANICA ?,,NO_MATCH,0,15077,NEEDS_REVIEW
aggregated_records.csv,Rathnakill,RATHNAKILL,,NO_MATCH,0,15077,NEEDS_REVIEW
aggregated_records.csv,boleynakill and stump,BOLEYNAKILL AND STUMP,,NO_MATCH,0,15077,NEEDS_REVIEW
aggregated_records.csv,newtown,NEWTOWN,newtown,EXACT,100,15077,APPROVED
aggregated_records.csv,Coolkenna & Barnacashel,COOLKENNA & BARNACASHEL,,NO_MATCH,0,15077,NEEDS_REVIEW
aggregated_records.csv,Money Upper,MONEY UPPER,Money Upper,EXACT,100,15077,APPROVED
aggregated_records.csv,ballinvally,BALLINVALLY,,NO_MATCH,0,15077,NEEDS_REVIEW
aggregated_records.csv,gorteen,GORTEEN,gorteen,EXACT,100,15077,APPROVED
aggregated_records.csv,Rathingrany,RATHINGRANY,,NO_MATCH,0,15077,NEEDS_REVIEW
aggregated_records.csv,mainire,MAINIRE,,NO_MATCH,0,15077,NEEDS_REVIEW
aggregated_records.csv,preban at tomcoyle,PREBAN AT TOMCOYLE,,NO_MATCH,0,15077,NEEDS_REVIEW
aggregated_records.csv,coolalugg,COOLALUGG,COOLALUG,FUZZY,94,15077,PENDING
aggregated_records.csv,Ballinalla,BALLINALLA,,NO_MATCH,0,15077,NEEDS_REVIEW
aggregated_records.csv,cronyhorn lower,CRONYHORN LOWER,cronyhorn lower,EXACT,100,15077,APPROVED
aggregated_records.csv,wingrove boleynakells,WINGROVE BOLEYNAKELLS,,NO_MATCH,0,15077,NEEDS_REVIEW
aggregated_records.csv,Preban at Tomcoyle,PREBAN AT TOMCOYLE,,NO_MATCH,0,15077,NEEDS_REVIEW
aggregated_records.csv,dunburr,DUNBURR,,NO_MATCH,0,15077,NEEDS_REVIEW
aggregated_records.csv,mungacullen,MUNGACULLEN,MUNGACULLIN,FUZZY,91,15077,PENDING
aggregated_records.csv,tallyhoe,TALLYHOE,,NO_MATCH,0,15077,NEEDS_REVIEW
aggregated_records.csv,Towerboy,TOWERBOY,TOORBOY,FUZZY,80,15077,PENDING
aggregated_records.csv,tinehaley and glenphillipeen,TINEHALEY AND GLENPHILLIPEEN,,NO_MATCH,0,15077,NEEDS_REVIEW
aggregated_records.csv,motybower,MOTYBOWER,MOTABOWER,FUZZY,89,15077,PENDING
aggregated_records.csv,aghowle,AGHOWLE,GOWLE,FUZZY,83,15077,PENDING
aggregated_records.csv,Tomcoglen and Preban,TOMCOGLEN AND PREBAN,,NO_MATCH,0,15077,NEEDS_REVIEW
aggregated_records.csv,glazenaret,GLAZENARET,,NO_MATCH,0,15077,NEEDS_REVIEW
aggregated_records.csv,dunban,DUNBAN,,NO_MATCH,0,15077,NEEDS_REVIEW
aggregated_records.csv,Mangins,MANGINS,MANGANS,FUZZY,86,15077,PENDING
aggregated_records.csv,slievenamough plain,SLIEVENAMOUGH PLAIN,slievenamough plain,EXACT,100,15077,APPROVED
aggregated_records.csv,tomeagle and preban,TOMEAGLE AND PREBAN,,NO_MATCH,0,15077,NEEDS_REVIEW
aggregated_records.csv,newallard,NEWALLARD,,NO_MATCH,0,15077,NEEDS_REVIEW
aggregated_records.csv,Boleynakill and Stump,BOLEYNAKILL AND STUMP,,NO_MATCH,0,15077,NEEDS_REVIEW
aggregated_records.csv,Ardoyne,ARDOYNE,Ardoyne,EXACT,100,15077,APPROVED
aggregated_records.csv,ballygannon knockadozen,BALLYGANNON KNOCKADOZEN,,NO_MATCH,0,15077,NEEDS_REVIEW
aggregated_records.csv,Mehassy (? illegible word),MEHASSY (? ILLEGIBLE WORD),,NO_MATCH,0,15077,NEEDS_REVIEW
aggregated_records.csv,wicklow,WICKLOW,,NO_MATCH,0,15077,NEEDS_REVIEW
aggregated_records.csv,ballinulton,BALLINULTON,,NO_MATCH,0,15077,NEEDS_REVIEW
aggregated_records.csv,tinahely and coolroe,TINAHELY AND COOLROE,,NO_MATCH,0,15077,NEEDS_REVIEW
aggregated_records.csv,coolboy and hillbrook,COOLBOY AND HILLBROOK,,NO_MATCH,0,15077,NEEDS_REVIEW
aggregated_records.csv,wicklow town,WICKLOW TOWN,,NO_MATCH,0,15077,NEEDS_REVIEW
aggregated_records.csv,Tomcoyle,TOMCOYLE,Tomcoyle,EXACT,100,15077,APPROVED
aggregated_records.csv,coolkenna,COOLKENNA,coolkenna,EXACT,100,15077,APPROVED
aggregated_records.csv,Tinahely,TINAHELY,Tinahely,EXACT,100,15077,APPROVED
aggregated_records.csv,Kilpipe + Tomnaskela,KILPIPE + TOMNASKELA,,NO_MATCH,0,15077,NEEDS_REVIEW
aggregated_records.csv,rathineagh,RATHINEAGH,,NO_MATCH,0,15077,NEEDS_REVIEW
aggregated_records.csv,rasnastraw sic,RASNASTRAW SIC,,NO_MATCH,0,15077,NEEDS_REVIEW
aggregated_records.csv,knocknaboley,KNOCKNABOLEY,knocknaboley,EXACT,100,15077,APPROVED
aggregated_records.csv,Kilquiggan,KILQUIGGAN,KILQUIGGIN,FUZZY,90,15077,PENDING
aggregated_records.csv,Raheeglass,RAHEEGLASS,RAHEENGLASS,FUZZY,95,15077,PENDING
aggregated_records.csv,Newcastlle at Blackditch,NEWCASTLLE AT BLACKDITCH,,NO_MATCH,0,15077,NEEDS_REVIEW
aggregated_records.csv,garryhoe sic,GARRYHOE SIC,GARRYHOE,FUZZY,80,15077,PENDING
aggregated_records.csv,Rathcot,RATHCOT,Rathcot,EXACT,100,15077,APPROVED
aggregated_records.csv,Rathengrany,RATHENGRANY,RAHEENGRANEY,FUZZY,87,15077,PENDING
aggregated_records.csv,killileage,KILLILEAGE,,NO_MATCH,0,15077,NEEDS_REVIEW
aggregated_records.csv,Tomcoyle at Preban,TOMCOYLE AT PREBAN,,NO_MATCH,0,15077,NEEDS_REVIEW
aggregated_records.csv,slieveroe,SLIEVEROE,slieveroe,EXACT,100,15077,APPROVED
aggregated_records.csv,tinahealy and lugduff,TINAHEALY AND LUGDUFF,,NO_MATCH,0,15077,NEEDS_REVIEW
aggregated_records.csv,coolkenno,COOLKENNO,COOLKENNA,FUZZY,89,15077,PENDING
aggregated_records.csv,Boleybawn,BOLEYBAWN,Boleybawn,EXACT,100,15077,APPROVED
aggregated_records.csv,blackditch,BLACKDITCH,,NO_MATCH,0,15077,NEEDS_REVIEW
aggregated_records.csv,murrigarr,MURRIGARR,,NO_MATCH,0,15077,NEEDS_REVIEW
aggregated_records.csv,Coolboy and Hillbrook,COOLBOY AND HILLBROOK,,NO_MATCH,0,15077,NEEDS_REVIEW
aggregated_records.csv,carrigacrow,CARRIGACROW,CARRIGROE,FUZZY,80,15077,PENDING
aggregated_records.csv,kilguiggin,KILGUIGGIN,KILQUIGGIN,FUZZY,90,15077,PENDING
aggregated_records.csv,Glenashouk,GLENASHOUK,GLENNASHOUK,FUZZY,95,15077,PENDING
aggregated_records.csv,Liscolman,LISCOLMAN,Liscolman,EXACT,100,15077,APPROVED
aggregated_records.csv,Corravanish,CORRAVANISH,CURRAVANISH,FUZZY,91,15077,PENDING
aggregated_records.csv,Tomnafinnoge,TOMNAFINNOGE,Tomnafinnoge,EXACT,100,15077,APPROVED
aggregated_records.csv,Killlinure,KILLLINURE,KILLINURE,FUZZY,95,15077,PENDING
aggregated_records.csv,Parkmore (Page),PARKMORE (PAGE),Parkmore (Page),EXACT,100,15077,APPROVED
aggregated_records.csv,tinehaley and coolruss,TINEHALEY AND COOLRUSS,,NO_MATCH,0,15077,NEEDS_REVIEW
aggregated_records.csv,barkeen,BARKEEN,,NO_MATCH,0,15077,NEEDS_REVIEW
aggregated_records.csv,killinane,KILLINANE,,NO_MATCH,0,15077,NEEDS_REVIEW
aggregated_records.csv,Roddenagh,RODDENAGH,Roddenagh,EXACT,100,15077,APPROVED
aggregated_records.csv,Money Lower,MONEY LOWER,Money Lower,EXACT,100,15077,APPROVED
aggregated_records.csv,Carrickaron,CARRICKARON,,NO_MATCH,0,15077,NEEDS_REVIEW
aggregated_records.csv,glenfillippeen,GLENFILLIPPEEN,GLENPHILIPEEN,FUZZY,81,15077,PENDING
aggregated_records.csv,Moyne and Sleaghroe,MOYNE AND SLEAGHROE,,NO_MATCH,0,15077,NEEDS_REVIEW
aggregated_records.csv,urrigan,URRIGAN,,NO_MATCH,0,15077,NEEDS_REVIEW
aggregated_records.csv,balliconofin,BALLICONOFIN,,NO_MATCH,0,15077,NEEDS_REVIEW
aggregated_records.csv,parkmore,PARKMORE,parkmore,EXACT,100,15077,APPROVED
aggregated_records.csv,Coolafancy,COOLAFANCY,Coolafancy,EXACT,100,15077,APPROVED
aggregated_records.csv,Slaney,SLANEY,,NO_MATCH,0,15077,NEEDS_REVIEW
aggregated_records.csv,ballynerrin,BALLYNERRIN,,NO_MATCH,0,15077,NEEDS_REVIEW
aggregated_records.csv,kilballyowen,KILBALLYOWEN,kilballyowen,EXACT,100,15077,APPROVED
aggregated_records.csv,Blackditch,BLACKDITCH,,NO_MATCH,0,15077,NEEDS_REVIEW
aggregated_records.csv,park and drumlin,PARK AND DRUMLIN,,NO_MATCH,0,15077,NEEDS_REVIEW
aggregated_records.csv,wicklow and drumkey,WICKLOW AND DRUMKEY,,NO_MATCH,0,15077,NEEDS_REVIEW
aggregated_records.csv,Killibegs,KILLIBEGS,KILLABEG,FUZZY,82,15077,PENDING
aggregated_records.csv,Mehassy and Ballinaurly ?,MEHASSY AND BALLINAURLY ?,,NO_MATCH,0,15077,NEEDS_REVIEW
aggregated_records.csv,Stratnakelly,STRATNAKELLY,STRANAKELLY,FUZZY,96,15077,PENDING
aggregated_records.csv,Rathmeagh,RATHMEAGH,RATHMEAGUE,FUZZY,84,15077,PENDING
aggregated_records.csv,Tubberconagh,TUBBERCONAGH,,NO_MATCH,0,15077,NEEDS_REVIEW
aggregated_records.csv,wicklow ballinerrin,WICKLOW BALLINERRIN,,NO_MATCH,0,15077,NEEDS_REVIEW
aggregated_records.csv,Cronelea,CRONELEA,Cronelea,EXACT,100,15077,APPROVED
aggregated_records.csv,Slievenamough,SLIEVENAMOUGH,Slievenamough,EXACT,100,15077,APPROVED
aggregated_records.csv,Fairwood,FAIRWOOD,,NO_MATCH,0,15077,NEEDS_REVIEW
aggregated_records.csv,Boleynakill & Barrenbawn,BOLEYNAKILL & BARRENBAWN,,NO_MATCH,0,15077,NEEDS_REVIEW
aggregated_records.csv,Seamore,SEAMORE,,NO_MATCH,0,15077,NEEDS_REVIEW
aggregated_records.csv,Rathcoyle,RATHCOYLE,,NO_MATCH,0,15077,NEEDS_REVIEW
aggregated_records.csv,Ballisland,BALLISLAND,BALISLAND,FUZZY,95,15077,PENDING
aggregated_records.csv,ballisland,BALLISLAND,BALISLAND,FUZZY,95,15077,PENDING
aggregated_records.csv,carrickacrow,CARRICKACROW,,NO_MATCH,0,15077,NEEDS_REVIEW
aggregated_records.csv,killibeg,KILLIBEG,KILLABEG,FUZZY,88,15077,PENDING
aggregated_records.csv,balllinguile,BALLLINGUILE,BALLINGUILE,FUZZY,96,15077,PENDING
aggregated_records.csv,Tinahely & Lugduffe,TINAHELY & LUGDUFFE,,NO_MATCH,0,15077,NEEDS_REVIEW
aggregated_records.csv,coolross,COOLROSS,coolross,EXACT,100,15077,APPROVED
aggregated_records.csv,Deerpark,DEERPARK,Deerpark,EXACT,100,15077,APPROVED
aggregated_records.csv,ballycionogue,BALLYCIONOGUE,,NO_MATCH,0,15077,NEEDS_REVIEW
aggregated_records.csv,Drumin Park,DRUMIN PARK,,NO_MATCH,0,15077,NEEDS_REVIEW
aggregated_records.csv,Halverstown,HALVERSTOWN,,NO_MATCH,0,15077,NEEDS_REVIEW
aggregated_records.csv,Ballinicionogue,BALLINICIONOGUE,,NO_MATCH,0,15077,NEEDS_REVIEW
aggregated_records.csv,collattin,COLLATTIN,COOLATTIN,FUZZY,89,15077,PENDING
aggregated_records.csv,tinahely lugduff,TINAHELY LUGDUFF,,NO_MATCH,0,15077,NEEDS_REVIEW
aggregated_records.csv,askakeagh,ASKAKEAGH,askakeagh,EXACT,100,15077,APPROVED
aggregated_records.csv,Kilmalone,KILMALONE,,NO_MATCH,0,15077,NEEDS_REVIEW
aggregated_records.csv,kicaven,KICAVEN,,NO_MATCH,0,15077,NEEDS_REVIEW
aggregated_records.csv,Munny,MUNNY,,NO_MATCH,0,15077,NEEDS_REVIEW
aggregated_records.csv,Rathbawn,RATHBAWN,RATHBANE,FUZZY,88,15077,PENDING
aggregated_records.csv,toberlownagh,TOBERLOWNAGH,toberlownagh,EXACT,100,15077,APPROVED
aggregated_records.csv,Monaghulen,MONAGHULEN,,NO_MATCH,0,15077,NEEDS_REVIEW
aggregated_records.csv,killibegg,KILLIBEGG,KILLABEG,FUZZY,82,15077,PENDING
aggregated_records.csv,Poullingate,POULLINGATE,,NO_MATCH,0,15077,NEEDS_REVIEW
aggregated_records.csv,Ballynamanoge,BALLYNAMANOGE,Ballynamanoge,EXACT,100,15077,APPROVED
aggregated_records.csv,Glenphilipeen/Tinahely,GLENPHILIPEEN/TINAHELY,,NO_MATCH,0,15077,NEEDS_REVIEW
aggregated_records.csv,Coolruss Drivers,COOLRUSS DRIVERS,,NO_MATCH,0,15077,NEEDS_REVIEW
aggregated_records.csv,ballraghine,BALLRAGHINE,,NO_MATCH,0,15077,NEEDS_REVIEW
aggregated_records.csv,Wicklow at Bolarney,WICKLOW AT BOLARNEY,,NO_MATCH,0,15077,NEEDS_REVIEW
aggregated_records.csv,lascolman,LASCOLMAN,LISCOLMAN,FUZZY,89,15077,PENDING
aggregated_records.csv,minmore at rathnakill,MINMORE AT RATHNAKILL,,NO_MATCH,0,15077,NEEDS_REVIEW
aggregated_records.csv,Pepperlands,PEPPERLANDS,,NO_MATCH,0,15077,NEEDS_REVIEW
aggregated_records.csv,newry,NEWRY,newry,EXACT,100,15077,APPROVED
aggregated_records.csv,Balliconofin,BALLICONOFIN,,NO_MATCH,0,15077,NEEDS_REVIEW
aggregated_records.csv,ballingate,BALLINGATE,ballingate,EXACT,100,15077,APPROVED
aggregated_records.csv,Ballyraheen,BALLYRAHEEN,Ballyraheen,EXACT,100,15077,APPROVED
aggregated_records.csv,minmore,MINMORE,minmore,EXACT,100,15077,APPROVED
aggregated_records.csv,Slievemaan,SLIEVEMAAN,Slievemaan,EXACT,100,15077,APPROVED
aggregated_records.csv,Park at Coolrup,PARK AT COOLRUP,,NO_MATCH,0,15077,NEEDS_REVIEW
aggregated_records.csv,Muskeagh,MUSKEAGH,Muskeagh,EXACT,100,15077,APPROVED
aggregated_records.csv,Tinahaley and Ballinacorby,TINAHALEY AND BALLINACORBY,,NO_MATCH,0,15077,NEEDS_REVIEW
aggregated_records.csv,park at coolrup,PARK AT COOLRUP,,NO_MATCH,0,15077,NEEDS_REVIEW
aggregated_records.csv,Corandagg,CORANDAGG,,NO_MATCH,0,15077,NEEDS_REVIEW
aggregated_records.csv,Knockadoomcoyle Park,KNOCKADOOMCOYLE PARK,,NO_MATCH,0,15077,NEEDS_REVIEW
aggregated_records.csv,Drumdangan & Rahana,DRUMDANGAN & RAHANA,,NO_MATCH,0,15077,NEEDS_REVIEW
aggregated_records.csv,park at coolruss,PARK AT COOLRUSS,,NO_MATCH,0,15077,NEEDS_REVIEW
aggregated_records.csv,Coolattin and Coolattin Park,COOLATTIN AND COOLATTIN PARK,,NO_MATCH,0,15077,NEEDS_REVIEW
aggregated_records.csv,whitefield,WHITEFIELD,whitefield,EXACT,100,15077,APPROVED
aggregated_records.csv,tankersley,TANKERSLEY,,NO_MATCH,0,15077,NEEDS_REVIEW
aggregated_records.csv,ballyraghine,BALLYRAGHINE,,NO_MATCH,0,15077,NEEDS_REVIEW
aggregated_records.csv,crone,CRONE,crone,EXACT,100,15077,APPROVED
aggregated_records.csv,L'Munny,L'MUNNY,,NO_MATCH,0,15077,NEEDS_REVIEW
aggregated_records.csv,mucklagh,MUCKLAGH,mucklagh,EXACT,100,15077,APPROVED
aggregated_records.csv,toorboy,TOORBOY,toorboy,EXACT,100,15077,APPROVED
aggregated_records.csv,Killinane,KILLINANE,,NO_MATCH,0,15077,NEEDS_REVIEW
aggregated_records.csv,Tinahely and Lugduff,TINAHELY AND LUGDUFF,,NO_MATCH,0,15077,NEEDS_REVIEW
aggregated_records.csv,Knocklow,KNOCKLOW,KNOCKLOE,FUZZY,88,15077,PENDING
aggregated_records.csv,Sleaghroe,SLEAGHROE,,NO_MATCH,0,15077,NEEDS_REVIEW
aggregated_records.csv,farnees,FARNEES,farnees,EXACT,100,15077,APPROVED
aggregated_records.csv,money lower,MONEY LOWER,money lower,EXACT,100,15077,APPROVED
aggregated_records.csv,Kileavan Upper,KILEAVAN UPPER,KILCAVAN UPPER,FUZZY,93,15077,PENDING
aggregated_records.csv,raheenglass,RAHEENGLASS,raheenglass,EXACT,100,15077,APPROVED
aggregated_records.csv,tomacork,TOMACORK,tomacork,EXACT,100,15077,APPROVED
aggregated_records.csv,glenphilipeen,GLENPHILIPEEN,glenphilipeen,EXACT,100,15077,APPROVED
aggregated_records.csv,coolhanica,COOLHANICA,,NO_MATCH,0,15077,NEEDS_REVIEW
aggregated_records.csv,gurteen alias green hall,GURTEEN ALIAS GREEN HALL,,NO_MATCH,0,15077,NEEDS_REVIEW
aggregated_records.csv,Kilaveny,KILAVENY,KILLAVENY,FUZZY,94,15077,PENDING
aggregated_records.csv,whiterock,WHITEROCK,whiterock,EXACT,100,15077,APPROVED
aggregated_records.csv,monaphullen,MONAPHULLEN,,NO_MATCH,0,15077,NEEDS_REVIEW
aggregated_records.csv,Balinglen,BALINGLEN,BALLINGLEN,FUZZY,95,15077,PENDING
aggregated_records.csv,Rathingrancy,RATHINGRANCY,,NO_MATCH,0,15077,NEEDS_REVIEW
aggregated_records.csv,tinahaley,TINAHALEY,TINAHELY,FUZZY,82,15077,PENDING
aggregated_records.csv,merrymeeting,MERRYMEETING,,NO_MATCH,0,15077,NEEDS_REVIEW
aggregated_records.csv,Tubberpatrick,TUBBERPATRICK,TOBERPATRICK,FUZZY,88,15077,PENDING
aggregated_records.csv,Leamore,LEAMORE,,NO_MATCH,0,15077,NEEDS_REVIEW
aggregated_records.csv,strathnakelly,STRATHNAKELLY,STRANAKELLY,FUZZY,92,15077,PENDING
aggregated_records.csv,Rathmeigue,RATHMEIGUE,RATHMEAGUE,FUZZY,90,15077,PENDING
aggregated_records.csv,Coolfancy,COOLFANCY,COOLAFANCY,FUZZY,95,15077,PENDING
aggregated_records.csv,tomcoyle at preban,TOMCOYLE AT PREBAN,,NO_MATCH,0,15077,NEEDS_REVIEW
aggregated_records.csv,toberpatrick,TOBERPATRICK,toberpatrick,EXACT,100,15077,APPROVED
aggregated_records.csv,Carrickgaltor,CARRICKGALTOR,,NO_MATCH,0,15077,NEEDS_REVIEW
aggregated_records.csv,Farney and Corravanish,FARNEY AND CORRAVANISH,,NO_MATCH,0,15077,NEEDS_REVIEW
aggregated_records.csv,Ballybeg,BALLYBEG,Ballybeg,EXACT,100,15077,APPROVED
aggregated_records.csv,Corndog,CORNDOG,Corndog,EXACT,100,15077,APPROVED
aggregated_records.csv,umrigar,UMRIGAR,UMRYGAR,FUZZY,86,15077,PENDING
aggregated_records.csv,ballinacor tinahely,BALLINACOR TINAHELY,,NO_MATCH,0,15077,NEEDS_REVIEW
aggregated_records.csv,Ballinglen,BALLINGLEN,Ballinglen,EXACT,100,15077,APPROVED
aggregated_records.csv,Hillbrook Upper,HILLBROOK UPPER,Hillbrook Upper,EXACT,100,15077,APPROVED
aggregated_records.csv,coolfancy,COOLFANCY,COOLAFANCY,FUZZY,95,15077,PENDING
aggregated_records.csv,molonaskey,MOLONASKEY,,NO_MATCH,0,15077,NEEDS_REVIEW
aggregated_records.csv,Barrenbawn,BARRENBAWN,,NO_MATCH,0,15077,NEEDS_REVIEW
aggregated_records.csv,Kilquiggin,KILQUIGGIN,Kilquiggin,EXACT,100,15077,APPROVED
aggregated_records.csv,Quigginore,QUIGGINORE,QUIGGINROE,FUZZY,90,15077,PENDING
aggregated_records.csv,coolilugg,COOLILUGG,COOLALUG,FUZZY,82,15077,PENDING
aggregated_records.csv,Killibegge,KILLIBEGGE,,NO_MATCH,0,15077,NEEDS_REVIEW
aggregated_records.csv,bridgeland,BRIDGELAND,bridgeland,EXACT,100,15077,APPROVED
aggregated_records.csv,Ballyknocker West,BALLYKNOCKER WEST,Ballyknocker West,EXACT,100,15077,APPROVED
aggregated_records.csv,ballynagran,BALLYNAGRAN,,NO_MATCH,0,15077,NEEDS_REVIEW
aggregated_records.csv,Knockkeen,KNOCKKEEN,KNOCKEEN,FUZZY,94,15077,PENDING
aggregated_records.csv,Ballyraphine and Newtown,BALLYRAPHINE AND NEWTOWN,,NO_MATCH,0,15077,NEEDS_REVIEW
aggregated_records.csv,Kilbally,KILBALLY,KILBALLYOWEN,FUZZY,80,15077,PENDING
aggregated_records.csv,Tomnaschaley,TOMNASCHALEY,,NO_MATCH,0,15077,NEEDS_REVIEW
aggregated_records.csv,kilquiggin,KILQUIGGIN,kilquiggin,EXACT,100,15077,APPROVED
aggregated_records.csv,mehassy,MEHASSY,,NO_MATCH,0,15077,NEEDS_REVIEW
aggregated_records.csv,Rashunnore,RASHUNNORE,,NO_MATCH,0,15077,NEEDS_REVIEW
aggregated_records.csv,Ballyraghine,BALLYRAGHINE,,NO_MATCH,0,15077,NEEDS_REVIEW
aggregated_records.csv,ballyvolen sic,BALLYVOLEN SIC,,NO_MATCH,0,15077,NEEDS_REVIEW
aggregated_records.csv,ballyshonog,BALLYSHONOG,ballyshonog,EXACT,100,15077,APPROVED
aggregated_records.csv,tinahealy,TINAHEALY,TINAHELY,FUZZY,94,15077,PENDING
aggregated_records.csv,ballinden,BALLINDEN,BALLINGLEN,FUZZY,84,15077,PENDING
aggregated_records.csv,Burkeen,BURKEEN,,NO_MATCH,0,15077,NEEDS_REVIEW
aggregated_records.csv,tinhely,TINHELY,TINAHELY,FUZZY,93,15077,PENDING
aggregated_records.csv,Coolattin & Cronystown,COOLATTIN & CRONYSTOWN,,NO_MATCH,0,15077,NEEDS_REVIEW
aggregated_records.csv,Ballycumber,BALLYCUMBER,,NO_MATCH,0,15077,NEEDS_REVIEW
aggregated_records.csv,drumdangan rahana,DRUMDANGAN RAHANA,,NO_MATCH,0,15077,NEEDS_REVIEW
aggregated_records.csv,ballyvolan,BALLYVOLAN,,NO_MATCH,0,15077,NEEDS_REVIEW
aggregated_records.csv,corndog,CORNDOG,corndog,EXACT,100,15077,APPROVED
aggregated_records.csv,farney and corravanish,FARNEY AND CORRAVANISH,,NO_MATCH,0,15077,NEEDS_REVIEW
aggregated_records.csv,Ballinavortha,BALLINAVORTHA,BALLYNAVORTHA,FUZZY,92,15077,PENDING
aggregated_records.csv,tomnifinogue,TOMNIFINOGUE,TOMNAFINNOGE,FUZZY,83,15077,PENDING
aggregated_records.csv,murreagh,MURREAGH,,NO_MATCH,0,15077,NEEDS_REVIEW
aggregated_records.csv,carrickaron,CARRICKARON,,NO_MATCH,0,15077,NEEDS_REVIEW
aggregated_records.csv,dumbarr,DUMBARR,,NO_MATCH,0,15077,NEEDS_REVIEW
aggregated_records.csv,banonbawn,BANONBAWN,,NO_MATCH,0,15077,NEEDS_REVIEW
aggregated_records.csv,rath rath-east,RATH RATH-EAST,,NO_MATCH,0,15077,NEEDS_REVIEW
aggregated_records.csv,hillbrook upper,HILLBROOK UPPER,hillbrook upper,EXACT,100,15077,APPROVED
aggregated_records.csv,harney at carnacanick,HARNEY AT CARNACANICK,,NO_MATCH,0,15077,NEEDS_REVIEW
aggregated_records.csv,boleynakill barrenbawn,BOLEYNAKILL BARRENBAWN,,NO_MATCH,0,15077,NEEDS_REVIEW
aggregated_records.csv,rathdrum,RATHDRUM,,NO_MATCH,0,15077,NEEDS_REVIEW
aggregated_records.csv,Kilmullin,KILMULLIN,,NO_MATCH,0,15077,NEEDS_REVIEW
aggregated_records.csv,paulbeg,PAULBEG,paulbeg,EXACT,100,15077,APPROVED
aggregated_records.csv,Danburr,DANBURR,,NO_MATCH,0,15077,NEEDS_REVIEW
aggregated_records.csv,Park at Drumin,PARK AT DRUMIN,,NO_MATCH,0,15077,NEEDS_REVIEW
aggregated_records.csv,Kilcavan,KILCAVAN,,NO_MATCH,0,15077,NEEDS_REVIEW
aggregated_records.csv,carraghlawn,CARRAGHLAWN,CURRAGHLAWN,FUZZY,91,15077,PENDING
aggregated_records.csv,deerpark,DEERPARK,deerpark,EXACT,100,15077,APPROVED
aggregated_records.csv,kyle struck out ballycumber,KYLE STRUCK OUT BALLYCUMBER,,NO_MATCH,0,15077,NEEDS_REVIEW
aggregated_records.csv,glenphillippeen,GLENPHILLIPPEEN,GLENPHILIPEEN,FUZZY,93,15077,PENDING
aggregated_records.csv,ballygannon and rathdrum,BALLYGANNON AND RATHDRUM,,NO_MATCH,0,15077,NEEDS_REVIEW
aggregated_records.csv,larragh,LARRAGH,LARAGH,FUZZY,92,15077,PENDING
aggregated_records.csv,Coolalug,COOLALUG,Coolalug,EXACT,100,15077,APPROVED
aggregated_records.csv,farnees and bridgeland,FARNEES AND BRIDGELAND,,NO_MATCH,0,15077,NEEDS_REVIEW
aggregated_records.csv,rathcoyle upper,RATHCOYLE UPPER,rathcoyle upper,EXACT,100,15077,APPROVED
aggregated_records.csv,corrandagg,CORRANDAGG,,NO_MATCH,0,15077,NEEDS_REVIEW
aggregated_records.csv,Ballyknocker East,BALLYKNOCKER EAST,Ballyknocker East,EXACT,100,15077,APPROVED
aggregated_records.csv,ballynerra,BALLYNERRA,,NO_MATCH,0,15077,NEEDS_REVIEW
aggregated_records.csv,Rath & Rath-East,RATH & RATH-EAST,,NO_MATCH,0,15077,NEEDS_REVIEW
aggregated_records.csv,Rathingraney,RATHINGRANEY,RAHEENGRANEY,FUZZY,83,15077,PENDING
aggregated_records.csv,for cottage,FOR COTTAGE,,NO_MATCH,0,15077,NEEDS_REVIEW
aggregated_records.csv,glandphilipeen,GLANDPHILIPEEN,GLENPHILIPEEN,FUZZY,89,15077,PENDING
aggregated_records.csv,rahbawn,RAHBAWN,RATHBANE,FUZZY,80,15077,PENDING
aggregated_records.csv,coolattin,COOLATTIN,coolattin,EXACT,100,15077,APPROVED
aggregated_records.csv,melitia,MELITIA,,NO_MATCH,0,15077,NEEDS_REVIEW
aggregated_records.csv,Drumin,DRUMIN,DRUMMIN,FUZZY,92,15077,PENDING
aggregated_records.csv,raheengraney,RAHEENGRANEY,raheengraney,EXACT,100,15077,APPROVED
aggregated_records.csv,Dumbarr,DUMBARR,,NO_MATCH,0,15077,NEEDS_REVIEW
aggregated_records.csv,coolruss and tinahaley,COOLRUSS AND TINAHALEY,,NO_MATCH,0,15077,NEEDS_REVIEW
aggregated_records.csv,newcastlle at blackditch,NEWCASTLLE AT BLACKDITCH,,NO_MATCH,0,15077,NEEDS_REVIEW
aggregated_records.csv,Rathdrum,RATHDRUM,,NO_MATCH,0,15077,NEEDS_REVIEW
aggregated_records.csv,coonaranick,COONARANICK,,NO_MATCH,0,15077,NEEDS_REVIEW
aggregated_records.csv,Ballinguile Hill,BALLINGUILE HILL,BALLINGUILEHILL,FUZZY,97,15077,PENDING
aggregated_records.csv,Raheenteige,RAHEENTEIGE,Raheenteige,EXACT,100,15077,APPROVED
aggregated_records.csv,Tinihaley Mortons,TINIHALEY MORTONS,,NO_MATCH,0,15077,NEEDS_REVIEW
aggregated_records.csv,coolbawn or coolballintaggart,COOLBAWN OR COOLBALLINTAGGART,coolbawn or coolballintaggart,EXACT,100,15077,APPROVED
aggregated_records.csv,liscolman,LISCOLMAN,liscolman,EXACT,100,15077,APPROVED
aggregated_records.csv,Stranakelly,STRANAKELLY,Stranakelly,EXACT,100,15077,APPROVED
aggregated_records.csv,mullans north,MULLANS NORTH,mullans north,EXACT,100,15077,APPROVED
aggregated_records.csv,knockkeen,KNOCKKEEN,KNOCKEEN,FUZZY,94,15077,PENDING
aggregated_records.csv,Lascolman,LASCOLMAN,LISCOLMAN,FUZZY,89,15077,PENDING
aggregated_records.csv,lugaduff,LUGADUFF,LUGDUFF,FUZZY,93,15077,PENDING
aggregated_records.csv,Park Coolruss,PARK COOLRUSS,,NO_MATCH,0,15077,NEEDS_REVIEW
aggregated_records.csv,tinahely rosbawn,TINAHELY ROSBAWN,,NO_MATCH,0,15077,NEEDS_REVIEW
aggregated_records.csv,glasnarget,GLASNARGET,,NO_MATCH,0,15077,NEEDS_REVIEW
aggregated_records.csv,tinahely lugduffe,TINAHELY LUGDUFFE,,NO_MATCH,0,15077,NEEDS_REVIEW
aggregated_records.csv,Balyconnell,BALYCONNELL,BALLYCONNELL,FUZZY,96,15077,PENDING
aggregated_records.csv,Mountpleasant,MOUNTPLEASANT,Mountpleasant,EXACT,100,15077,APPROVED
aggregated_records.csv,Rathcott,RATHCOTT,RATHCOT,FUZZY,93,15077,PENDING
aggregated_records.csv,Tinahely and Coolruss,TINAHELY AND COOLRUSS,,NO_MATCH,0,15077,NEEDS_REVIEW
aggregated_records.csv,gould,GOULD,,NO_MATCH,0,15077,NEEDS_REVIEW
aggregated_records.csv,Rathingeaney,RATHINGEANEY,,NO_MATCH,0,15077,NEEDS_REVIEW
aggregated_records.csv,Ballicionague,BALLICIONAGUE,,NO_MATCH,0,15077,NEEDS_REVIEW
aggregated_records.csv,kileavan upper,KILEAVAN UPPER,KILCAVAN UPPER,FUZZY,93,15077,PENDING
aggregated_records.csv,Tomnaskella,TOMNASKELLA,TOMNASKELA,FUZZY,95,15077,PENDING
aggregated_records.csv,Ballinden,BALLINDEN,BALLINGLEN,FUZZY,84,15077,PENDING
aggregated_records.csv,Carricknaneal,CARRICKNANEAL,,NO_MATCH,0,15077,NEEDS_REVIEW
aggregated_records.csv,coolafancy,COOLAFANCY,coolafancy,EXACT,100,15077,APPROVED
aggregated_records.csv,Ballinulton,BALLINULTON,,NO_MATCH,0,15077,NEEDS_REVIEW
aggregated_records.csv,racott and moyne,RACOTT AND MOYNE,,NO_MATCH,0,15077,NEEDS_REVIEW
aggregated_records.csv,Rosnastraw,ROSNASTRAW,Rosnastraw,EXACT,100,15077,APPROVED
aggregated_records.csv,Coollattin & Cronyhorn,COOLLATTIN & CRONYHORN,,NO_MATCH,0,15077,NEEDS_REVIEW
aggregated_records.csv,Knocknaboly,KNOCKNABOLY,KNOCKNABOLEY,FUZZY,96,15077,PENDING
aggregated_records.csv,Ballraghine,BALLRAGHINE,,NO_MATCH,0,15077,NEEDS_REVIEW
aggregated_records.csv,Bolarney,BOLARNEY,,NO_MATCH,0,15077,NEEDS_REVIEW
aggregated_records.csv,Tinahely & Coolruss,TINAHELY & COOLRUSS,,NO_MATCH,0,15077,NEEDS_REVIEW
aggregated_records.csv,tinihaley coolbawn,TINIHALEY COOLBAWN,,NO_MATCH,0,15077,NEEDS_REVIEW
aggregated_records.csv,Mill Land,MILL LAND,Mill Land,EXACT,100,15077,APPROVED
aggregated_records.csv,tinahely mortons,TINAHELY MORTONS,,NO_MATCH,0,15077,NEEDS_REVIEW
aggregated_records.csv,carrickgalter,CARRICKGALTER,,NO_MATCH,0,15077,NEEDS_REVIEW
aggregated_records.csv,Urrigain & Carnew,URRIGAIN & CARNEW,,NO_MATCH,0,15077,NEEDS_REVIEW
aggregated_records.csv,blackditch and newcastle,BLACKDITCH AND NEWCASTLE,,NO_MATCH,0,15077,NEEDS_REVIEW
aggregated_records.csv,Glasnarget,GLASNARGET,,NO_MATCH,0,15077,NEEDS_REVIEW
aggregated_records.csv,Abbey & land,ABBEY & LAND,,NO_MATCH,0,15077,NEEDS_REVIEW
aggregated_records.csv,Mungacullen,MUNGACULLEN,MUNGACULLIN,FUZZY,91,15077,PENDING
aggregated_records.csv,park alias drumin,PARK ALIAS DRUMIN,,NO_MATCH,0,15077,NEEDS_REVIEW
aggregated_records.csv,lanagh,LANAGH,LARAGH,FUZZY,83,15077,PENDING
aggregated_records.csv,rashunnore,RASHUNNORE,,NO_MATCH,0,15077,NEEDS_REVIEW
aggregated_records.csv,cronyhorn upper,CRONYHORN UPPER,cronyhorn upper,EXACT,100,15077,APPROVED
aggregated_records.csv,kilbally,KILBALLY,KILBALLYOWEN,FUZZY,80,15077,PENDING
aggregated_records.csv,Ballyconnell,BALLYCONNELL,Ballyconnell,EXACT,100,15077,APPROVED
aggregated_records.csv,Barkeen,BARKEEN,,NO_MATCH,0,15077,NEEDS_REVIEW
aggregated_records.csv,drumin,DRUMIN,DRUMMIN,FUZZY,92,15077,PENDING
aggregated_records.csv,Ballyluckin,BALLYLUCKIN,,NO_MATCH,0,15077,NEEDS_REVIEW
aggregated_records.csv,l'munny,L'MUNNY,,NO_MATCH,0,15077,NEEDS_REVIEW
aggregated_records.csv,urrigain carnew,URRIGAIN CARNEW,,NO_MATCH,0,15077,NEEDS_REVIEW
aggregated_records.csv,Paulbegg,PAULBEGG,PAULBEG,FUZZY,93,15077,PENDING
aggregated_records.csv,Lascoleman,LASCOLEMAN,LISCOLMAN,FUZZY,84,15077,PENDING
aggregated_records.csv,Tinehaley and Glenphillipeen,TINEHALEY AND GLENPHILLIPEEN,,NO_MATCH,0,15077,NEEDS_REVIEW
aggregated_records.csv,Ballynerra,BALLYNERRA,,NO_MATCH,0,15077,NEEDS_REVIEW
aggregated_records.csv,knockadozen,KNOCKADOZEN,,NO_MATCH,0,15077,NEEDS_REVIEW
aggregated_records.csv,Carraghlawn,CARRAGHLAWN,CURRAGHLAWN,FUZZY,91,15077,PENDING
aggregated_records.csv,ballard,BALLARD,ballard,EXACT,100,15077,APPROVED
aggregated_records.csv,Kilaveney,KILAVENEY,KILLAVENY,FUZZY,89,15077,PENDING
aggregated_records.csv,Coolattin als. Stoops,COOLATTIN ALS. STOOPS,,NO_MATCH,0,15077,NEEDS_REVIEW
aggregated_records.csv,Racott and Moyne,RACOTT AND MOYNE,,NO_MATCH,0,15077,NEEDS_REVIEW
aggregated_records.csv,knockeen or killinure,KNOCKEEN OR KILLINURE,,NO_MATCH,0,15077,NEEDS_REVIEW
aggregated_records.csv,Towerboy & Ballinguole,TOWERBOY & BALLINGUOLE,,NO_MATCH,0,15077,NEEDS_REVIEW
aggregated_records.csv,Monaghullen,MONAGHULLEN,,NO_MATCH,0,15077,NEEDS_REVIEW
aggregated_records.csv,Cronyhorn Lower,CRONYHORN LOWER,Cronyhorn Lower,EXACT,100,15077,APPROVED
aggregated_records.csv,mulllins,MULLLINS,,NO_MATCH,0,15077,NEEDS_REVIEW
aggregated_records.csv,coolruss drivers,COOLRUSS DRIVERS,,NO_MATCH,0,15077,NEEDS_REVIEW
aggregated_records.csv,Kilballyowen Rathdrum,KILBALLYOWEN RATHDRUM,,NO_MATCH,0,15077,NEEDS_REVIEW
aggregated_records.csv,Gurteen,GURTEEN,GORTEEN,FUZZY,86,15077,PENDING
aggregated_records.csv,tomacork in lease,TOMACORK IN LEASE,,NO_MATCH,0,15077,NEEDS_REVIEW
aggregated_records.csv,coolelug,COOLELUG,COOLALUG,FUZZY,88,15077,PENDING
aggregated_records.csv,ballyknocker west,BALLYKNOCKER WEST,ballyknocker west,EXACT,100,15077,APPROVED
aggregated_records.csv,Farnees,FARNEES,Farnees,EXACT,100,15077,APPROVED
aggregated_records.csv,rathnakill,RATHNAKILL,,NO_MATCH,0,15077,NEEDS_REVIEW
aggregated_records.csv,Barrinbacon,BARRINBACON,,NO_MATCH,0,15077,NEEDS_REVIEW
aggregated_records.csv,pepperlands,PEPPERLANDS,,NO_MATCH,0,15077,NEEDS_REVIEW
aggregated_records.csv,Wicklow,WICKLOW,,NO_MATCH,0,15077,NEEDS_REVIEW
aggregated_records.csv,Ballenfride,BALLENFRIDE,,NO_MATCH,0,15077,NEEDS_REVIEW
aggregated_records.csv,Carrigatheme,CARRIGATHEME,Carrigatheme,EXACT,100,15077,APPROVED
aggregated_records.csv,ballycumber south,BALLYCUMBER SOUTH,ballycumber south,EXACT,100,15077,APPROVED
aggregated_records.csv,Knnockadoomcoyle,KNNOCKADOOMCOYLE,KNOCKATOMCOYLE,FUZZY,87,15077,PENDING
aggregated_records.csv,Tinahely and Coolroe,TINAHELY AND COOLROE,,NO_MATCH,0,15077,NEEDS_REVIEW
aggregated_records.csv,cronyhorn,CRONYHORN,,NO_MATCH,0,15077,NEEDS_REVIEW
aggregated_records.csv,paulbegg,PAULBEGG,PAULBEG,FUZZY,93,15077,PENDING
aggregated_records.csv,glazinarget,GLAZINARGET,,NO_MATCH,0,15077,NEEDS_REVIEW
aggregated_records.csv,Park and Coolruss,PARK AND COOLRUSS,,NO_MATCH,0,15077,NEEDS_REVIEW
aggregated_records.csv,balinglen,BALINGLEN,BALLINGLEN,FUZZY,95,15077,PENDING
aggregated_records.csv,carrickgaiter,CARRICKGAITER,,NO_MATCH,0,15077,NEEDS_REVIEW
aggregated_records.csv,ballinacorbegrosbawn,BALLINACORBEGROSBAWN,,NO_MATCH,0,15077,NEEDS_REVIEW
aggregated_records.csv,kilcasen,KILCASEN,,NO_MATCH,0,15077,NEEDS_REVIEW
aggregated_records.csv,militia,MILITIA,,NO_MATCH,0,15077,NEEDS_REVIEW
aggregated_records.csv,new roe,NEW ROE,,NO_MATCH,0,15077,NEEDS_REVIEW
aggregated_records.csv,quigginroe,QUIGGINROE,quigginroe,EXACT,100,15077,APPROVED
aggregated_records.csv,askikeagh,ASKIKEAGH,ASKAKEAGH,FUZZY,89,15077,PENDING
aggregated_records.csv,Sleaghcoyle,SLEAGHCOYLE,,NO_MATCH,0,15077,NEEDS_REVIEW
aggregated_records.csv,kilaney,KILANEY,,NO_MATCH,0,15077,NEEDS_REVIEW
aggregated_records.csv,Mullens,MULLENS,,NO_MATCH,0,15077,NEEDS_REVIEW
aggregated_records.csv,Coolbawn,COOLBAWN,,NO_MATCH,0,15077,NEEDS_REVIEW
aggregated_records.csv,mountpleasant,MOUNTPLEASANT,mountpleasant,EXACT,100,15077,APPROVED
aggregated_records.csv,Gould,GOULD,,NO_MATCH,0,15077,NEEDS_REVIEW
aggregated_records.csv,Ballarney and Abbeysands,BALLARNEY AND ABBEYSANDS,,NO_MATCH,0,15077,NEEDS_REVIEW
aggregated_records.csv,mangans,MANGANS,mangans,EXACT,100,15077,APPROVED
aggregated_records.csv,tommifinogue,TOMMIFINOGUE,,NO_MATCH,0,15077,NEEDS_REVIEW
aggregated_records.csv,Rathmeague,RATHMEAGUE,Rathmeague,EXACT,100,15077,APPROVED
aggregated_records.csv,coolbroe,COOLBROE,COOLROE,FUZZY,93,15077,PENDING
aggregated_records.csv,"Mullans, North","MULLANS, NORTH",MULLANS NORTH,FUZZY,96,15077,PENDING
aggregated_records.csv,Kennystown,KENNYSTOWN,Kennystown,EXACT,100,15077,APPROVED
aggregated_records.csv,bullinagate,BULLINAGATE,BALLINGATE,FUZZY,86,15077,PENDING
aggregated_records.csv,broomhall,BROOMHALL,,NO_MATCH,0,15077,NEEDS_REVIEW
aggregated_records.csv,Rathcoyle Lower,RATHCOYLE LOWER,Rathcoyle Lower,EXACT,100,15077,APPROVED
aggregated_records.csv,Rathneagh,RATHNEAGH,,NO_MATCH,0,15077,NEEDS_REVIEW
aggregated_records.csv,monaghulen,MONAGHULEN,,NO_MATCH,0,15077,NEEDS_REVIEW
aggregated_records.csv,crossbridge,CROSSBRIDGE,,NO_MATCH,0,15077,NEEDS_REVIEW
aggregated_records.csv,kilmartin,KILMARTIN,,NO_MATCH,0,15077,NEEDS_REVIEW
aggregated_records.csv,Ballinmogan,BALLINMOGAN,,NO_MATCH,0,15077,NEEDS_REVIEW
aggregated_records.csv,Tomnarkaly ???,TOMNARKALY ???,,NO_MATCH,0,15077,NEEDS_REVIEW
aggregated_records.csv,Tansey Close,TANSEY CLOSE,,NO_MATCH,0,15077,NEEDS_REVIEW
aggregated_records.csv,Tinahely & Rosbawn,TINAHELY & ROSBAWN,,NO_MATCH,0,15077,NEEDS_REVIEW
aggregated_records.csv,tomcoyle,TOMCOYLE,tomcoyle,EXACT,100,15077,APPROVED
aggregated_records.csv,ballingate lower,BALLINGATE LOWER,ballingate lower,EXACT,100,15077,APPROVED
aggregated_records.csv,barrinbacon,BARRINBACON,,NO_MATCH,0,15077,NEEDS_REVIEW
aggregated_records.csv,Tommifinogue,TOMMIFINOGUE,,NO_MATCH,0,15077,NEEDS_REVIEW
aggregated_records.csv,munny imp,MUNNY IMP,,NO_MATCH,0,15077,NEEDS_REVIEW
aggregated_records.csv,coolboy at hillbrook,COOLBOY AT HILLBROOK,,NO_MATCH,0,15077,NEEDS_REVIEW
aggregated_records.csv,rathbawn,RATHBAWN,RATHBANE,FUZZY,88,15077,PENDING
aggregated_records.csv,rasnastraw in lease,RASNASTRAW IN LEASE,,NO_MATCH,0,15077,NEEDS_REVIEW
aggregated_records.csv,coolruss park,COOLRUSS PARK,,NO_MATCH,0,15077,NEEDS_REVIEW
aggregated_records.csv,gurteen,GURTEEN,GORTEEN,FUZZY,86,15077,PENDING
aggregated_records.csv,kilcavan,KILCAVAN,,NO_MATCH,0,15077,NEEDS_REVIEW
aggregated_records.csv,knnockadoomcoyle,KNNOCKADOOMCOYLE,KNOCKATOMCOYLE,FUZZY,87,15077,PENDING
aggregated_records.csv,Ballinacorbeg/Rosbawn,BALLINACORBEG/ROSBAWN,,NO_MATCH,0,15077,NEEDS_REVIEW
aggregated_records.csv,coolruss,COOLRUSS,COOLROSS,FUZZY,88,15077,PENDING
aggregated_records.csv,kilpipe at coolbawn,KILPIPE AT COOLBAWN,,NO_MATCH,0,15077,NEEDS_REVIEW
aggregated_records.csv,Mangens,MANGENS,MANGANS,FUZZY,86,15077,PENDING
aggregated_records.csv,Knockadosen,KNOCKADOSEN,,NO_MATCH,0,15077,NEEDS_REVIEW
aggregated_records.csv,Rathshanmore East and West,RATHSHANMORE EAST AND WEST,,NO_MATCH,0,15077,NEEDS_REVIEW
tenancies.csv,Rasnastraw,RASNASTRAW,ROSNASTRAW,FUZZY,90,4695,PENDING
tenancies.csv,Aghold,AGHOLD,,NO_MATCH,0,4695,NEEDS_REVIEW
tenancies.csv,Askakeagh,ASKAKEAGH,Askakeagh,EXACT,100,4695,APPROVED
tenancies.csv,Ballyrolan,BALLYROLAN,,NO_MATCH,0,4695,NEEDS_REVIEW
tenancies.csv,Aghowle Lower,AGHOWLE LOWER,Aghowle Lower,EXACT,100,4695,APPROVED
tenancies.csv,Kilpipe at Coolbawn,KILPIPE AT COOLBAWN,,NO_MATCH,0,4695,NEEDS_REVIEW
tenancies.csv,Monaphullen,MONAPHULLEN,,NO_MATCH,0,4695,NEEDS_REVIEW
tenancies.csv,Ballykelly,BALLYKELLY,Ballykelly,EXACT,100,4695,APPROVED
tenancies.csv,Coolboy,COOLBOY,Coolboy,EXACT,100,4695,APPROVED
tenancies.csv,Balycumber,BALYCUMBER,,NO_MATCH,0,4695,NEEDS_REVIEW
tenancies.csv,Kyle,KYLE,Kyle,EXACT,100,4695,APPROVED
tenancies.csv,Ballycumber South,BALLYCUMBER SOUTH,Ballycumber South,EXACT,100,4695,APPROVED
tenancies.csv,Dunbun,DUNBUN,,NO_MATCH,0,4695,NEEDS_REVIEW
tenancies.csv,"Mullans, South","MULLANS, SOUTH",MULLANS SOUTH,FUZZY,96,4695,PENDING
tenancies.csv,Kilaney,KILANEY,,NO_MATCH,0,4695,NEEDS_REVIEW
tenancies.csv,Killabeg,KILLABEG,Killabeg,EXACT,100,4695,APPROVED
tenancies.csv,Raheengraney,RAHEENGRANEY,Raheengraney,EXACT,100,4695,APPROVED
tenancies.csv,Tomacork       (in lease),TOMACORK       (IN LEASE),,NO_MATCH,0,4695,NEEDS_REVIEW
tenancies.csv,Hillbrook Lower,HILLBROOK LOWER,Hillbrook Lower,EXACT,100,4695,APPROVED
tenancies.csv,Hillbrook and Up Coolboy,HILLBROOK AND UP COOLBOY,,NO_MATCH,0,4695,NEEDS_REVIEW
tenancies.csv,Umrigar,UMRIGAR,UMRYGAR,FUZZY,86,4695,PENDING
tenancies.csv,Tinihaley & Coolbawn,TINIHALEY & COOLBAWN,,NO_MATCH,0,4695,NEEDS_REVIEW
tenancies.csv,Corballis,CORBALLIS,,NO_MATCH,0,4695,NEEDS_REVIEW
tenancies.csv,Kicaven,KICAVEN,,NO_MATCH,0,4695,NEEDS_REVIEW
tenancies.csv,Coollattin,COOLLATTIN,COOLATTIN,FUZZY,95,4695,PENDING
tenancies.csv,Tinihaley Cottager,TINIHALEY COTTAGER,,NO_MATCH,0,4695,NEEDS_REVIEW
tenancies.csv,Cronyhorn,CRONYHORN,,NO_MATCH,0,4695,NEEDS_REVIEW
tenancies.csv,Urrigan,URRIGAN,,NO_MATCH,0,4695,NEEDS_REVIEW
tenancies.csv,Coolbawn or Coolballintaggart,COOLBAWN OR COOLBALLINTAGGART,Coolbawn or Coolballintaggart,EXACT,100,4695,APPROVED
tenancies.csv,Blackditch and Ballyadock,BLACKDITCH AND BALLYADOCK,,NO_MATCH,0,4695,NEEDS_REVIEW
tenancies.csv,Coolafunshoge,COOLAFUNSHOGE,Coolafunshoge,EXACT,100,4695,APPROVED
tenancies.csv,Killybeg,KILLYBEG,KILLABEG,FUZZY,88,4695,PENDING
tenancies.csv,Kilcasen,KILCASEN,,NO_MATCH,0,4695,NEEDS_REVIEW
tenancies.csv,Laragh,LARAGH,Laragh,EXACT,100,4695,APPROVED
tenancies.csv,Killidrumin,KILLIDRUMIN,,NO_MATCH,0,4695,NEEDS_REVIEW
tenancies.csv,Ballinguile,BALLINGUILE,Ballinguile,EXACT,100,4695,APPROVED
tenancies.csv,Murrigarr,MURRIGARR,,NO_MATCH,0,4695,NEEDS_REVIEW
tenancies.csv,Ballinacor,BALLINACOR,Ballinacor,EXACT,100,4695,APPROVED
tenancies.csv,Lascolernan,LASCOLERNAN,,NO_MATCH,0,4695,NEEDS_REVIEW
tenancies.csv,Ballynavortha,BALLYNAVORTHA,Ballynavortha,EXACT,100,4695,APPROVED
tenancies.csv,Merrymeeting and Knockrobhan,MERRYMEETING AND KNOCKROBHAN,,NO_MATCH,0,4695,NEEDS_REVIEW
tenancies.csv,Minmore,MINMORE,Minmore,EXACT,100,4695,APPROVED
tenancies.csv,Carrickgatter,CARRICKGATTER,,NO_MATCH,0,4695,NEEDS_REVIEW
tenancies.csv,Kilpipe,KILPIPE,Kilpipe,EXACT,100,4695,APPROVED
tenancies.csv,Sesquin,SESQUIN,,NO_MATCH,0,4695,NEEDS_REVIEW
tenancies.csv,Drumin at Park,DRUMIN AT PARK,,NO_MATCH,0,4695,NEEDS_REVIEW
tenancies.csv,Knockloe,KNOCKLOE,Knockloe,EXACT,100,4695,APPROVED
tenancies.csv,Coolkenno,COOLKENNO,COOLKENNA,FUZZY,89,4695,PENDING
tenancies.csv,Park and Drummin,PARK AND DRUMMIN,,NO_MATCH,0,4695,NEEDS_REVIEW
tenancies.csv,Slieveroe,SLIEVEROE,Slieveroe,EXACT,100,4695,APPROVED
tenancies.csv,Park at Coolruss,PARK AT COOLRUSS,,NO_MATCH,0,4695,NEEDS_REVIEW
tenancies.csv,Carrickgaiter,CARRICKGAITER,,NO_MATCH,0,4695,NEEDS_REVIEW
tenancies.csv,Harney and Cornavenish,HARNEY AND CORNAVENISH,,NO_MATCH,0,4695,NEEDS_REVIEW
tenancies.csv,Tinehaley and Coolruss,TINEHALEY AND COOLRUSS,,NO_MATCH,0,4695,NEEDS_REVIEW
tenancies.csv,Corrandagg,CORRANDAGG,,NO_MATCH,0,4695,NEEDS_REVIEW
tenancies.csv,Cross,CROSS,Cross,EXACT,100,4695,APPROVED
tenancies.csv,Tinehaley,TINEHALEY,,NO_MATCH,0,4695,NEEDS_REVIEW
tenancies.csv,Moatabower (Co. Wexford),MOATABOWER (CO. WEXFORD),,NO_MATCH,0,4695,NEEDS_REVIEW
tenancies.csv,Barnamuinga,BARNAMUINGA,Barnamuinga,EXACT,100,4695,APPROVED
tenancies.csv,Rusnastraw,RUSNASTRAW,ROSNASTRAW,FUZZY,90,4695,PENDING
tenancies.csv,Harney at Carnacanick,HARNEY AT CARNACANICK,,NO_MATCH,0,4695,NEEDS_REVIEW
tenancies.csv,Quigginroe,QUIGGINROE,Quigginroe,EXACT,100,4695,APPROVED
tenancies.csv,Coolattin,COOLATTIN,Coolattin,EXACT,100,4695,APPROVED
tenancies.csv,Killaleagh,KILLALEAGH,,NO_MATCH,0,4695,NEEDS_REVIEW
tenancies.csv,Newcastle,NEWCASTLE,,NO_MATCH,0,4695,NEEDS_REVIEW
tenancies.csv,Coolbroe,COOLBROE,COOLROE,FUZZY,93,4695,PENDING
tenancies.csv,Mucklagh,MUCKLAGH,Mucklagh,EXACT,100,4695,APPROVED
tenancies.csv,Bolarnew Murragh & Island,BOLARNEW MURRAGH & ISLAND,,NO_MATCH,0,4695,NEEDS_REVIEW
tenancies.csv,Corrovanish,CORROVANISH,CURRAVANISH,FUZZY,82,4695,PENDING
tenancies.csv,Tinehaley/Coolran,TINEHALEY/COOLRAN,,NO_MATCH,0,4695,NEEDS_REVIEW
tenancies.csv,Ballyshonog,BALLYSHONOG,Ballyshonog,EXACT,100,4695,APPROVED
tenancies.csv,Knockeen,KNOCKEEN,Knockeen,EXACT,100,4695,APPROVED
tenancies.csv,Ballyknockers and Deerepark,BALLYKNOCKERS AND DEEREPARK,,NO_MATCH,0,4695,NEEDS_REVIEW
tenancies.csv,Motybower,MOTYBOWER,MOTABOWER,FUZZY,89,4695,PENDING
tenancies.csv,Drummin,DRUMMIN,Drummin,EXACT,100,4695,APPROVED
tenancies.csv,Ballingate,BALLINGATE,Ballingate,EXACT,100,4695,APPROVED
tenancies.csv,Knockadoomeagle,KNOCKADOOMEAGLE,,NO_MATCH,0,4695,NEEDS_REVIEW
tenancies.csv,Ballytuskin,BALLYTUSKIN,,NO_MATCH,0,4695,NEEDS_REVIEW
tenancies.csv,Cronyhorn Upper,CRONYHORN UPPER,Cronyhorn Upper,EXACT,100,4695,APPROVED
tenancies.csv,Lybagh,LYBAGH,Lybagh,EXACT,100,4695,APPROVED
tenancies.csv,Slieveboy Upper & Lower,SLIEVEBOY UPPER & LOWER,,NO_MATCH,0,4695,NEEDS_REVIEW
tenancies.csv,Ballybegg,BALLYBEGG,BALLYBEG,FUZZY,94,4695,PENDING
tenancies.csv,Ballinulta,BALLINULTA,BALLYNULTAGH,FUZZY,82,4695,PENDING
tenancies.csv,Ruddenagh,RUDDENAGH,RODDENAGH,FUZZY,89,4695,PENDING
tenancies.csv,Rahbawn,RAHBAWN,RATHBANE,FUZZY,80,4695,PENDING
tenancies.csv,Killballyowen,KILLBALLYOWEN,KILBALLYOWEN,FUZZY,96,4695,PENDING
tenancies.csv,Killaveny,KILLAVENY,Killaveny,EXACT,100,4695,APPROVED
tenancies.csv,Monaghallen,MONAGHALLEN,,NO_MATCH,0,4695,NEEDS_REVIEW
tenancies.csv,Farnees and Bridgeland,FARNEES AND BRIDGELAND,,NO_MATCH,0,4695,NEEDS_REVIEW
tenancies.csv,Mehassy                           (? illegible word),MEHASSY                           (? ILLEGIBLE WORD),,NO_MATCH,0,4695,NEEDS_REVIEW
tenancies.csv,Ballard,BALLARD,Ballard,EXACT,100,4695,APPROVED
tenancies.csv,Dunburr,DUNBURR,,NO_MATCH,0,4695,NEEDS_REVIEW
tenancies.csv,Preban,PREBAN,Preban,EXACT,100,4695,APPROVED
tenancies.csv,Carney,CARNEY,CARNEW,FUZZY,83,4695,PENDING
tenancies.csv,Ballyvolan,BALLYVOLAN,,NO_MATCH,0,4695,NEEDS_REVIEW
tenancies.csv,Umrygar,UMRYGAR,Umrygar,EXACT,100,4695,APPROVED
tenancies.csv,Tomacoyle,TOMACOYLE,TOMCOYLE,FUZZY,94,4695,PENDING
tenancies.csv,Coolross,COOLROSS,Coolross,EXACT,100,4695,APPROVED
tenancies.csv,Carrigroe,CARRIGROE,Carrigroe,EXACT,100,4695,APPROVED
tenancies.csv,Rathcoll,RATHCOLL,RATHCOT,FUZZY,80,4695,PENDING
tenancies.csv,Park and Coolrun,PARK AND COOLRUN,,NO_MATCH,0,4695,NEEDS_REVIEW
tenancies.csv,Ballygannon Cottages,BALLYGANNON COTTAGES,,NO_MATCH,0,4695,NEEDS_REVIEW
tenancies.csv,Mehassy,MEHASSY,,NO_MATCH,0,4695,NEEDS_REVIEW
tenancies.csv,Ballyguile,BALLYGUILE,BALLINGUILE,FUZZY,86,4695,PENDING
tenancies.csv,Monagrullen,MONAGRULLEN,,NO_MATCH,0,4695,NEEDS_REVIEW
tenancies.csv,Coolruss,COOLRUSS,COOLROSS,FUZZY,88,4695,PENDING
tenancies.csv,Broomhall,BROOMHALL,,NO_MATCH,0,4695,NEEDS_REVIEW
tenancies.csv,Blainroe,BLAINROE,,NO_MATCH,0,4695,NEEDS_REVIEW
tenancies.csv,Strathnakelly,STRATHNAKELLY,STRANAKELLY,FUZZY,92,4695,PENDING
tenancies.csv,Kileavan Lower,KILEAVAN LOWER,KILCAVAN LOWER,FUZZY,93,4695,PENDING
tenancies.csv,Tomnafinogue,TOMNAFINOGUE,TOMNAFINNOGE,FUZZY,92,4695,PENDING
tenancies.csv,Rath,RATH,Rath,EXACT,100,4695,APPROVED
tenancies.csv,Tubberlonagh,TUBBERLONAGH,TOBERLOWNAGH,FUZZY,83,4695,PENDING
tenancies.csv,Ballyraghin,BALLYRAGHIN,BALLYRAHEEN,FUZZY,82,4695,PENDING
tenancies.csv,Toorboy,TOORBOY,Toorboy,EXACT,100,4695,APPROVED
tenancies.csv,Ballard and Crone,BALLARD AND CRONE,,NO_MATCH,0,4695,NEEDS_REVIEW
tenancies.csv,Raheenakit,RAHEENAKIT,Raheenakit,EXACT,100,4695,APPROVED
tenancies.csv,Lumcloon,LUMCLOON,Lumcloon,EXACT,100,4695,APPROVED
tenancies.csv,Parkmore and Coolboy,PARKMORE AND COOLBOY,,NO_MATCH,0,4695,NEEDS_REVIEW
tenancies.csv,Killibegg,KILLIBEGG,KILLABEG,FUZZY,82,4695,PENDING
tenancies.csv,Whiterock,WHITEROCK,Whiterock,EXACT,100,4695,APPROVED
tenancies.csv,Raheenglass,RAHEENGLASS,Raheenglass,EXACT,100,4695,APPROVED
tenancies.csv,Tombrean,TOMBREAN,TOMBREEN,FUZZY,88,4695,PENDING
tenancies.csv,Knockadozen,KNOCKADOZEN,,NO_MATCH,0,4695,NEEDS_REVIEW
tenancies.csv,Askilleagh,ASKILLEAGH,,NO_MATCH,0,4695,NEEDS_REVIEW
tenancies.csv,Bullingate,BULLINGATE,BALLINGATE,FUZZY,90,4695,PENDING
tenancies.csv,Racott,RACOTT,,NO_MATCH,0,4695,NEEDS_REVIEW
tenancies.csv,Coolkenna,COOLKENNA,Coolkenna,EXACT,100,4695,APPROVED
tenancies.csv,Ballinavorta,BALLINAVORTA,BALLYNAVORTHA,FUZZY,88,4695,PENDING
tenancies.csv,nothing,NOTHING,,NO_MATCH,0,4695,NEEDS_REVIEW
tenancies.csv,Knocknaboley,KNOCKNABOLEY,Knocknaboley,EXACT,100,4695,APPROVED
tenancies.csv,Tomacork,TOMACORK,Tomacork,EXACT,100,4695,APPROVED
tenancies.csv,Mullins,MULLINS,,NO_MATCH,0,4695,NEEDS_REVIEW
tenancies.csv,Toberlownagh,TOBERLOWNAGH,Toberlownagh,EXACT,100,4695,APPROVED
tenancies.csv,Coolalugg,COOLALUGG,COOLALUG,FUZZY,94,4695,PENDING
tenancies.csv,Barnacashel,BARNACASHEL,Barnacashel,EXACT,100,4695,APPROVED
tenancies.csv,Coolruss and Tinahaley,COOLRUSS AND TINAHALEY,,NO_MATCH,0,4695,NEEDS_REVIEW
tenancies.csv,Carricknameal,CARRICKNAMEAL,,NO_MATCH,0,4695,NEEDS_REVIEW
tenancies.csv,Tullowclay,TULLOWCLAY,Tullowclay,EXACT,100,4695,APPROVED
tenancies.csv,Gowle,GOWLE,Gowle,EXACT,100,4695,APPROVED
tenancies.csv,Tombreen,TOMBREEN,Tombreen,EXACT,100,4695,APPROVED
tenancies.csv,Jigginstown,JIGGINSTOWN,,NO_MATCH,0,4695,NEEDS_REVIEW
tenancies.csv,Glenyshoke,GLENYSHOKE,,NO_MATCH,0,4695,NEEDS_REVIEW
tenancies.csv,Ballicionogue,BALLICIONOGUE,,NO_MATCH,0,4695,NEEDS_REVIEW
tenancies.csv,Rosbawn,ROSBAWN,ROSBANE,FUZZY,86,4695,PENDING
tenancies.csv,Newtown,NEWTOWN,Newtown,EXACT,100,4695,APPROVED
tenancies.csv,Mangans,MANGANS,Mangans,EXACT,100,4695,APPROVED
tenancies.csv,Carrick,CARRICK,Carrick,EXACT,100,4695,APPROVED
tenancies.csv,Up Coolboy and Hillbrook,UP COOLBOY AND HILLBROOK,,NO_MATCH,0,4695,NEEDS_REVIEW
tenancies.csv,Coolbry,COOLBRY,COOLBOY,FUZZY,86,4695,PENDING
tenancies.csv,Knockadoomcoyle,KNOCKADOOMCOYLE,KNOCKATOMCOYLE,FUZZY,90,4695,PENDING
tenancies.csv,Crone,CRONE,Crone,EXACT,100,4695,APPROVED
tenancies.csv,Knockadoomcoyle (lease having expired),KNOCKADOOMCOYLE (LEASE HAVING EXPIRED),,NO_MATCH,0,4695,NEEDS_REVIEW
tenancies.csv,Hillbrook at Bardmore,HILLBROOK AT BARDMORE,,NO_MATCH,0,4695,NEEDS_REVIEW
tenancies.csv,Rashenmore,RASHENMORE,,NO_MATCH,0,4695,NEEDS_REVIEW
tenancies.csv,Knockatomcoyle,KNOCKATOMCOYLE,Knockatomcoyle,EXACT,100,4695,APPROVED
tenancies.csv,Melitia,MELITIA,,NO_MATCH,0,4695,NEEDS_REVIEW
tenancies.csv,Ballygannon,BALLYGANNON,,NO_MATCH,0,4695,NEEDS_REVIEW
tenancies.csv,Tomcoyle & Preban,TOMCOYLE & PREBAN,,NO_MATCH,0,4695,NEEDS_REVIEW
tenancies.csv,Tomeagle and Preban,TOMEAGLE AND PREBAN,,NO_MATCH,0,4695,NEEDS_REVIEW
tenancies.csv,Shilelagh Ballinulta,SHILELAGH BALLINULTA,,NO_MATCH,0,4695,NEEDS_REVIEW
tenancies.csv,Moyne,MOYNE,Moyne,EXACT,100,4695,APPROVED
tenancies.csv,Kilpipe and Coolbawn,KILPIPE AND COOLBAWN,,NO_MATCH,0,4695,NEEDS_REVIEW
tenancies.csv,Morgans,MORGANS,,NO_MATCH,0,4695,NEEDS_REVIEW
tenancies.csv,Coolboy Upper and Parkmore,COOLBOY UPPER AND PARKMORE,,NO_MATCH,0,4695,NEEDS_REVIEW
tenancies.csv,Ballingate Lower,BALLINGATE LOWER,Ballingate Lower,EXACT,100,4695,APPROVED
tenancies.csv,Carnew,CARNEW,Carnew,EXACT,100,4695,APPROVED
tenancies.csv,Tinihaley,TINIHALEY,,NO_MATCH,0,4695,NEEDS_REVIEW
tenancies.csv,Kilcaven,KILCAVEN,KILLAVENY,FUZZY,82,4695,PENDING
tenancies.csv,Tomnifinogue,TOMNIFINOGUE,TOMNAFINNOGE,FUZZY,83,4695,PENDING
tenancies.csv,Rathcoyle Upper,RATHCOYLE UPPER,Rathcoyle Upper,EXACT,100,4695,APPROVED
tenancies.csv,Mullannaskeagh,MULLANNASKEAGH,Mullannaskeagh,EXACT,100,4695,APPROVED
tenancies.csv,Drumdangan,DRUMDANGAN,,NO_MATCH,0,4695,NEEDS_REVIEW
tenancies.csv,Knockkadoomcoyle,KNOCKKADOOMCOYLE,KNOCKATOMCOYLE,FUZZY,87,4695,PENDING
tenancies.csv,Urelands,URELANDS,,NO_MATCH,0,4695,NEEDS_REVIEW
tenancies.csv,Slievemweel,SLIEVEMWEEL,Slievemweel,EXACT,100,4695,APPROVED
tenancies.csv,Aghowle Upper,AGHOWLE UPPER,Aghowle Upper,EXACT,100,4695,APPROVED
tenancies.csv,Balilionogue,BALILIONOGUE,,NO_MATCH,0,4695,NEEDS_REVIEW
tenancies.csv,Boleynakill,BOLEYNAKILL,,NO_MATCH,0,4695,NEEDS_REVIEW
tenancies.csv,Ballinerrin,BALLINERRIN,,NO_MATCH,0,4695,NEEDS_REVIEW
tenancies.csv,Carrigatler,CARRIGATLER,,NO_MATCH,0,4695,NEEDS_REVIEW
tenancies.csv,Balisland,BALISLAND,Balisland,EXACT,100,4695,APPROVED
tenancies.csv,Ballyraphine,BALLYRAPHINE,,NO_MATCH,0,4695,NEEDS_REVIEW
tenancies.csv,Bolarney and Burkeen,BOLARNEY AND BURKEEN,,NO_MATCH,0,4695,NEEDS_REVIEW
tenancies.csv,Tinihaley     Mortons,TINIHALEY     MORTONS,,NO_MATCH,0,4695,NEEDS_REVIEW
tenancies.csv,"[""Kyle"" struck out]  Ballycumber","[""KYLE"" STRUCK OUT]  BALLYCUMBER",,NO_MATCH,0,4695,NEEDS_REVIEW
tenancies.csv,Tombreane,TOMBREANE,TOMBREEN,FUZZY,82,4695,PENDING
tenancies.csv,Rosbane,ROSBANE,Rosbane,EXACT,100,4695,APPROVED
tenancies.csv,Ballagh,BALLAGH,Ballagh,EXACT,100,4695,APPROVED
tenancies.csv,Tubbertonagh,TUBBERTONAGH,,NO_MATCH,0,4695,NEEDS_REVIEW
tenancies.csv,Tinahaley,TINAHALEY,TINAHELY,FUZZY,82,4695,PENDING
tenancies.csv,Coolboy at Hillbrook,COOLBOY AT HILLBROOK,,NO_MATCH,0,4695,NEEDS_REVIEW
tenancies.csv,Rathdrum and Ballygannon,RATHDRUM AND BALLYGANNON,,NO_MATCH,0,4695,NEEDS_REVIEW
tenancies.csv,Lugaduff,LUGADUFF,LUGDUFF,FUZZY,93,4695,PENDING
tenancies.csv,Slievenamough Plain,SLIEVENAMOUGH PLAIN,Slievenamough Plain,EXACT,100,4695,APPROVED
tenancies.csv,Knockeen or Killinure,KNOCKEEN OR KILLINURE,,NO_MATCH,0,4695,NEEDS_REVIEW
tenancies.csv,Toberpatrick,TOBERPATRICK,Toberpatrick,EXACT,100,4695,APPROVED
tenancies.csv,Coolroe,COOLROE,Coolroe,EXACT,100,4695,APPROVED
tenancies.csv,Ballymarroge,BALLYMARROGE,Ballymarroge,EXACT,100,4695,APPROVED
tenancies.csv,Murreagh,MURREAGH,,NO_MATCH,0,4695,NEEDS_REVIEW
tenancies.csv,Ballenguile,BALLENGUILE,BALLINGUILE,FUZZY,91,4695,PENDING
tenancies.csv,Sleanamoe,SLEANAMOE,,NO_MATCH,0,4695,NEEDS_REVIEW
tenancies.csv,Ballarney,BALLARNEY,,NO_MATCH,0,4695,NEEDS_REVIEW
tenancies.csv,Park,PARK,Park,EXACT,100,4695,APPROVED
tenancies.csv,Tomcoyle and Preban,TOMCOYLE AND PREBAN,,NO_MATCH,0,4695,NEEDS_REVIEW
tenancies.csv,Knocknagree,KNOCKNAGREE,Knocknagree,EXACT,100,4695,APPROVED
tenancies.csv,Garryhoe,GARRYHOE,Garryhoe,EXACT,100,4695,APPROVED
tenancies.csv,Lugduff,LUGDUFF,Lugduff,EXACT,100,4695,APPROVED
tenancies.csv,Hillbrooke,HILLBROOKE,HILLBROOK UPPER,FUZZY,80,4695,PENDING
tenancies.csv,Aghowle,AGHOWLE,GOWLE,FUZZY,83,4695,PENDING
tenancies.csv,Park and Drumin,PARK AND DRUMIN,,NO_MATCH,0,4695,NEEDS_REVIEW
tenancies.csv,Moylisha,MOYLISHA,Moylisha,EXACT,100,4695,APPROVED
tenancies.csv,Rathshanmore South,RATHSHANMORE SOUTH,Rathshanmore South,EXACT,100,4695,APPROVED
tenancies.csv,Rathbane,RATHBANE,Rathbane,EXACT,100,4695,APPROVED
tenancies.csv,Boley,BOLEY,Boley,EXACT,100,4695,APPROVED
tenancies.csv,?,?,,NO_MATCH,0,4695,NEEDS_REVIEW
tenancies.csv,[Farnees struck out] Corravanish,[FARNEES STRUCK OUT] CORRAVANISH,,NO_MATCH,0,4695,NEEDS_REVIEW
tenancies.csv,Ballyvolen (sic),BALLYVOLEN (SIC),,NO_MATCH,0,4695,NEEDS_REVIEW
tenancies.csv,Churchland,CHURCHLAND,Churchland,EXACT,100,4695,APPROVED
tenancies.csv,Gorteen,GORTEEN,Gorteen,EXACT,100,4695,APPROVED
tenancies.csv,Killileage,KILLILEAGE,,NO_MATCH,0,4695,NEEDS_REVIEW
tenancies.csv,Newry,NEWRY,Newry,EXACT,100,4695,APPROVED
tenancies.csv,Coollattin &  Cronyhorn,COOLLATTIN &  CRONYHORN,,NO_MATCH,0,4695,NEEDS_REVIEW
tenancies.csv,Kilballyowen,KILBALLYOWEN,Kilballyowen,EXACT,100,4695,APPROVED
tenancies.csv,Glenyshoke and Ballingate,GLENYSHOKE AND BALLINGATE,,NO_MATCH,0,4695,NEEDS_REVIEW
tenancies.csv,Rasnastraw  (sic),RASNASTRAW  (SIC),,NO_MATCH,0,4695,NEEDS_REVIEW
tenancies.csv,Parkmore,PARKMORE,Parkmore,EXACT,100,4695,APPROVED
tenancies.csv,Askikeagh,ASKIKEAGH,ASKAKEAGH,FUZZY,89,4695,PENDING
tenancies.csv,Curravanish,CURRAVANISH,Curravanish,EXACT,100,4695,APPROVED
tenancies.csv,Stoops,STOOPS,Stoops,EXACT,100,4695,APPROVED
tenancies.csv,Wicklow & Ballinerrin,WICKLOW & BALLINERRIN,,NO_MATCH,0,4695,NEEDS_REVIEW
tenancies.csv,Killinure,KILLINURE,Killinure,EXACT,100,4695,APPROVED
tenancies.csv,Ballybegg and Garryhow,BALLYBEGG AND GARRYHOW,,NO_MATCH,0,4695,NEEDS_REVIEW
tenancies.csv,Kilpoole,KILPOOLE,,NO_MATCH,0,4695,NEEDS_REVIEW
tenancies.csv,Bridgeland,BRIDGELAND,Bridgeland,EXACT,100,4695,APPROVED
tenancies.csv,Harnees and Bridgeland,HARNEES AND BRIDGELAND,,NO_MATCH,0,4695,NEEDS_REVIEW
tenancies.csv,Ballynultagh,BALLYNULTAGH,Ballynultagh,EXACT,100,4695,APPROVED
tenancies.csv,Kileaven,KILEAVEN,KILLAVENY,FUZZY,82,4695,PENDING
tenancies.csv,Carrickacrow,CARRICKACROW,,NO_MATCH,0,4695,NEEDS_REVIEW
tenancies.csv,Corandogg,CORANDOGG,CORNDOG,FUZZY,88,4695,PENDING
tenancies.csv,Garryhoe (sic),GARRYHOE (SIC),,NO_MATCH,0,4695,NEEDS_REVIEW
tenancies.csv,Kililnure,KILILNURE,KILLINURE,FUZZY,89,4695,PENDING
tenancies.csv,Coolfancey,COOLFANCEY,COOLAFANCY,FUZZY,90,4695,PENDING
tenancies.csv,Whitefield,WHITEFIELD,Whitefield,EXACT,100,4695,APPROVED
tenancies.csv,Paulbeg,PAULBEG,Paulbeg,EXACT,100,4695,APPROVED
tenancies.csv,Glenphillipeen,GLENPHILLIPEEN,GLENPHILIPEEN,FUZZY,96,4695,PENDING
tenancies.csv,Ballingate Upper,BALLINGATE UPPER,Ballingate Upper,EXACT,100,4695,APPROVED
tenancies.csv,Greenhall,GREENHALL,Greenhall,EXACT,100,4695,APPROVED
tenancies.csv,Carrigacrow,CARRIGACROW,CARRIGROE,FUZZY,80,4695,PENDING
tenancies.csv,Towerboy & Ballenguile,TOWERBOY & BALLENGUILE,,NO_MATCH,0,4695,NEEDS_REVIEW
tenancies.csv,Ballygannon and Rathdrum,BALLYGANNON AND RATHDRUM,,NO_MATCH,0,4695,NEEDS_REVIEW
tenancies.csv,Ballycumber North,BALLYCUMBER NORTH,Ballycumber North,EXACT,100,4695,APPROVED
tenancies.csv,Maryans,MARYANS,,NO_MATCH,0,4695,NEEDS_REVIEW
tenancies.csv,Merrymeeting,MERRYMEETING,,NO_MATCH,0,4695,NEEDS_REVIEW
tenancies.csv,Seskin,SESKIN,Seskin,EXACT,100,4695,APPROVED
tenancies.csv,Coolkenna & Barnacashel,COOLKENNA & BARNACASHEL,,NO_MATCH,0,4695,NEEDS_REVIEW
tenancies.csv,Money Upper,MONEY UPPER,Money Upper,EXACT,100,4695,APPROVED
tenancies.csv,Ballinalla,BALLINALLA,,NO_MATCH,0,4695,NEEDS_REVIEW
tenancies.csv,Towerboy,TOWERBOY,TOORBOY,FUZZY,80,4695,PENDING
tenancies.csv,Tomcoglen and Preban,TOMCOGLEN AND PREBAN,,NO_MATCH,0,4695,NEEDS_REVIEW
tenancies.csv,Mangins,MANGINS,MANGANS,FUZZY,86,4695,PENDING
tenancies.csv,Boleynakill and Stump,BOLEYNAKILL AND STUMP,,NO_MATCH,0,4695,NEEDS_REVIEW
tenancies.csv,Ardoyne,ARDOYNE,Ardoyne,EXACT,100,4695,APPROVED
tenancies.csv,Tomcoyle,TOMCOYLE,Tomcoyle,EXACT,100,4695,APPROVED
tenancies.csv,Tinahely,TINAHELY,Tinahely,EXACT,100,4695,APPROVED
tenancies.csv,Kilquiggan,KILQUIGGAN,KILQUIGGIN,FUZZY,90,4695,PENDING
tenancies.csv,Raheeglass,RAHEEGLASS,RAHEENGLASS,FUZZY,95,4695,PENDING
tenancies.csv,Rathcot,RATHCOT,Rathcot,EXACT,100,4695,APPROVED
tenancies.csv,Tomcoyle at Preban,TOMCOYLE AT PREBAN,,NO_MATCH,0,4695,NEEDS_REVIEW
tenancies.csv,Park and Coolrun and  Drumin,PARK AND COOLRUN AND  DRUMIN,,NO_MATCH,0,4695,NEEDS_REVIEW
tenancies.csv,Boleybawn,BOLEYBAWN,Boleybawn,EXACT,100,4695,APPROVED
tenancies.csv,Coolboy and Hillbrook,COOLBOY AND HILLBROOK,,NO_MATCH,0,4695,NEEDS_REVIEW
tenancies.csv,Glenashouk,GLENASHOUK,GLENNASHOUK,FUZZY,95,4695,PENDING
tenancies.csv,Liscolman,LISCOLMAN,Liscolman,EXACT,100,4695,APPROVED
tenancies.csv,Tomnafinnoge,TOMNAFINNOGE,Tomnafinnoge,EXACT,100,4695,APPROVED
tenancies.csv,Parkmore (Page),PARKMORE (PAGE),Parkmore (Page),EXACT,100,4695,APPROVED
tenancies.csv,Roddenagh,RODDENAGH,Roddenagh,EXACT,100,4695,APPROVED
tenancies.csv,Money Lower,MONEY LOWER,Money Lower,EXACT,100,4695,APPROVED
tenancies.csv,Coolafancy,COOLAFANCY,Coolafancy,EXACT,100,4695,APPROVED
tenancies.csv,Blackditch,BLACKDITCH,,NO_MATCH,0,4695,NEEDS_REVIEW
tenancies.csv,Stratnakelly,STRATNAKELLY,STRANAKELLY,FUZZY,96,4695,PENDING
tenancies.csv,Rathmeagh,RATHMEAGH,RATHMEAGUE,FUZZY,84,4695,PENDING
tenancies.csv,Cronelea,CRONELEA,Cronelea,EXACT,100,4695,APPROVED
tenancies.csv,Slievenamough,SLIEVENAMOUGH,Slievenamough,EXACT,100,4695,APPROVED
tenancies.csv,Fairwood,FAIRWOOD,,NO_MATCH,0,4695,NEEDS_REVIEW
tenancies.csv,Rathcoyle,RATHCOYLE,,NO_MATCH,0,4695,NEEDS_REVIEW
tenancies.csv,Ballisland,BALLISLAND,BALISLAND,FUZZY,95,4695,PENDING
tenancies.csv,Deerpark,DEERPARK,Deerpark,EXACT,100,4695,APPROVED
tenancies.csv,Halverstown,HALVERSTOWN,,NO_MATCH,0,4695,NEEDS_REVIEW
tenancies.csv,Munny,MUNNY,,NO_MATCH,0,4695,NEEDS_REVIEW
tenancies.csv,Rathbawn,RATHBAWN,RATHBANE,FUZZY,88,4695,PENDING
tenancies.csv,Monaghulen,MONAGHULEN,,NO_MATCH,0,4695,NEEDS_REVIEW
tenancies.csv,Poullingate,POULLINGATE,,NO_MATCH,0,4695,NEEDS_REVIEW
tenancies.csv,Ballynamanoge,BALLYNAMANOGE,Ballynamanoge,EXACT,100,4695,APPROVED
tenancies.csv,Ballyraheen,BALLYRAHEEN,Ballyraheen,EXACT,100,4695,APPROVED
tenancies.csv,Slievemaan,SLIEVEMAAN,Slievemaan,EXACT,100,4695,APPROVED
tenancies.csv,Muskeagh,MUSKEAGH,Muskeagh,EXACT,100,4695,APPROVED
tenancies.csv,Tinahaley and Ballinacorby,TINAHALEY AND BALLINACORBY,,NO_MATCH,0,4695,NEEDS_REVIEW
tenancies.csv,Corandagg,CORANDAGG,,NO_MATCH,0,4695,NEEDS_REVIEW
tenancies.csv,Coolattin and Coolattin Park,COOLATTIN AND COOLATTIN PARK,,NO_MATCH,0,4695,NEEDS_REVIEW
tenancies.csv,Mehassy and  Ballinaurly ?,MEHASSY AND  BALLINAURLY ?,,NO_MATCH,0,4695,NEEDS_REVIEW
tenancies.csv,Killinane,KILLINANE,,NO_MATCH,0,4695,NEEDS_REVIEW
tenancies.csv,Knocklow,KNOCKLOW,KNOCKLOE,FUZZY,88,4695,PENDING
tenancies.csv,Sleaghroe,SLEAGHROE,,NO_MATCH,0,4695,NEEDS_REVIEW
tenancies.csv,Kileavan Upper,KILEAVAN UPPER,KILCAVAN UPPER,FUZZY,93,4695,PENDING
tenancies.csv,Kilaveny,KILAVENY,KILLAVENY,FUZZY,94,4695,PENDING
tenancies.csv,Rathingrancy,RATHINGRANCY,,NO_MATCH,0,4695,NEEDS_REVIEW
tenancies.csv,Tubberpatrick,TUBBERPATRICK,TOBERPATRICK,FUZZY,88,4695,PENDING
tenancies.csv,Leamore,LEAMORE,,NO_MATCH,0,4695,NEEDS_REVIEW
tenancies.csv,Rathmeigue,RATHMEIGUE,RATHMEAGUE,FUZZY,90,4695,PENDING
tenancies.csv,Coolfancy,COOLFANCY,COOLAFANCY,FUZZY,95,4695,PENDING
tenancies.csv,Farney and Corravanish,FARNEY AND CORRAVANISH,,NO_MATCH,0,4695,NEEDS_REVIEW
tenancies.csv,Ballybeg,BALLYBEG,Ballybeg,EXACT,100,4695,APPROVED
tenancies.csv,Corndog,CORNDOG,Corndog,EXACT,100,4695,APPROVED
tenancies.csv,Ballinglen,BALLINGLEN,Ballinglen,EXACT,100,4695,APPROVED
tenancies.csv,Hillbrook Upper,HILLBROOK UPPER,Hillbrook Upper,EXACT,100,4695,APPROVED
tenancies.csv,Barrenbawn,BARRENBAWN,,NO_MATCH,0,4695,NEEDS_REVIEW
tenancies.csv,Kilquiggin,KILQUIGGIN,Kilquiggin,EXACT,100,4695,APPROVED
tenancies.csv,Quigginore,QUIGGINORE,QUIGGINROE,FUZZY,90,4695,PENDING
tenancies.csv,Ballyknocker West,BALLYKNOCKER WEST,Ballyknocker West,EXACT,100,4695,APPROVED
tenancies.csv,Knockkeen,KNOCKKEEN,KNOCKEEN,FUZZY,94,4695,PENDING
tenancies.csv,Ballyraphine and Newtown,BALLYRAPHINE AND NEWTOWN,,NO_MATCH,0,4695,NEEDS_REVIEW
tenancies.csv,Kilbally,KILBALLY,KILBALLYOWEN,FUZZY,80,4695,PENDING
tenancies.csv,Rashunnore,RASHUNNORE,,NO_MATCH,0,4695,NEEDS_REVIEW
tenancies.csv,Burkeen,BURKEEN,,NO_MATCH,0,4695,NEEDS_REVIEW
tenancies.csv,Ballycumber,BALLYCUMBER,,NO_MATCH,0,4695,NEEDS_REVIEW
tenancies.csv,Ballinavortha,BALLINAVORTHA,BALLYNAVORTHA,FUZZY,92,4695,PENDING
tenancies.csv,Park at Drumin,PARK AT DRUMIN,,NO_MATCH,0,4695,NEEDS_REVIEW
tenancies.csv,Kilcavan,KILCAVAN,,NO_MATCH,0,4695,NEEDS_REVIEW
tenancies.csv,Coolalug,COOLALUG,Coolalug,EXACT,100,4695,APPROVED
tenancies.csv,Ballyknocker East,BALLYKNOCKER EAST,Ballyknocker East,EXACT,100,4695,APPROVED
tenancies.csv,Rath & Rath-East,RATH & RATH-EAST,,NO_MATCH,0,4695,NEEDS_REVIEW
tenancies.csv,Rathingraney,RATHINGRANEY,RAHEENGRANEY,FUZZY,83,4695,PENDING
tenancies.csv,for cottage,FOR COTTAGE,,NO_MATCH,0,4695,NEEDS_REVIEW
tenancies.csv,Drumin,DRUMIN,DRUMMIN,FUZZY,92,4695,PENDING
tenancies.csv,Rathdrum,RATHDRUM,,NO_MATCH,0,4695,NEEDS_REVIEW
tenancies.csv,Ballinguile Hill,BALLINGUILE HILL,BALLINGUILEHILL,FUZZY,97,4695,PENDING
tenancies.csv,Raheenteige,RAHEENTEIGE,Raheenteige,EXACT,100,4695,APPROVED
tenancies.csv,Stranakelly,STRANAKELLY,Stranakelly,EXACT,100,4695,APPROVED
tenancies.csv,Kilballyowen  Rathdrum,KILBALLYOWEN  RATHDRUM,,NO_MATCH,0,4695,NEEDS_REVIEW
tenancies.csv,Balyconnell,BALYCONNELL,BALLYCONNELL,FUZZY,96,4695,PENDING
tenancies.csv,Mountpleasant,MOUNTPLEASANT,Mountpleasant,EXACT,100,4695,APPROVED
tenancies.csv,Rathingeaney,RATHINGEANEY,,NO_MATCH,0,4695,NEEDS_REVIEW
tenancies.csv,Tomnaskella,TOMNASKELLA,TOMNASKELA,FUZZY,95,4695,PENDING
tenancies.csv,Carricknaneal,CARRICKNANEAL,,NO_MATCH,0,4695,NEEDS_REVIEW
tenancies.csv,Ballinulton,BALLINULTON,,NO_MATCH,0,4695,NEEDS_REVIEW
tenancies.csv,Rosnastraw,ROSNASTRAW,Rosnastraw,EXACT,100,4695,APPROVED
tenancies.csv,Knocknaboly,KNOCKNABOLY,KNOCKNABOLEY,FUZZY,96,4695,PENDING
tenancies.csv,Mill Land,MILL LAND,Mill Land,EXACT,100,4695,APPROVED
tenancies.csv,Abbey & land,ABBEY & LAND,,NO_MATCH,0,4695,NEEDS_REVIEW
tenancies.csv,Mungacullen,MUNGACULLEN,MUNGACULLIN,FUZZY,91,4695,PENDING
tenancies.csv,Ballyconnell,BALLYCONNELL,Ballyconnell,EXACT,100,4695,APPROVED
tenancies.csv,Barkeen,BARKEEN,,NO_MATCH,0,4695,NEEDS_REVIEW
tenancies.csv,Paulbegg,PAULBEGG,PAULBEG,FUZZY,93,4695,PENDING
tenancies.csv,Lascoleman,LASCOLEMAN,LISCOLMAN,FUZZY,84,4695,PENDING
tenancies.csv,Tinehaley and Glenphillipeen,TINEHALEY AND GLENPHILLIPEEN,,NO_MATCH,0,4695,NEEDS_REVIEW
tenancies.csv,Carraghlawn,CARRAGHLAWN,CURRAGHLAWN,FUZZY,91,4695,PENDING
tenancies.csv,Kilaveney,KILAVENEY,KILLAVENY,FUZZY,89,4695,PENDING
tenancies.csv,Monaghullen,MONAGHULLEN,,NO_MATCH,0,4695,NEEDS_REVIEW
tenancies.csv,Cronyhorn Lower,CRONYHORN LOWER,Cronyhorn Lower,EXACT,100,4695,APPROVED
tenancies.csv,Gurteen,GURTEEN,GORTEEN,FUZZY,86,4695,PENDING
tenancies.csv,Farnees,FARNEES,Farnees,EXACT,100,4695,APPROVED
tenancies.csv,Barrinbacon,BARRINBACON,,NO_MATCH,0,4695,NEEDS_REVIEW
tenancies.csv,Wicklow,WICKLOW,,NO_MATCH,0,4695,NEEDS_REVIEW
tenancies.csv,Carrigatheme,CARRIGATHEME,Carrigatheme,EXACT,100,4695,APPROVED
tenancies.csv,Knnockadoomcoyle,KNNOCKADOOMCOYLE,KNOCKATOMCOYLE,FUZZY,87,4695,PENDING
tenancies.csv,Park and Coolruss,PARK AND COOLRUSS,,NO_MATCH,0,4695,NEEDS_REVIEW
tenancies.csv,Rasnastraw     (in lease),RASNASTRAW     (IN LEASE),,NO_MATCH,0,4695,NEEDS_REVIEW
tenancies.csv,Sleaghcoyle,SLEAGHCOYLE,,NO_MATCH,0,4695,NEEDS_REVIEW
tenancies.csv,Coolbawn,COOLBAWN,,NO_MATCH,0,4695,NEEDS_REVIEW
tenancies.csv,Ballarney and Abbeysands,BALLARNEY AND ABBEYSANDS,,NO_MATCH,0,4695,NEEDS_REVIEW
tenancies.csv,Rathmeague,RATHMEAGUE,Rathmeague,EXACT,100,4695,APPROVED
tenancies.csv,Mainire  [?],MAINIRE  [?],,NO_MATCH,0,4695,NEEDS_REVIEW
tenancies.csv,"Mullans, North","MULLANS, NORTH",MULLANS NORTH,FUZZY,96,4695,PENDING
tenancies.csv,Kennystown,KENNYSTOWN,Kennystown,EXACT,100,4695,APPROVED
tenancies.csv,Rathcoyle Lower,RATHCOYLE LOWER,Rathcoyle Lower,EXACT,100,4695,APPROVED
tenancies.csv,Ballinmogan,BALLINMOGAN,,NO_MATCH,0,4695,NEEDS_REVIEW
tenancies.csv,Tomnarkaly ???,TOMNARKALY ???,,NO_MATCH,0,4695,NEEDS_REVIEW
tenancies.csv,Tommifinogue,TOMMIFINOGUE,,NO_MATCH,0,4695,NEEDS_REVIEW
tenancies.csv,Rathshanmore East and West,RATHSHANMORE EAST AND WEST,,NO_MATCH,0,4695,NEEDS_REVIEW
wicklow-census-data.csv,BALLEESE LOWER,BALLEESE LOWER,,NO_MATCH,0,1539,NEEDS_REVIEW
wicklow-census-data.csv,BALLYWARD,BALLYWARD,BALLARD,FUZZY,88,1539,PENDING
wicklow-census-data.csv,GLASNARGET SOUTH,GLASNARGET SOUTH,,NO_MATCH,0,1539,NEEDS_REVIEW
wicklow-census-data.csv,BALLINAMEESDA T,BALLINAMEESDA T,,NO_MATCH,0,1539,NEEDS_REVIEW
wicklow-census-data.csv,BORKILL MORE,BORKILL MORE,,NO_MATCH,0,1539,NEEDS_REVIEW
wicklow-census-data.csv,RATHMEAGUE,RATHMEAGUE,RATHMEAGUE,EXACT,100,1539,APPROVED
wicklow-census-data.csv,CANNOW,CANNOW,,NO_MATCH,0,1539,NEEDS_REVIEW
wicklow-census-data.csv,SLIEVEMAAN,SLIEVEMAAN,SLIEVEMAAN,EXACT,100,1539,APPROVED
wicklow-census-data.csv,TOMRILAND,TOMRILAND,,NO_MATCH,0,1539,NEEDS_REVIEW
wicklow-census-data.csv,SESKIN,SESKIN,SESKIN,EXACT,100,1539,APPROVED
wicklow-census-data.csv,KILLINURE,KILLINURE,KILLINURE,EXACT,100,1539,APPROVED
wicklow-census-data.csv,LEAMORE LOWER,LEAMORE LOWER,,NO_MATCH,0,1539,NEEDS_REVIEW
wicklow-census-data.csv,COAN,COAN,,NO_MATCH,0,1539,NEEDS_REVIEW
wicklow-census-data.csv,KNOCKLOE,KNOCKLOE,KNOCKLOE,EXACT,100,1539,APPROVED
wicklow-census-data.csv,ROCK BIG,ROCK BIG,,NO_MATCH,0,1539,NEEDS_REVIEW
wicklow-census-data.csv,SLIEVENAMOUGH,SLIEVENAMOUGH,SLIEVENAMOUGH,EXACT,100,1539,APPROVED
wicklow-census-data.csv,BARNAMIRE,BARNAMIRE,,NO_MATCH,0,1539,NEEDS_REVIEW
wicklow-census-data.csv,BALLYNERRIN UPPER,BALLYNERRIN UPPER,,NO_MATCH,0,1539,NEEDS_REVIEW
wicklow-census-data.csv,GLENCAP COMMONS SOUTH,GLENCAP COMMONS SOUTH,,NO_MATCH,0,1539,NEEDS_REVIEW
wicklow-census-data.csv,RAHEENLEAGH,RAHEENLEAGH,,NO_MATCH,0,1539,NEEDS_REVIEW
wicklow-census-data.csv,REDCROSS,REDCROSS,,NO_MATCH,0,1539,NEEDS_REVIEW
wicklow-census-data.csv,TINORANHILL NORTH,TINORANHILL NORTH,,NO_MATCH,0,1539,NEEDS_REVIEW
wicklow-census-data.csv,KILRUDDERY DEMESNE EAST,KILRUDDERY DEMESNE EAST,,NO_MATCH,0,1539,NEEDS_REVIEW
wicklow-census-data.csv,MONEY LOWER,MONEY LOWER,MONEY LOWER,EXACT,100,1539,APPROVED
wicklow-census-data.csv,TINNAPARK DEMESNE,TINNAPARK DEMESNE,,NO_MATCH,0,1539,NEEDS_REVIEW
wicklow-census-data.csv,CASTLESALLAGH,CASTLESALLAGH,,NO_MATCH,0,1539,NEEDS_REVIEW
wicklow-census-data.csv,TOMNASKELA,TOMNASKELA,TOMNASKELA,EXACT,100,1539,APPROVED
wicklow-census-data.csv,CORPORATION MURRAGH,CORPORATION MURRAGH,,NO_MATCH,0,1539,NEEDS_REVIEW
wicklow-census-data.csv,SLIEVEROE,SLIEVEROE,SLIEVEROE,EXACT,100,1539,APPROVED
wicklow-census-data.csv,KILMACANOGE NORTH,KILMACANOGE NORTH,,NO_MATCH,0,1539,NEEDS_REVIEW
wicklow-census-data.csv,KILLINPARK,KILLINPARK,,NO_MATCH,0,1539,NEEDS_REVIEW
wicklow-census-data.csv,GLENART,GLENART,,NO_MATCH,0,1539,NEEDS_REVIEW
wicklow-census-data.csv,LEABEG UPPER,LEABEG UPPER,,NO_MATCH,0,1539,NEEDS_REVIEW
wicklow-census-data.csv,PARK (ED Ballingate),PARK (ED BALLINGATE),,NO_MATCH,0,1539,NEEDS_REVIEW
wicklow-census-data.csv,SHEEANABEG (Robeck),SHEEANABEG (ROBECK),,NO_MATCH,0,1539,NEEDS_REVIEW
wicklow-census-data.csv,TOOR,TOOR,,NO_MATCH,0,1539,NEEDS_REVIEW
wicklow-census-data.csv,SPRINGFARM,SPRINGFARM,,NO_MATCH,0,1539,NEEDS_REVIEW
wicklow-census-data.csv,MARSH,MARSH,,NO_MATCH,0,1539,NEEDS_REVIEW
wicklow-census-data.csv,BOYSTOWN or BALTYBOYS UPPER,BOYSTOWN OR BALTYBOYS UPPER,,NO_MATCH,0,1539,NEEDS_REVIEW
wicklow-census-data.csv,KNOCKANODE,KNOCKANODE,,NO_MATCH,0,1539,NEEDS_REVIEW
wicklow-census-data.csv,KNOCKMILLER,KNOCKMILLER,,NO_MATCH,0,1539,NEEDS_REVIEW
wicklow-census-data.csv,BALLEESHAL,BALLEESHAL,,NO_MATCH,0,1539,NEEDS_REVIEW
wicklow-census-data.csv,SRUHAUN,SRUHAUN,,NO_MATCH,0,1539,NEEDS_REVIEW
wicklow-census-data.csv,KILPIPE,KILPIPE,KILPIPE,EXACT,100,1539,APPROVED
wicklow-census-data.csv,TOMANIERIN UPPER,TOMANIERIN UPPER,,NO_MATCH,0,1539,NEEDS_REVIEW
wicklow-census-data.csv,BALLYKILMURRY LOWER,BALLYKILMURRY LOWER,,NO_MATCH,0,1539,NEEDS_REVIEW
wicklow-census-data.csv,CLONMANNAN,CLONMANNAN,,NO_MATCH,0,1539,NEEDS_REVIEW
wicklow-census-data.csv,SHELTON,SHELTON,,NO_MATCH,0,1539,NEEDS_REVIEW
wicklow-census-data.csv,SLIEVENAVODE,SLIEVENAVODE,,NO_MATCH,0,1539,NEEDS_REVIEW
wicklow-census-data.csv,MUCKLAGH (ED Kilpipe),MUCKLAGH (ED KILPIPE),,NO_MATCH,0,1539,NEEDS_REVIEW
wicklow-census-data.csv,TIKNOCK,TIKNOCK,,NO_MATCH,0,1539,NEEDS_REVIEW
wicklow-census-data.csv,BIRCHWOOD,BIRCHWOOD,,NO_MATCH,0,1539,NEEDS_REVIEW
wicklow-census-data.csv,KILMAGIG UPPER,KILMAGIG UPPER,,NO_MATCH,0,1539,NEEDS_REVIEW
wicklow-census-data.csv,PARK (ED Arklow Rural),PARK (ED ARKLOW RURAL),,NO_MATCH,0,1539,NEEDS_REVIEW
wicklow-census-data.csv,BALLINTOMBAY UPPER,BALLINTOMBAY UPPER,,NO_MATCH,0,1539,NEEDS_REVIEW
wicklow-census-data.csv,FREYNESTOWN UPPER,FREYNESTOWN UPPER,,NO_MATCH,0,1539,NEEDS_REVIEW
wicklow-census-data.csv,CRONELUSK,CRONELUSK,,NO_MATCH,0,1539,NEEDS_REVIEW
wicklow-census-data.csv,MOUNTLUSK,MOUNTLUSK,,NO_MATCH,0,1539,NEEDS_REVIEW
wicklow-census-data.csv,DRAGOONHILL,DRAGOONHILL,,NO_MATCH,0,1539,NEEDS_REVIEW
wicklow-census-data.csv,BURKEEN,BURKEEN,,NO_MATCH,0,1539,NEEDS_REVIEW
wicklow-census-data.csv,BALLYDONNELL NORTH,BALLYDONNELL NORTH,,NO_MATCH,0,1539,NEEDS_REVIEW
wicklow-census-data.csv,BALLINAGONEEN,BALLINAGONEEN,,NO_MATCH,0,1539,NEEDS_REVIEW
wicklow-census-data.csv,WINDGATE,WINDGATE,,NO_MATCH,0,1539,NEEDS_REVIEW
wicklow-census-data.csv,IRISHTOWN WEST,IRISHTOWN WEST,,NO_MATCH,0,1539,NEEDS_REVIEW
wicklow-census-data.csv,COOLDROSS UPPER,COOLDROSS UPPER,,NO_MATCH,0,1539,NEEDS_REVIEW
wicklow-census-data.csv,BALLINANTY,BALLINANTY,BALLINGATE,FUZZY,80,1539,PENDING
wicklow-census-data.csv,CALARY UPPER,CALARY UPPER,,NO_MATCH,0,1539,NEEDS_REVIEW
wicklow-census-data.csv,KILLEGAR,KILLEGAR,,NO_MATCH,0,1539,NEEDS_REVIEW
wicklow-census-data.csv,SPRINGFIELD,SPRINGFIELD,,NO_MATCH,0,1539,NEEDS_REVIEW
wicklow-census-data.csv,COOLHARBOUR LOWER,COOLHARBOUR LOWER,,NO_MATCH,0,1539,NEEDS_REVIEW
wicklow-census-data.csv,BULLFORD,BULLFORD,,NO_MATCH,0,1539,NEEDS_REVIEW
wicklow-census-data.csv,JOHNSTOWN NORTH,JOHNSTOWN NORTH,,NO_MATCH,0,1539,NEEDS_REVIEW
wicklow-census-data.csv,MONATORE,MONATORE,,NO_MATCH,0,1539,NEEDS_REVIEW
wicklow-census-data.csv,WOODLANDS,WOODLANDS,,NO_MATCH,0,1539,NEEDS_REVIEW
wicklow-census-data.csv,ASKAKEAGH,ASKAKEAGH,ASKAKEAGH,EXACT,100,1539,APPROVED
wicklow-census-data.csv,KIRIKEE,KIRIKEE,,NO_MATCH,0,1539,NEEDS_REVIEW
wicklow-census-data.csv,HOLLYWOOD UPPER,HOLLYWOOD UPPER,,NO_MATCH,0,1539,NEEDS_REVIEW
wicklow-census-data.csv,DRUMDANGAN,DRUMDANGAN,,NO_MATCH,0,1539,NEEDS_REVIEW
wicklow-census-data.csv,DAVIDSTOWN,DAVIDSTOWN,,NO_MATCH,0,1539,NEEDS_REVIEW
wicklow-census-data.csv,FRIARHILL,FRIARHILL,,NO_MATCH,0,1539,NEEDS_REVIEW
wicklow-census-data.csv,TOMBREEN,TOMBREEN,TOMBREEN,EXACT,100,1539,APPROVED
wicklow-census-data.csv,CARRIGACURRA,CARRIGACURRA,,NO_MATCH,0,1539,NEEDS_REVIEW
wicklow-census-data.csv,COOLAFUNSHOGE,COOLAFUNSHOGE,COOLAFUNSHOGE,EXACT,100,1539,APPROVED
wicklow-census-data.csv,KILMACANOGE SOUTH,KILMACANOGE SOUTH,,NO_MATCH,0,1539,NEEDS_REVIEW
wicklow-census-data.csv,BALLINACARRIG LOWER,BALLINACARRIG LOWER,,NO_MATCH,0,1539,NEEDS_REVIEW
wicklow-census-data.csv,TINORANHILL SOUTH,TINORANHILL SOUTH,,NO_MATCH,0,1539,NEEDS_REVIEW
wicklow-census-data.csv,MOORSTOWN,MOORSTOWN,,NO_MATCH,0,1539,NEEDS_REVIEW
wicklow-census-data.csv,BURROW,BURROW,,NO_MATCH,0,1539,NEEDS_REVIEW
wicklow-census-data.csv,GLASNAMULLEN,GLASNAMULLEN,,NO_MATCH,0,1539,NEEDS_REVIEW
wicklow-census-data.csv,LUGGLASS UPPER,LUGGLASS UPPER,,NO_MATCH,0,1539,NEEDS_REVIEW
wicklow-census-data.csv,GRANABEG UPPER,GRANABEG UPPER,,NO_MATCH,0,1539,NEEDS_REVIEW
wicklow-census-data.csv,NEWCASTLE,NEWCASTLE,,NO_MATCH,0,1539,NEEDS_REVIEW
wicklow-census-data.csv,TINAHELY,TINAHELY,TINAHELY,EXACT,100,1539,APPROVED
wicklow-census-data.csv,OLDCOURT,OLDCOURT,,NO_MATCH,0,1539,NEEDS_REVIEW
wicklow-census-data.csv,KELSHA,KELSHA,,NO_MATCH,0,1539,NEEDS_REVIEW
wicklow-census-data.csv,BALLINTEMPLE,BALLINTEMPLE,,NO_MATCH,0,1539,NEEDS_REVIEW
wicklow-census-data.csv,CRONAWINNIA,CRONAWINNIA,,NO_MATCH,0,1539,NEEDS_REVIEW
wicklow-census-data.csv,BALLYHAD UPPER,BALLYHAD UPPER,,NO_MATCH,0,1539,NEEDS_REVIEW
wicklow-census-data.csv,BALLYCULLEN,BALLYCULLEN,,NO_MATCH,0,1539,NEEDS_REVIEW
wicklow-census-data.csv,OGHIL LOWER,OGHIL LOWER,,NO_MATCH,0,1539,NEEDS_REVIEW
wicklow-census-data.csv,KEADEEN,KEADEEN,,NO_MATCH,0,1539,NEEDS_REVIEW
wicklow-census-data.csv,COOLACORK,COOLACORK,,NO_MATCH,0,1539,NEEDS_REVIEW
wicklow-census-data.csv,FREYNESTOWN LOWER,FREYNESTOWN LOWER,,NO_MATCH,0,1539,NEEDS_REVIEW
wicklow-census-data.csv,BALLYDUFF SOUTH,BALLYDUFF SOUTH,,NO_MATCH,0,1539,NEEDS_REVIEW
wicklow-census-data.csv,TICLASH,TICLASH,,NO_MATCH,0,1539,NEEDS_REVIEW
wicklow-census-data.csv,TINNAKILLY UPPER,TINNAKILLY UPPER,,NO_MATCH,0,1539,NEEDS_REVIEW
wicklow-census-data.csv,BALLYTUNNY,BALLYTUNNY,,NO_MATCH,0,1539,NEEDS_REVIEW
wicklow-census-data.csv,SEAVIEW,SEAVIEW,,NO_MATCH,0,1539,NEEDS_REVIEW
wicklow-census-data.csv,MONEYSTOWN NORTH,MONEYSTOWN NORTH,,NO_MATCH,0,1539,NEEDS_REVIEW
wicklow-census-data.csv,CRONYBYRNE,CRONYBYRNE,,NO_MATCH,0,1539,NEEDS_REVIEW
wicklow-census-data.csv,KILLYBEG,KILLYBEG,KILLABEG,FUZZY,88,1539,PENDING
wicklow-census-data.csv,BARNACLEAGH NORTH,BARNACLEAGH NORTH,,NO_MATCH,0,1539,NEEDS_REVIEW
wicklow-census-data.csv,CLONEEN,CLONEEN,,NO_MATCH,0,1539,NEEDS_REVIEW
wicklow-census-data.csv,KILRANELAGH,KILRANELAGH,,NO_MATCH,0,1539,NEEDS_REVIEW
wicklow-census-data.csv,RAHERD,RAHERD,,NO_MATCH,0,1539,NEEDS_REVIEW
wicklow-census-data.csv,STRATFORD LODGE,STRATFORD LODGE,,NO_MATCH,0,1539,NEEDS_REVIEW
wicklow-census-data.csv,KILMULLIN (ED Moneystown),KILMULLIN (ED MONEYSTOWN),,NO_MATCH,0,1539,NEEDS_REVIEW
wicklow-census-data.csv,DEERPARK (ED Donaghmore),DEERPARK (ED DONAGHMORE),,NO_MATCH,0,1539,NEEDS_REVIEW
wicklow-census-data.csv,KNOCKNAGILKY UPPER,KNOCKNAGILKY UPPER,,NO_MATCH,0,1539,NEEDS_REVIEW
wicklow-census-data.csv,GORTEEN,GORTEEN,GORTEEN,EXACT,100,1539,APPROVED
wicklow-census-data.csv,TIGRONEY WEST,TIGRONEY WEST,,NO_MATCH,0,1539,NEEDS_REVIEW
wicklow-census-data.csv,BELMONT DEMESNE,BELMONT DEMESNE,,NO_MATCH,0,1539,NEEDS_REVIEW
wicklow-census-data.csv,COOLNASKEAGH,COOLNASKEAGH,,NO_MATCH,0,1539,NEEDS_REVIEW
wicklow-census-data.csv,JOHNSTOWN SOUTH,JOHNSTOWN SOUTH,,NO_MATCH,0,1539,NEEDS_REVIEW
wicklow-census-data.csv,RATHSHANMORE SOUTH,RATHSHANMORE SOUTH,RATHSHANMORE SOUTH,EXACT,100,1539,APPROVED
wicklow-census-data.csv,CULLENTRAGH BIG,CULLENTRAGH BIG,,NO_MATCH,0,1539,NEEDS_REVIEW
wicklow-census-data.csv,BALLYKNOCKAN LOWER,BALLYKNOCKAN LOWER,BALLYKNOCKER,FUZZY,80,1539,PENDING
wicklow-census-data.csv,WOODENBOLEY,WOODENBOLEY,,NO_MATCH,0,1539,NEEDS_REVIEW
wicklow-census-data.csv,CLOGHLEAGH,CLOGHLEAGH,,NO_MATCH,0,1539,NEEDS_REVIEW
wicklow-census-data.csv,AVONDALE,AVONDALE,,NO_MATCH,0,1539,NEEDS_REVIEW
wicklow-census-data.csv,BALLYRONAN,BALLYRONAN,,NO_MATCH,0,1539,NEEDS_REVIEW
wicklow-census-data.csv,TOMCOYLE LOWER,TOMCOYLE LOWER,RATHCOYLE LOWER,FUZZY,83,1539,PENDING
wicklow-census-data.csv,BALLYNABROCKY,BALLYNABROCKY,,NO_MATCH,0,1539,NEEDS_REVIEW
wicklow-census-data.csv,SANTRYHILL,SANTRYHILL,,NO_MATCH,0,1539,NEEDS_REVIEW
wicklow-census-data.csv,KNOCKNASKEAGH,KNOCKNASKEAGH,,NO_MATCH,0,1539,NEEDS_REVIEW
wicklow-census-data.csv,KILTEGAN T,KILTEGAN T,,NO_MATCH,0,1539,NEEDS_REVIEW
wicklow-census-data.csv,BLINDWOOD,BLINDWOOD,,NO_MATCH,0,1539,NEEDS_REVIEW
wicklow-census-data.csv,BALLINACROW LOWER,BALLINACROW LOWER,,NO_MATCH,0,1539,NEEDS_REVIEW
wicklow-census-data.csv,MONEY UPPER,MONEY UPPER,MONEY UPPER,EXACT,100,1539,APPROVED
wicklow-census-data.csv,RATHMORE,RATHMORE,,NO_MATCH,0,1539,NEEDS_REVIEW
wicklow-census-data.csv,PLEZICA,PLEZICA,,NO_MATCH,0,1539,NEEDS_REVIEW
wicklow-census-data.csv,BURGAGE MOYLE,BURGAGE MOYLE,,NO_MATCH,0,1539,NEEDS_REVIEW
wicklow-census-data.csv,SLIEVEDUFF,SLIEVEDUFF,,NO_MATCH,0,1539,NEEDS_REVIEW
wicklow-census-data.csv,POLLAPHUCA,POLLAPHUCA,,NO_MATCH,0,1539,NEEDS_REVIEW
wicklow-census-data.csv,BARRANISKY WEST,BARRANISKY WEST,,NO_MATCH,0,1539,NEEDS_REVIEW
wicklow-census-data.csv,RUSSELLSTOWN,RUSSELLSTOWN,,NO_MATCH,0,1539,NEEDS_REVIEW
wicklow-census-data.csv,DRUMGOFF,DRUMGOFF,,NO_MATCH,0,1539,NEEDS_REVIEW
wicklow-census-data.csv,RAHEEN (ED Donaghmore),RAHEEN (ED DONAGHMORE),,NO_MATCH,0,1539,NEEDS_REVIEW
wicklow-census-data.csv,NEWTOWN (ED Donaghhmore),NEWTOWN (ED DONAGHHMORE),,NO_MATCH,0,1539,NEEDS_REVIEW
wicklow-census-data.csv,SLIEVEBOY LOWER,SLIEVEBOY LOWER,SLIEVEBOY LOWER,EXACT,100,1539,APPROVED
wicklow-census-data.csv,THREECASTLES,THREECASTLES,,NO_MATCH,0,1539,NEEDS_REVIEW
wicklow-census-data.csv,BALTYNATONE FEVER HOSPITAL,BALTYNATONE FEVER HOSPITAL,,NO_MATCH,0,1539,NEEDS_REVIEW
wicklow-census-data.csv,TOOLESTOWN,TOOLESTOWN,,NO_MATCH,0,1539,NEEDS_REVIEW
wicklow-census-data.csv,BOYSTOWN or BALTYBOYS LOWER,BOYSTOWN OR BALTYBOYS LOWER,,NO_MATCH,0,1539,NEEDS_REVIEW
wicklow-census-data.csv,KILMACREA UPPER,KILMACREA UPPER,,NO_MATCH,0,1539,NEEDS_REVIEW
wicklow-census-data.csv,HOLLYWOOD DEMESNE,HOLLYWOOD DEMESNE,,NO_MATCH,0,1539,NEEDS_REVIEW
wicklow-census-data.csv,ATHDOWN,ATHDOWN,,NO_MATCH,0,1539,NEEDS_REVIEW
wicklow-census-data.csv,KILLINCARRIG T,KILLINCARRIG T,,NO_MATCH,0,1539,NEEDS_REVIEW
wicklow-census-data.csv,BALLYCOYLE,BALLYCOYLE,,NO_MATCH,0,1539,NEEDS_REVIEW
wicklow-census-data.csv,KNOCKANARRIGAN,KNOCKANARRIGAN,,NO_MATCH,0,1539,NEEDS_REVIEW
wicklow-census-data.csv,CRONESALLAGH,CRONESALLAGH,,NO_MATCH,0,1539,NEEDS_REVIEW
wicklow-census-data.csv,KNOCKIERAN UPPER,KNOCKIERAN UPPER,,NO_MATCH,0,1539,NEEDS_REVIEW
wicklow-census-data.csv,KNOCKANREAGH,KNOCKANREAGH,,NO_MATCH,0,1539,NEEDS_REVIEW
wicklow-census-data.csv,TIGLIN,TIGLIN,,NO_MATCH,0,1539,NEEDS_REVIEW
wicklow-census-data.csv,BALLYLION UPPER,BALLYLION UPPER,,NO_MATCH,0,1539,NEEDS_REVIEW
wicklow-census-data.csv,KILCRONEY,KILCRONEY,,NO_MATCH,0,1539,NEEDS_REVIEW
wicklow-census-data.csv,AGHOWLE UPPER,AGHOWLE UPPER,AGHOWLE UPPER,EXACT,100,1539,APPROVED
wicklow-census-data.csv,CALLOWHILL UPPER,CALLOWHILL UPPER,,NO_MATCH,0,1539,NEEDS_REVIEW
wicklow-census-data.csv,BALLINABARNY GAP,BALLINABARNY GAP,,NO_MATCH,0,1539,NEEDS_REVIEW
wicklow-census-data.csv,KILLARNEY,KILLARNEY,,NO_MATCH,0,1539,NEEDS_REVIEW
wicklow-census-data.csv,KEELOGE UPPER,KEELOGE UPPER,,NO_MATCH,0,1539,NEEDS_REVIEW
wicklow-census-data.csv,CARRIGEENDUFF,CARRIGEENDUFF,,NO_MATCH,0,1539,NEEDS_REVIEW
wicklow-census-data.csv,LARAGH WEST,LARAGH WEST,,NO_MATCH,0,1539,NEEDS_REVIEW
wicklow-census-data.csv,HOLDENSTOWN UPPER,HOLDENSTOWN UPPER,,NO_MATCH,0,1539,NEEDS_REVIEW
wicklow-census-data.csv,KNOCKRATH LITTLE,KNOCKRATH LITTLE,,NO_MATCH,0,1539,NEEDS_REVIEW
wicklow-census-data.csv,RATHBRAN,RATHBRAN,RATHBANE,FUZZY,88,1539,PENDING
wicklow-census-data.csv,BALLYRAINE UPPER,BALLYRAINE UPPER,BALLINGATE UPPER,FUZZY,81,1539,PENDING
wicklow-census-data.csv,MOANASPICK,MOANASPICK,,NO_MATCH,0,1539,NEEDS_REVIEW
wicklow-census-data.csv,KILBAYLET UPPER,KILBAYLET UPPER,,NO_MATCH,0,1539,NEEDS_REVIEW
wicklow-census-data.csv,SLIEVECORRAGH,SLIEVECORRAGH,,NO_MATCH,0,1539,NEEDS_REVIEW
wicklow-census-data.csv,BUTTERHILL,BUTTERHILL,,NO_MATCH,0,1539,NEEDS_REVIEW
wicklow-census-data.csv,BALLYKNOCKAN MORE,BALLYKNOCKAN MORE,,NO_MATCH,0,1539,NEEDS_REVIEW
wicklow-census-data.csv,CURTLESTOWN UPPER,CURTLESTOWN UPPER,,NO_MATCH,0,1539,NEEDS_REVIEW
wicklow-census-data.csv,TINAHASK UPPER,TINAHASK UPPER,,NO_MATCH,0,1539,NEEDS_REVIEW
wicklow-census-data.csv,FARBREAGA,FARBREAGA,,NO_MATCH,0,1539,NEEDS_REVIEW
wicklow-census-data.csv,SHANKILL,SHANKILL,,NO_MATCH,0,1539,NEEDS_REVIEW
wicklow-census-data.csv,CONAVALLA,CONAVALLA,,NO_MATCH,0,1539,NEEDS_REVIEW
wicklow-census-data.csv,BRAY COMMONS (ED Bray No. 1),BRAY COMMONS (ED BRAY NO. 1),,NO_MATCH,0,1539,NEEDS_REVIEW
wicklow-census-data.csv,SAUNDERSGROVE HILL,SAUNDERSGROVE HILL,,NO_MATCH,0,1539,NEEDS_REVIEW
wicklow-census-data.csv,CRANAREEN,CRANAREEN,,NO_MATCH,0,1539,NEEDS_REVIEW
wicklow-census-data.csv,KILPEDDER WEST,KILPEDDER WEST,,NO_MATCH,0,1539,NEEDS_REVIEW
wicklow-census-data.csv,BARNACOYLE LITTLE,BARNACOYLE LITTLE,,NO_MATCH,0,1539,NEEDS_REVIEW
wicklow-census-data.csv,SEASONPARK,SEASONPARK,,NO_MATCH,0,1539,NEEDS_REVIEW
wicklow-census-data.csv,PINNACLE,PINNACLE,,NO_MATCH,0,1539,NEEDS_REVIEW
wicklow-census-data.csv,CARRIG UPPER,CARRIG UPPER,,NO_MATCH,0,1539,NEEDS_REVIEW
wicklow-census-data.csv,BALLYHERRIG,BALLYHERRIG,,NO_MATCH,0,1539,NEEDS_REVIEW
wicklow-census-data.csv,GLASNARGET NORTH,GLASNARGET NORTH,,NO_MATCH,0,1539,NEEDS_REVIEW
wicklow-census-data.csv,MOYNTIAGH,MOYNTIAGH,,NO_MATCH,0,1539,NEEDS_REVIEW
wicklow-census-data.csv,CLOON,CLOON,,NO_MATCH,0,1539,NEEDS_REVIEW
wicklow-census-data.csv,ROCK LITTLE,ROCK LITTLE,,NO_MATCH,0,1539,NEEDS_REVIEW
wicklow-census-data.csv,BALLYKNOCKAN,BALLYKNOCKAN,BALLYKNOCKER,FUZZY,83,1539,PENDING
wicklow-census-data.csv,TONYGARROW,TONYGARROW,,NO_MATCH,0,1539,NEEDS_REVIEW
wicklow-census-data.csv,BALLYHORSEY,BALLYHORSEY,,NO_MATCH,0,1539,NEEDS_REVIEW
wicklow-census-data.csv,MAGHERABEG,MAGHERABEG,,NO_MATCH,0,1539,NEEDS_REVIEW
wicklow-census-data.csv,RAHEENAKIT,RAHEENAKIT,RAHEENAKIT,EXACT,100,1539,APPROVED
wicklow-census-data.csv,COMMONS,COMMONS,,NO_MATCH,0,1539,NEEDS_REVIEW
wicklow-census-data.csv,HUMEWOOD,HUMEWOOD,,NO_MATCH,0,1539,NEEDS_REVIEW
wicklow-census-data.csv,KILMURRY LOWER,KILMURRY LOWER,,NO_MATCH,0,1539,NEEDS_REVIEW
wicklow-census-data.csv,GLEBE (ED Hollywood),GLEBE (ED HOLLYWOOD),,NO_MATCH,0,1539,NEEDS_REVIEW
wicklow-census-data.csv,DILLONSDOWN,DILLONSDOWN,,NO_MATCH,0,1539,NEEDS_REVIEW
wicklow-census-data.csv,SHEEPHOUSE,SHEEPHOUSE,,NO_MATCH,0,1539,NEEDS_REVIEW
wicklow-census-data.csv,BLAINROE LOWER,BLAINROE LOWER,,NO_MATCH,0,1539,NEEDS_REVIEW
wicklow-census-data.csv,KINDLESTOWN UPPER,KINDLESTOWN UPPER,,NO_MATCH,0,1539,NEEDS_REVIEW
wicklow-census-data.csv,BALLINATUNSHOGE,BALLINATUNSHOGE,,NO_MATCH,0,1539,NEEDS_REVIEW
wicklow-census-data.csv,KNOCKANREE LOWER,KNOCKANREE LOWER,,NO_MATCH,0,1539,NEEDS_REVIEW
wicklow-census-data.csv,FARNEES,FARNEES,FARNEES,EXACT,100,1539,APPROVED
wicklow-census-data.csv,BALLINVALLY (Valentine),BALLINVALLY (VALENTINE),,NO_MATCH,0,1539,NEEDS_REVIEW
wicklow-census-data.csv,KNOCKADOSAN,KNOCKADOSAN,,NO_MATCH,0,1539,NEEDS_REVIEW
wicklow-census-data.csv,MONGNACOOL LOWER,MONGNACOOL LOWER,,NO_MATCH,0,1539,NEEDS_REVIEW
wicklow-census-data.csv,JOHNSTOWN,JOHNSTOWN,,NO_MATCH,0,1539,NEEDS_REVIEW
wicklow-census-data.csv,TULLYLUSK,TULLYLUSK,,NO_MATCH,0,1539,NEEDS_REVIEW
wicklow-census-data.csv,CRONEBANE,CRONEBANE,,NO_MATCH,0,1539,NEEDS_REVIEW
wicklow-census-data.csv,CARRIGOONA COMMONS EAST,CARRIGOONA COMMONS EAST,,NO_MATCH,0,1539,NEEDS_REVIEW
wicklow-census-data.csv,ATHGREANY,ATHGREANY,,NO_MATCH,0,1539,NEEDS_REVIEW
wicklow-census-data.csv,GLENCORMICK NORTH,GLENCORMICK NORTH,,NO_MATCH,0,1539,NEEDS_REVIEW
wicklow-census-data.csv,BLACKHILL,BLACKHILL,,NO_MATCH,0,1539,NEEDS_REVIEW
wicklow-census-data.csv,EASTHILL,EASTHILL,,NO_MATCH,0,1539,NEEDS_REVIEW
wicklow-census-data.csv,GARRYHOE,GARRYHOE,GARRYHOE,EXACT,100,1539,APPROVED
wicklow-census-data.csv,BALLYCUMBER SOUTH,BALLYCUMBER SOUTH,BALLYCUMBER SOUTH,EXACT,100,1539,APPROVED
wicklow-census-data.csv,BALLYFLANIGAN,BALLYFLANIGAN,,NO_MATCH,0,1539,NEEDS_REVIEW
wicklow-census-data.csv,CASTLEKEVIN,CASTLEKEVIN,,NO_MATCH,0,1539,NEEDS_REVIEW
wicklow-census-data.csv,KILMACURRA WEST,KILMACURRA WEST,,NO_MATCH,0,1539,NEEDS_REVIEW
wicklow-census-data.csv,BALLYCOOLEEN,BALLYCOOLEEN,,NO_MATCH,0,1539,NEEDS_REVIEW
wicklow-census-data.csv,GARRYMORE UPPER,GARRYMORE UPPER,,NO_MATCH,0,1539,NEEDS_REVIEW
wicklow-census-data.csv,CORRAGH,CORRAGH,,NO_MATCH,0,1539,NEEDS_REVIEW
wicklow-census-data.csv,KILBOY,KILBOY,,NO_MATCH,0,1539,NEEDS_REVIEW
wicklow-census-data.csv,COOLAMADDRA,COOLAMADDRA,,NO_MATCH,0,1539,NEEDS_REVIEW
wicklow-census-data.csv,BALLYRAINE MIDDLE,BALLYRAINE MIDDLE,,NO_MATCH,0,1539,NEEDS_REVIEW
wicklow-census-data.csv,NEWTOWN (ED Powerscourt),NEWTOWN (ED POWERSCOURT),,NO_MATCH,0,1539,NEEDS_REVIEW
wicklow-census-data.csv,BALLYSMUTTAN LOWER,BALLYSMUTTAN LOWER,,NO_MATCH,0,1539,NEEDS_REVIEW
wicklow-census-data.csv,CARRIGNAMUCK LOWER,CARRIGNAMUCK LOWER,,NO_MATCH,0,1539,NEEDS_REVIEW
wicklow-census-data.csv,BOLEY,BOLEY,BOLEY,EXACT,100,1539,APPROVED
wicklow-census-data.csv,BLACKDITCHES UPPER,BLACKDITCHES UPPER,,NO_MATCH,0,1539,NEEDS_REVIEW
wicklow-census-data.csv,GLEBE (ED Powerscourt),GLEBE (ED POWERSCOURT),,NO_MATCH,0,1539,NEEDS_REVIEW
wicklow-census-data.csv,CALLOWHILL LOWER,CALLOWHILL LOWER,,NO_MATCH,0,1539,NEEDS_REVIEW
wicklow-census-data.csv,DANESFORT UPPER,DANESFORT UPPER,,NO_MATCH,0,1539,NEEDS_REVIEW
wicklow-census-data.csv,KNOCKBAWN,KNOCKBAWN,,NO_MATCH,0,1539,NEEDS_REVIEW
wicklow-census-data.csv,SHEPHERDSHILL,SHEPHERDSHILL,,NO_MATCH,0,1539,NEEDS_REVIEW
wicklow-census-data.csv,BONAGREW,BONAGREW,,NO_MATCH,0,1539,NEEDS_REVIEW
wicklow-census-data.csv,BALLYSHEAMAN,BALLYSHEAMAN,,NO_MATCH,0,1539,NEEDS_REVIEW
wicklow-census-data.csv,BALLYSHONOG,BALLYSHONOG,BALLYSHONOG,EXACT,100,1539,APPROVED
wicklow-census-data.csv,CULLENMORE,CULLENMORE,,NO_MATCH,0,1539,NEEDS_REVIEW
wicklow-census-data.csv,GIBRALTAR,GIBRALTAR,,NO_MATCH,0,1539,NEEDS_REVIEW
wicklow-census-data.csv,BARONSTOWN UPPER,BARONSTOWN UPPER,,NO_MATCH,0,1539,NEEDS_REVIEW
wicklow-census-data.csv,BALLINGATE HILL,BALLINGATE HILL,BALLINGUILEHILL,FUZZY,80,1539,PENDING
wicklow-census-data.csv,BALTINGLASS WEST,BALTINGLASS WEST,,NO_MATCH,0,1539,NEEDS_REVIEW
wicklow-census-data.csv,KILGARRAN,KILGARRAN,,NO_MATCH,0,1539,NEEDS_REVIEW
wicklow-census-data.csv,NEWTOWN VEVAY T,NEWTOWN VEVAY T,,NO_MATCH,0,1539,NEEDS_REVIEW
wicklow-census-data.csv,KNOCKNADROOSE,KNOCKNADROOSE,,NO_MATCH,0,1539,NEEDS_REVIEW
wicklow-census-data.csv,BALLINABANOGE,BALLINABANOGE,BALLYNAMANOGE,FUZZY,85,1539,PENDING
wicklow-census-data.csv,KNOCKEEN,KNOCKEEN,KNOCKEEN,EXACT,100,1539,APPROVED
wicklow-census-data.csv,CRONELEA,CRONELEA,CRONELEA,EXACT,100,1539,APPROVED
wicklow-census-data.csv,CARRIG LOWER,CARRIG LOWER,,NO_MATCH,0,1539,NEEDS_REVIEW
wicklow-census-data.csv,TOBERBEG,TOBERBEG,,NO_MATCH,0,1539,NEEDS_REVIEW
wicklow-census-data.csv,TEMPLECARRIG UPPER,TEMPLECARRIG UPPER,,NO_MATCH,0,1539,NEEDS_REVIEW
wicklow-census-data.csv,BOHERBOY,BOHERBOY,,NO_MATCH,0,1539,NEEDS_REVIEW
wicklow-census-data.csv,BANNAGROE,BANNAGROE,,NO_MATCH,0,1539,NEEDS_REVIEW
wicklow-census-data.csv,TONLEGEE,TONLEGEE,,NO_MATCH,0,1539,NEEDS_REVIEW
wicklow-census-data.csv,HIGHPARK UPPER,HIGHPARK UPPER,,NO_MATCH,0,1539,NEEDS_REVIEW
wicklow-census-data.csv,GLENNACANON,GLENNACANON,,NO_MATCH,0,1539,NEEDS_REVIEW
wicklow-census-data.csv,RAHEEN (ED Glendalough),RAHEEN (ED GLENDALOUGH),,NO_MATCH,0,1539,NEEDS_REVIEW
wicklow-census-data.csv,BOLEYLUG,BOLEYLUG,,NO_MATCH,0,1539,NEEDS_REVIEW
wicklow-census-data.csv,GRANGE SOUTH,GRANGE SOUTH,,NO_MATCH,0,1539,NEEDS_REVIEW
wicklow-census-data.csv,KNOCKANREE,KNOCKANREE,KNOCKNAGREE,FUZZY,86,1539,PENDING
wicklow-census-data.csv,KILLINCARRIG,KILLINCARRIG,,NO_MATCH,0,1539,NEEDS_REVIEW
wicklow-census-data.csv,SHEILSTOWN,SHEILSTOWN,,NO_MATCH,0,1539,NEEDS_REVIEW
wicklow-census-data.csv,CLOGHNAGAUNE,CLOGHNAGAUNE,,NO_MATCH,0,1539,NEEDS_REVIEW
wicklow-census-data.csv,ROSSANA UPPER,ROSSANA UPPER,,NO_MATCH,0,1539,NEEDS_REVIEW
wicklow-census-data.csv,ECAWN,ECAWN,,NO_MATCH,0,1539,NEEDS_REVIEW
wicklow-census-data.csv,BALLINAPARK,BALLINAPARK,,NO_MATCH,0,1539,NEEDS_REVIEW
wicklow-census-data.csv,BALLINAHEESE,BALLINAHEESE,,NO_MATCH,0,1539,NEEDS_REVIEW
wicklow-census-data.csv,TUCKMILL LOWER,TUCKMILL LOWER,,NO_MATCH,0,1539,NEEDS_REVIEW
wicklow-census-data.csv,BALLINROAN LOWER,BALLINROAN LOWER,BALLINGATE LOWER,FUZZY,81,1539,PENDING
wicklow-census-data.csv,BROCKNA,BROCKNA,,NO_MATCH,0,1539,NEEDS_REVIEW
wicklow-census-data.csv,MOORSPARK,MOORSPARK,,NO_MATCH,0,1539,NEEDS_REVIEW
wicklow-census-data.csv,BALLYGONNELL,BALLYGONNELL,BALLYCONNELL,FUZZY,92,1539,PENDING
wicklow-census-data.csv,MILLTOWN,MILLTOWN,,NO_MATCH,0,1539,NEEDS_REVIEW
wicklow-census-data.csv,SAUNDERSGROVE,SAUNDERSGROVE,,NO_MATCH,0,1539,NEEDS_REVIEW
wicklow-census-data.csv,BLESSINGTON,BLESSINGTON,,NO_MATCH,0,1539,NEEDS_REVIEW
wicklow-census-data.csv,SLIEVEMWEEL,SLIEVEMWEEL,SLIEVEMWEEL,EXACT,100,1539,APPROVED
wicklow-census-data.csv,ROCKSTOWN LOWER,ROCKSTOWN LOWER,,NO_MATCH,0,1539,NEEDS_REVIEW
wicklow-census-data.csv,MONGNACOOL UPPER,MONGNACOOL UPPER,,NO_MATCH,0,1539,NEEDS_REVIEW
wicklow-census-data.csv,CORNAGOWER EAST,CORNAGOWER EAST,,NO_MATCH,0,1539,NEEDS_REVIEW
wicklow-census-data.csv,NEWTOWN (ED Tinahely),NEWTOWN (ED TINAHELY),,NO_MATCH,0,1539,NEEDS_REVIEW
wicklow-census-data.csv,KILMURRY MIDDLE,KILMURRY MIDDLE,,NO_MATCH,0,1539,NEEDS_REVIEW
wicklow-census-data.csv,PARKMORE,PARKMORE,PARKMORE,EXACT,100,1539,APPROVED
wicklow-census-data.csv,BALLINASOOSTIA,BALLINASOOSTIA,,NO_MATCH,0,1539,NEEDS_REVIEW
wicklow-census-data.csv,BALLAGH,BALLAGH,BALLAGH,EXACT,100,1539,APPROVED
wicklow-census-data.csv,KNOCKNAMUCK LOWER,KNOCKNAMUCK LOWER,,NO_MATCH,0,1539,NEEDS_REVIEW
wicklow-census-data.csv,KNOCKARIGG,KNOCKARIGG,,NO_MATCH,0,1539,NEEDS_REVIEW
wicklow-census-data.csv,CONNARY UPPER,CONNARY UPPER,,NO_MATCH,0,1539,NEEDS_REVIEW
wicklow-census-data.csv,RAMPERE,RAMPERE,,NO_MATCH,0,1539,NEEDS_REVIEW
wicklow-census-data.csv,CURRANSTOWN LOWER,CURRANSTOWN LOWER,,NO_MATCH,0,1539,NEEDS_REVIEW
wicklow-census-data.csv,BALLYDOREEN,BALLYDOREEN,BALLYRAHEEN,FUZZY,82,1539,PENDING
wicklow-census-data.csv,BALLYDUFF UPPER,BALLYDUFF UPPER,,NO_MATCH,0,1539,NEEDS_REVIEW
wicklow-census-data.csv,LARAGH,LARAGH,LARAGH,EXACT,100,1539,APPROVED
wicklow-census-data.csv,CASTLEGRANGE,CASTLEGRANGE,,NO_MATCH,0,1539,NEEDS_REVIEW
wicklow-census-data.csv,BALLINATONE UPPER,BALLINATONE UPPER,BALLINGATE UPPER,FUZZY,91,1539,PENDING
wicklow-census-data.csv,WINETAVERN,WINETAVERN,,NO_MATCH,0,1539,NEEDS_REVIEW
wicklow-census-data.csv,BALLYMANUS UPPER,BALLYMANUS UPPER,,NO_MATCH,0,1539,NEEDS_REVIEW
wicklow-census-data.csv,CARRIGOONA COMMONS WEST,CARRIGOONA COMMONS WEST,,NO_MATCH,0,1539,NEEDS_REVIEW
wicklow-census-data.csv,GIBSTOWN,GIBSTOWN,,NO_MATCH,0,1539,NEEDS_REVIEW
wicklow-census-data.csv,BALLYLION BAWN,BALLYLION BAWN,,NO_MATCH,0,1539,NEEDS_REVIEW
wicklow-census-data.csv,BALLINASHINNAGH,BALLINASHINNAGH,,NO_MATCH,0,1539,NEEDS_REVIEW
wicklow-census-data.csv,LEABEG LOWER,LEABEG LOWER,,NO_MATCH,0,1539,NEEDS_REVIEW
wicklow-census-data.csv,BALLEESE UPPER,BALLEESE UPPER,,NO_MATCH,0,1539,NEEDS_REVIEW
wicklow-census-data.csv,KILCAVAN UPPER,KILCAVAN UPPER,KILCAVAN UPPER,EXACT,100,1539,APPROVED
wicklow-census-data.csv,KIERNANS HILL,KIERNANS HILL,,NO_MATCH,0,1539,NEEDS_REVIEW
wicklow-census-data.csv,KILPEDDER T,KILPEDDER T,,NO_MATCH,0,1539,NEEDS_REVIEW
wicklow-census-data.csv,KILPOOLE HILL,KILPOOLE HILL,,NO_MATCH,0,1539,NEEDS_REVIEW
wicklow-census-data.csv,GARRYKNOCK,GARRYKNOCK,,NO_MATCH,0,1539,NEEDS_REVIEW
wicklow-census-data.csv,CALARY LOWER,CALARY LOWER,,NO_MATCH,0,1539,NEEDS_REVIEW
wicklow-census-data.csv,LAMBERTON,LAMBERTON,,NO_MATCH,0,1539,NEEDS_REVIEW
wicklow-census-data.csv,VALLEYMOUNT or CROSS,VALLEYMOUNT OR CROSS,,NO_MATCH,0,1539,NEEDS_REVIEW
wicklow-census-data.csv,BALLINGATE LOWER,BALLINGATE LOWER,BALLINGATE LOWER,EXACT,100,1539,APPROVED
wicklow-census-data.csv,COOLINARRIG LOWER,COOLINARRIG LOWER,,NO_MATCH,0,1539,NEEDS_REVIEW
wicklow-census-data.csv,COPSE,COPSE,,NO_MATCH,0,1539,NEEDS_REVIEW
wicklow-census-data.csv,COLVINSTOWN LOWER,COLVINSTOWN LOWER,,NO_MATCH,0,1539,NEEDS_REVIEW
wicklow-census-data.csv,BALLYNAMANOGE,BALLYNAMANOGE,BALLYNAMANOGE,EXACT,100,1539,APPROVED
wicklow-census-data.csv,CASTLEHOWARD,CASTLEHOWARD,,NO_MATCH,0,1539,NEEDS_REVIEW
wicklow-census-data.csv,CARNEW,CARNEW,CARNEW,EXACT,100,1539,APPROVED
wicklow-census-data.csv,CARRIGNAMUCK UPPER,CARRIGNAMUCK UPPER,,NO_MATCH,0,1539,NEEDS_REVIEW
wicklow-census-data.csv,BALLINAHINCH UPPER,BALLINAHINCH UPPER,,NO_MATCH,0,1539,NEEDS_REVIEW
wicklow-census-data.csv,BALLYEUSTACE,BALLYEUSTACE,,NO_MATCH,0,1539,NEEDS_REVIEW
wicklow-census-data.csv,RATHDOWN LOWER,RATHDOWN LOWER,,NO_MATCH,0,1539,NEEDS_REVIEW
wicklow-census-data.csv,AURORA,AURORA,,NO_MATCH,0,1539,NEEDS_REVIEW
wicklow-census-data.csv,CREOWEN,CREOWEN,,NO_MATCH,0,1539,NEEDS_REVIEW
wicklow-census-data.csv,TRUDDER,TRUDDER,,NO_MATCH,0,1539,NEEDS_REVIEW
wicklow-census-data.csv,KILCANDRA (ED Glenealy),KILCANDRA (ED GLENEALY),,NO_MATCH,0,1539,NEEDS_REVIEW
wicklow-census-data.csv,BALLARD UPPER,BALLARD UPPER,,NO_MATCH,0,1539,NEEDS_REVIEW
wicklow-census-data.csv,CAMARAHILL NORTH,CAMARAHILL NORTH,,NO_MATCH,0,1539,NEEDS_REVIEW
wicklow-census-data.csv,CONLANS HILL,CONLANS HILL,,NO_MATCH,0,1539,NEEDS_REVIEW
wicklow-census-data.csv,KNOCKALT LOWER,KNOCKALT LOWER,,NO_MATCH,0,1539,NEEDS_REVIEW
wicklow-census-data.csv,MUNGACULLIN,MUNGACULLIN,MUNGACULLIN,EXACT,100,1539,APPROVED
wicklow-census-data.csv,RODDENAGH,RODDENAGH,RODDENAGH,EXACT,100,1539,APPROVED
wicklow-census-data.csv,OLDTOWN,OLDTOWN,,NO_MATCH,0,1539,NEEDS_REVIEW
wicklow-census-data.csv,BALLINAMEESDA UPPER,BALLINAMEESDA UPPER,BALLINGATE UPPER,FUZZY,80,1539,PENDING
wicklow-census-data.csv,BALLYNATONA,BALLYNATONA,,NO_MATCH,0,1539,NEEDS_REVIEW
wicklow-census-data.csv,COOLMORE,COOLMORE,COOLROE,FUZZY,80,1539,PENDING
wicklow-census-data.csv,BALLINAMEESDA LOWER,BALLINAMEESDA LOWER,BALLINGATE LOWER,FUZZY,80,1539,PENDING
wicklow-census-data.csv,RUSSBOROUGH,RUSSBOROUGH,,NO_MATCH,0,1539,NEEDS_REVIEW
wicklow-census-data.csv,KILLINISKYDUFF,KILLINISKYDUFF,,NO_MATCH,0,1539,NEEDS_REVIEW
wicklow-census-data.csv,BALTINGLASS EAST,BALTINGLASS EAST,,NO_MATCH,0,1539,NEEDS_REVIEW
wicklow-census-data.csv,MONASTERY,MONASTERY,,NO_MATCH,0,1539,NEEDS_REVIEW
wicklow-census-data.csv,LEABEG MIDDLE,LEABEG MIDDLE,,NO_MATCH,0,1539,NEEDS_REVIEW
wicklow-census-data.csv,KNOCKANOOKER LOWER,KNOCKANOOKER LOWER,,NO_MATCH,0,1539,NEEDS_REVIEW
wicklow-census-data.csv,BALLINEDDAN UPPER,BALLINEDDAN UPPER,,NO_MATCH,0,1539,NEEDS_REVIEW
wicklow-census-data.csv,CLONERKIN,CLONERKIN,,NO_MATCH,0,1539,NEEDS_REVIEW
wicklow-census-data.csv,TOMCOYLE,TOMCOYLE,TOMCOYLE,EXACT,100,1539,APPROVED
wicklow-census-data.csv,WOODFIELD,WOODFIELD,,NO_MATCH,0,1539,NEEDS_REVIEW
wicklow-census-data.csv,BALLYTEIGE,BALLYTEIGE,,NO_MATCH,0,1539,NEEDS_REVIEW
wicklow-census-data.csv,TEMPLELUSK,TEMPLELUSK,,NO_MATCH,0,1539,NEEDS_REVIEW
wicklow-census-data.csv,FRIARSHILL,FRIARSHILL,,NO_MATCH,0,1539,NEEDS_REVIEW
wicklow-census-data.csv,BALLINACARRIG UPPER,BALLINACARRIG UPPER,,NO_MATCH,0,1539,NEEDS_REVIEW
wicklow-census-data.csv,TOMNAFINNOGE,TOMNAFINNOGE,TOMNAFINNOGE,EXACT,100,1539,APPROVED
wicklow-census-data.csv,BALLYBREW,BALLYBREW,BALLYBEG,FUZZY,82,1539,PENDING
wicklow-census-data.csv,TALBOTSTOWN LOWER,TALBOTSTOWN LOWER,,NO_MATCH,0,1539,NEEDS_REVIEW
wicklow-census-data.csv,BALLINVALLY,BALLINVALLY,,NO_MATCH,0,1539,NEEDS_REVIEW
wicklow-census-data.csv,KILMURRY SOUTH,KILMURRY SOUTH,,NO_MATCH,0,1539,NEEDS_REVIEW
wicklow-census-data.csv,BAWNOGE (ED Baltinglass),BAWNOGE (ED BALTINGLASS),,NO_MATCH,0,1539,NEEDS_REVIEW
wicklow-census-data.csv,RATHBANE,RATHBANE,RATHBANE,EXACT,100,1539,APPROVED
wicklow-census-data.csv,ATHGARVAN,ATHGARVAN,,NO_MATCH,0,1539,NEEDS_REVIEW
wicklow-census-data.csv,COOLNAKILLY,COOLNAKILLY,,NO_MATCH,0,1539,NEEDS_REVIEW
wicklow-census-data.csv,KIPPURE EAST,KIPPURE EAST,,NO_MATCH,0,1539,NEEDS_REVIEW
wicklow-census-data.csv,THOMASTOWN,THOMASTOWN,,NO_MATCH,0,1539,NEEDS_REVIEW
wicklow-census-data.csv,GORMANSTOWN,GORMANSTOWN,,NO_MATCH,0,1539,NEEDS_REVIEW
wicklow-census-data.csv,BALLYCARRIGEEN,BALLYCARRIGEEN,,NO_MATCH,0,1539,NEEDS_REVIEW
wicklow-census-data.csv,GLENBRIDE,GLENBRIDE,,NO_MATCH,0,1539,NEEDS_REVIEW
wicklow-census-data.csv,STRATFORD,STRATFORD,,NO_MATCH,0,1539,NEEDS_REVIEW
wicklow-census-data.csv,FANANIERIN,FANANIERIN,,NO_MATCH,0,1539,NEEDS_REVIEW
wicklow-census-data.csv,DELGANY,DELGANY,,NO_MATCH,0,1539,NEEDS_REVIEW
wicklow-census-data.csv,CARRIGNAMWEEL,CARRIGNAMWEEL,,NO_MATCH,0,1539,NEEDS_REVIEW
wicklow-census-data.csv,ARDNABOY,ARDNABOY,,NO_MATCH,0,1539,NEEDS_REVIEW
wicklow-census-data.csv,BALLYMOAT,BALLYMOAT,,NO_MATCH,0,1539,NEEDS_REVIEW
wicklow-census-data.csv,CHURCHLAND,CHURCHLAND,CHURCHLAND,EXACT,100,1539,APPROVED
wicklow-census-data.csv,ALTIDORE DEMESNE,ALTIDORE DEMESNE,,NO_MATCH,0,1539,NEEDS_REVIEW
wicklow-census-data.csv,GRIFFINSTOWN LOWER,GRIFFINSTOWN LOWER,,NO_MATCH,0,1539,NEEDS_REVIEW
wicklow-census-data.csv,DRIM,DRIM,,NO_MATCH,0,1539,NEEDS_REVIEW
wicklow-census-data.csv,TINNAKILLY LOWER,TINNAKILLY LOWER,,NO_MATCH,0,1539,NEEDS_REVIEW
wicklow-census-data.csv,KNOCKADREET,KNOCKADREET,KNOCKNAGREE,FUZZY,82,1539,PENDING
wicklow-census-data.csv,NEWTOWNBOSWELL,NEWTOWNBOSWELL,,NO_MATCH,0,1539,NEEDS_REVIEW
wicklow-census-data.csv,BALLYMONEY (ED Dunganstown East),BALLYMONEY (ED DUNGANSTOWN EAST),,NO_MATCH,0,1539,NEEDS_REVIEW
wicklow-census-data.csv,ISLAND IN BROAD LOUGH,ISLAND IN BROAD LOUGH,,NO_MATCH,0,1539,NEEDS_REVIEW
wicklow-census-data.csv,CLOGGA,CLOGGA,,NO_MATCH,0,1539,NEEDS_REVIEW
wicklow-census-data.csv,BROCKAGH,BROCKAGH,,NO_MATCH,0,1539,NEEDS_REVIEW
wicklow-census-data.csv,BRAY,BRAY,,NO_MATCH,0,1539,NEEDS_REVIEW
wicklow-census-data.csv,HILLBROOK UPPER,HILLBROOK UPPER,HILLBROOK UPPER,EXACT,100,1539,APPROVED
wicklow-census-data.csv,BALLYROGAN UPPER,BALLYROGAN UPPER,,NO_MATCH,0,1539,NEEDS_REVIEW
wicklow-census-data.csv,GLENCORMICK SOUTH,GLENCORMICK SOUTH,,NO_MATCH,0,1539,NEEDS_REVIEW
wicklow-census-data.csv,MATTYMOUNT,MATTYMOUNT,,NO_MATCH,0,1539,NEEDS_REVIEW
wicklow-census-data.csv,UPPERTOWN,UPPERTOWN,,NO_MATCH,0,1539,NEEDS_REVIEW
wicklow-census-data.csv,BARNAMUINGA,BARNAMUINGA,BARNAMUINGA,EXACT,100,1539,APPROVED
wicklow-census-data.csv,BALLYMURTAGH,BALLYMURTAGH,BALLYNULTAGH,FUZZY,83,1539,PENDING
wicklow-census-data.csv,TOBER DEMESNE,TOBER DEMESNE,,NO_MATCH,0,1539,NEEDS_REVIEW
wicklow-census-data.csv,BALLYSMUTTAN UPPER,BALLYSMUTTAN UPPER,,NO_MATCH,0,1539,NEEDS_REVIEW
wicklow-census-data.csv,KILLAHURLER LOWER,KILLAHURLER LOWER,,NO_MATCH,0,1539,NEEDS_REVIEW
wicklow-census-data.csv,BALLYMANUS LOWER,BALLYMANUS LOWER,,NO_MATCH,0,1539,NEEDS_REVIEW
wicklow-census-data.csv,BALLINABARNY NORTH,BALLINABARNY NORTH,,NO_MATCH,0,1539,NEEDS_REVIEW
wicklow-census-data.csv,KILRUDDERY DEMESNE WEST,KILRUDDERY DEMESNE WEST,,NO_MATCH,0,1539,NEEDS_REVIEW
wicklow-census-data.csv,BALLYNERRIN (Newcastle By),BALLYNERRIN (NEWCASTLE BY),,NO_MATCH,0,1539,NEEDS_REVIEW
wicklow-census-data.csv,TOBER UPPER,TOBER UPPER,,NO_MATCH,0,1539,NEEDS_REVIEW
wicklow-census-data.csv,DOWNS,DOWNS,,NO_MATCH,0,1539,NEEDS_REVIEW
wicklow-census-data.csv,BALLINAHINCH MIDDLE,BALLINAHINCH MIDDLE,,NO_MATCH,0,1539,NEEDS_REVIEW
wicklow-census-data.csv,MILLTOWN SOUTH,MILLTOWN SOUTH,,NO_MATCH,0,1539,NEEDS_REVIEW
wicklow-census-data.csv,BALLYMURRIN UPPER,BALLYMURRIN UPPER,,NO_MATCH,0,1539,NEEDS_REVIEW
wicklow-census-data.csv,WESTASTON DEMESNE,WESTASTON DEMESNE,,NO_MATCH,0,1539,NEEDS_REVIEW
wicklow-census-data.csv,BALLYMONEEN,BALLYMONEEN,,NO_MATCH,0,1539,NEEDS_REVIEW
wicklow-census-data.csv,BALLYKILLAVANE,BALLYKILLAVANE,,NO_MATCH,0,1539,NEEDS_REVIEW
wicklow-census-data.csv,BALLINASKEA,BALLINASKEA,,NO_MATCH,0,1539,NEEDS_REVIEW
wicklow-census-data.csv,KNOCKNASHAMROGE,KNOCKNASHAMROGE,,NO_MATCH,0,1539,NEEDS_REVIEW
wicklow-census-data.csv,MONROE,MONROE,,NO_MATCH,0,1539,NEEDS_REVIEW
wicklow-census-data.csv,TEMPLELYON LOWER,TEMPLELYON LOWER,,NO_MATCH,0,1539,NEEDS_REVIEW
wicklow-census-data.csv,PRIESTSNEWTOWN,PRIESTSNEWTOWN,,NO_MATCH,0,1539,NEEDS_REVIEW
wicklow-census-data.csv,COOLBALLINTAGGART,COOLBALLINTAGGART,,NO_MATCH,0,1539,NEEDS_REVIEW
wicklow-census-data.csv,BOLLARNEY SOUTH,BOLLARNEY SOUTH,,NO_MATCH,0,1539,NEEDS_REVIEW
wicklow-census-data.csv,GREENHALL,GREENHALL,GREENHALL,EXACT,100,1539,APPROVED
wicklow-census-data.csv,RAHAVAL,RAHAVAL,,NO_MATCH,0,1539,NEEDS_REVIEW
wicklow-census-data.csv,CLONWILLIAM,CLONWILLIAM,,NO_MATCH,0,1539,NEEDS_REVIEW
wicklow-census-data.csv,AGHAVANNAGH MOUNTAIN,AGHAVANNAGH MOUNTAIN,,NO_MATCH,0,1539,NEEDS_REVIEW
wicklow-census-data.csv,BALLYFREE EAST,BALLYFREE EAST,,NO_MATCH,0,1539,NEEDS_REVIEW
wicklow-census-data.csv,KNOCKROE,KNOCKROE,KNOCKLOE,FUZZY,88,1539,PENDING
wicklow-census-data.csv,NEWTOWN (ED Hollywood),NEWTOWN (ED HOLLYWOOD),,NO_MATCH,0,1539,NEEDS_REVIEW
wicklow-census-data.csv,CROSSNACOLE,CROSSNACOLE,,NO_MATCH,0,1539,NEEDS_REVIEW
wicklow-census-data.csv,CROSS,CROSS,CROSS,EXACT,100,1539,APPROVED
wicklow-census-data.csv,BALLINACOR (ED Tinahely),BALLINACOR (ED TINAHELY),,NO_MATCH,0,1539,NEEDS_REVIEW
wicklow-census-data.csv,BALLINAMONA,BALLINAMONA,,NO_MATCH,0,1539,NEEDS_REVIEW
wicklow-census-data.csv,POLLAHONEY,POLLAHONEY,,NO_MATCH,0,1539,NEEDS_REVIEW
wicklow-census-data.csv,NEWCASTLE LOWER,NEWCASTLE LOWER,,NO_MATCH,0,1539,NEEDS_REVIEW
wicklow-census-data.csv,BALLYKEPPOGE,BALLYKEPPOGE,,NO_MATCH,0,1539,NEEDS_REVIEW
wicklow-census-data.csv,SLIEVEREAGH UPPER,SLIEVEREAGH UPPER,,NO_MATCH,0,1539,NEEDS_REVIEW
wicklow-census-data.csv,KILMACOO,KILMACOO,,NO_MATCH,0,1539,NEEDS_REVIEW
wicklow-census-data.csv,BALLYKNOCKAN UPPER,BALLYKNOCKAN UPPER,BALLYKNOCKER,FUZZY,80,1539,PENDING
wicklow-census-data.csv,BALLINAHOWN,BALLINAHOWN,,NO_MATCH,0,1539,NEEDS_REVIEW
wicklow-census-data.csv,PROSPECT LOWER,PROSPECT LOWER,,NO_MATCH,0,1539,NEEDS_REVIEW
wicklow-census-data.csv,DO WORKHOUSE,DO WORKHOUSE,,NO_MATCH,0,1539,NEEDS_REVIEW
wicklow-census-data.csv,GREENAN MORE,GREENAN MORE,,NO_MATCH,0,1539,NEEDS_REVIEW
wicklow-census-data.csv,GARRYMORE LOWER,GARRYMORE LOWER,,NO_MATCH,0,1539,NEEDS_REVIEW
wicklow-census-data.csv,GRIFFINSTOWN GLEN,GRIFFINSTOWN GLEN,,NO_MATCH,0,1539,NEEDS_REVIEW
wicklow-census-data.csv,BALLINEDDAN LOWER,BALLINEDDAN LOWER,,NO_MATCH,0,1539,NEEDS_REVIEW
wicklow-census-data.csv,BALLYDONNELL SOUTH,BALLYDONNELL SOUTH,,NO_MATCH,0,1539,NEEDS_REVIEW
wicklow-census-data.csv,CRONE BEG,CRONE BEG,,NO_MATCH,0,1539,NEEDS_REVIEW
wicklow-census-data.csv,DO BRIDEWELL,DO BRIDEWELL,,NO_MATCH,0,1539,NEEDS_REVIEW
wicklow-census-data.csv,LEVERN,LEVERN,,NO_MATCH,0,1539,NEEDS_REVIEW
wicklow-census-data.csv,STRATFORD T,STRATFORD T,,NO_MATCH,0,1539,NEEDS_REVIEW
wicklow-census-data.csv,CULLENTRAGH LITTLE,CULLENTRAGH LITTLE,,NO_MATCH,0,1539,NEEDS_REVIEW
wicklow-census-data.csv,KNOCKNAGREE,KNOCKNAGREE,KNOCKNAGREE,EXACT,100,1539,APPROVED
wicklow-census-data.csv,GLENWOOD,GLENWOOD,,NO_MATCH,0,1539,NEEDS_REVIEW
wicklow-census-data.csv,BALLINACLEA,BALLINACLEA,,NO_MATCH,0,1539,NEEDS_REVIEW
wicklow-census-data.csv,BAWNOGE (ED Togher),BAWNOGE (ED TOGHER),,NO_MATCH,0,1539,NEEDS_REVIEW
wicklow-census-data.csv,MERGINSTOWN DEMESNE,MERGINSTOWN DEMESNE,,NO_MATCH,0,1539,NEEDS_REVIEW
wicklow-census-data.csv,CARSROCK,CARSROCK,CARRICK,FUZZY,80,1539,PENDING
wicklow-census-data.csv,LACKANDARRAGH UPPER,LACKANDARRAGH UPPER,,NO_MATCH,0,1539,NEEDS_REVIEW
wicklow-census-data.csv,MONEYTEIGE NORTH,MONEYTEIGE NORTH,,NO_MATCH,0,1539,NEEDS_REVIEW
wicklow-census-data.csv,BALLYMONEY,BALLYMONEY,,NO_MATCH,0,1539,NEEDS_REVIEW
wicklow-census-data.csv,SCURLOCKSLEAP,SCURLOCKSLEAP,,NO_MATCH,0,1539,NEEDS_REVIEW
wicklow-census-data.csv,MONEY LITTLE,MONEY LITTLE,,NO_MATCH,0,1539,NEEDS_REVIEW
wicklow-census-data.csv,RATHTOOLE,RATHTOOLE,,NO_MATCH,0,1539,NEEDS_REVIEW
wicklow-census-data.csv,CLARABEG SOUTH,CLARABEG SOUTH,,NO_MATCH,0,1539,NEEDS_REVIEW
wicklow-census-data.csv,BALLYCONNELL,BALLYCONNELL,BALLYCONNELL,EXACT,100,1539,APPROVED
wicklow-census-data.csv,PROSPECT UPPER,PROSPECT UPPER,,NO_MATCH,0,1539,NEEDS_REVIEW
wicklow-census-data.csv,HOLLYWOOD LOWER,HOLLYWOOD LOWER,,NO_MATCH,0,1539,NEEDS_REVIEW
wicklow-census-data.csv,BALLINALEA T,BALLINALEA T,,NO_MATCH,0,1539,NEEDS_REVIEW
wicklow-census-data.csv,TINAHASK LOWER,TINAHASK LOWER,,NO_MATCH,0,1539,NEEDS_REVIEW
wicklow-census-data.csv,BALLYKNOCKAN BEG,BALLYKNOCKAN BEG,,NO_MATCH,0,1539,NEEDS_REVIEW
wicklow-census-data.csv,CLORA,CLORA,,NO_MATCH,0,1539,NEEDS_REVIEW
wicklow-census-data.csv,BALTINGLASS T,BALTINGLASS T,,NO_MATCH,0,1539,NEEDS_REVIEW
wicklow-census-data.csv,FORRISTEEN,FORRISTEEN,,NO_MATCH,0,1539,NEEDS_REVIEW
wicklow-census-data.csv,HARTSTOWN,HARTSTOWN,,NO_MATCH,0,1539,NEEDS_REVIEW
wicklow-census-data.csv,KNOCKNAGULL,KNOCKNAGULL,,NO_MATCH,0,1539,NEEDS_REVIEW
wicklow-census-data.csv,BRIDGELAND,BRIDGELAND,BRIDGELAND,EXACT,100,1539,APPROVED
wicklow-census-data.csv,BALLYFREE WEST,BALLYFREE WEST,,NO_MATCH,0,1539,NEEDS_REVIEW
wicklow-census-data.csv,CORNAN WEST,CORNAN WEST,,NO_MATCH,0,1539,NEEDS_REVIEW
wicklow-census-data.csv,BALLINASTOE,BALLINASTOE,BALLINGATE,FUZZY,86,1539,PENDING
wicklow-census-data.csv,DANESFORT LOWER,DANESFORT LOWER,,NO_MATCH,0,1539,NEEDS_REVIEW
wicklow-census-data.csv,COOLADANGAN,COOLADANGAN,,NO_MATCH,0,1539,NEEDS_REVIEW
wicklow-census-data.csv,CARRIGGOWER,CARRIGGOWER,CARRIGROE,FUZZY,80,1539,PENDING
wicklow-census-data.csv,GREENAN BEG,GREENAN BEG,,NO_MATCH,0,1539,NEEDS_REVIEW
wicklow-census-data.csv,KILLICKABAWN,KILLICKABAWN,,NO_MATCH,0,1539,NEEDS_REVIEW
wicklow-census-data.csv,BALLYCREEN UPPER,BALLYCREEN UPPER,,NO_MATCH,0,1539,NEEDS_REVIEW
wicklow-census-data.csv,KEELOGE,KEELOGE,,NO_MATCH,0,1539,NEEDS_REVIEW
wicklow-census-data.csv,DONARD,DONARD,,NO_MATCH,0,1539,NEEDS_REVIEW
wicklow-census-data.csv,FARRANKELLY,FARRANKELLY,,NO_MATCH,0,1539,NEEDS_REVIEW
wicklow-census-data.csv,LEITRIM,LEITRIM,,NO_MATCH,0,1539,NEEDS_REVIEW
wicklow-census-data.csv,BALLYREAGH,BALLYREAGH,BALLAGH,FUZZY,82,1539,PENDING
wicklow-census-data.csv,ASHTOWN (Arklow By),ASHTOWN (ARKLOW BY),,NO_MATCH,0,1539,NEEDS_REVIEW
wicklow-census-data.csv,BALLYTOOLE LOWER,BALLYTOOLE LOWER,,NO_MATCH,0,1539,NEEDS_REVIEW
wicklow-census-data.csv,KINGSTON,KINGSTON,,NO_MATCH,0,1539,NEEDS_REVIEW
wicklow-census-data.csv,DONARD MOUNTAIN,DONARD MOUNTAIN,,NO_MATCH,0,1539,NEEDS_REVIEW
wicklow-census-data.csv,LUGNAQUILLIA,LUGNAQUILLIA,,NO_MATCH,0,1539,NEEDS_REVIEW
wicklow-census-data.csv,RATHSALLAGH DEMESNE,RATHSALLAGH DEMESNE,,NO_MATCH,0,1539,NEEDS_REVIEW
wicklow-census-data.csv,GILTSPUR,GILTSPUR,,NO_MATCH,0,1539,NEEDS_REVIEW
wicklow-census-data.csv,KILMAGIG LOWER,KILMAGIG LOWER,,NO_MATCH,0,1539,NEEDS_REVIEW
wicklow-census-data.csv,GARNAGOWLAN,GARNAGOWLAN,,NO_MATCH,0,1539,NEEDS_REVIEW
wicklow-census-data.csv,BARRADERRY EAST,BARRADERRY EAST,,NO_MATCH,0,1539,NEEDS_REVIEW
wicklow-census-data.csv,CLOGHCASTLE,CLOGHCASTLE,,NO_MATCH,0,1539,NEEDS_REVIEW
wicklow-census-data.csv,GLENPHILIPEEN,GLENPHILIPEEN,GLENPHILIPEEN,EXACT,100,1539,APPROVED
wicklow-census-data.csv,KILRUDDERY DEERPARK (ED Kilmacanoge),KILRUDDERY DEERPARK (ED KILMACANOGE),,NO_MATCH,0,1539,NEEDS_REVIEW
wicklow-census-data.csv,BALLYGRIFFIN,BALLYGRIFFIN,,NO_MATCH,0,1539,NEEDS_REVIEW
wicklow-census-data.csv,KINSELLASTOWN,KINSELLASTOWN,,NO_MATCH,0,1539,NEEDS_REVIEW
wicklow-census-data.csv,BALLYLERANE,BALLYLERANE,,NO_MATCH,0,1539,NEEDS_REVIEW
wicklow-census-data.csv,BALLYCREEN LOWER,BALLYCREEN LOWER,,NO_MATCH,0,1539,NEEDS_REVIEW
wicklow-census-data.csv,BROOMHALL,BROOMHALL,,NO_MATCH,0,1539,NEEDS_REVIEW
wicklow-census-data.csv,CLONPADDEN,CLONPADDEN,,NO_MATCH,0,1539,NEEDS_REVIEW
wicklow-census-data.csv,SLIEVEREAGH LOWER,SLIEVEREAGH LOWER,,NO_MATCH,0,1539,NEEDS_REVIEW
wicklow-census-data.csv,CAMARAHILL SOUTH,CAMARAHILL SOUTH,,NO_MATCH,0,1539,NEEDS_REVIEW
wicklow-census-data.csv,KNOCKRAHEEN,KNOCKRAHEEN,KNOCKEEN,FUZZY,84,1539,PENDING
wicklow-census-data.csv,KNOCKNAMUNNION,KNOCKNAMUNNION,,NO_MATCH,0,1539,NEEDS_REVIEW
wicklow-census-data.csv,BALLYNURE DEMESNE,BALLYNURE DEMESNE,,NO_MATCH,0,1539,NEEDS_REVIEW
wicklow-census-data.csv,GRAIGUE,GRAIGUE,,NO_MATCH,0,1539,NEEDS_REVIEW
wicklow-census-data.csv,BALLYVOGHAN,BALLYVOGHAN,,NO_MATCH,0,1539,NEEDS_REVIEW
wicklow-census-data.csv,THREEWELLS,THREEWELLS,,NO_MATCH,0,1539,NEEDS_REVIEW
wicklow-census-data.csv,BALLYCAPPLE,BALLYCAPPLE,,NO_MATCH,0,1539,NEEDS_REVIEW
wicklow-census-data.csv,KNOCKAVURRIG,KNOCKAVURRIG,,NO_MATCH,0,1539,NEEDS_REVIEW
wicklow-census-data.csv,BALLINDERRY UPPER,BALLINDERRY UPPER,,NO_MATCH,0,1539,NEEDS_REVIEW
wicklow-census-data.csv,KILMACULLAGH,KILMACULLAGH,,NO_MATCH,0,1539,NEEDS_REVIEW
wicklow-census-data.csv,ROSTYGAH,ROSTYGAH,,NO_MATCH,0,1539,NEEDS_REVIEW
wicklow-census-data.csv,BALLINAKILL,BALLINAKILL,,NO_MATCH,0,1539,NEEDS_REVIEW
wicklow-census-data.csv,CULLEN UPPER,CULLEN UPPER,,NO_MATCH,0,1539,NEEDS_REVIEW
wicklow-census-data.csv,ENNISKERRY T,ENNISKERRY T,,NO_MATCH,0,1539,NEEDS_REVIEW
wicklow-census-data.csv,RATH EAST,RATH EAST,RATH EAST,EXACT,100,1539,APPROVED
wicklow-census-data.csv,TROOPERSTOWN,TROOPERSTOWN,,NO_MATCH,0,1539,NEEDS_REVIEW
wicklow-census-data.csv,CLORNAGH,CLORNAGH,,NO_MATCH,0,1539,NEEDS_REVIEW
wicklow-census-data.csv,BALLARD,BALLARD,BALLARD,EXACT,100,1539,APPROVED
wicklow-census-data.csv,BALLINFOYLE UPPER,BALLINFOYLE UPPER,,NO_MATCH,0,1539,NEEDS_REVIEW
wicklow-census-data.csv,ASHFORD,ASHFORD,,NO_MATCH,0,1539,NEEDS_REVIEW
wicklow-census-data.csv,BARNACOYLE BIG,BARNACOYLE BIG,,NO_MATCH,0,1539,NEEDS_REVIEW
wicklow-census-data.csv,BALLINTRUER MORE,BALLINTRUER MORE,,NO_MATCH,0,1539,NEEDS_REVIEW
wicklow-census-data.csv,MONDUFF,MONDUFF,,NO_MATCH,0,1539,NEEDS_REVIEW
wicklow-census-data.csv,MOUNTJOHN,MOUNTJOHN,,NO_MATCH,0,1539,NEEDS_REVIEW
wicklow-census-data.csv,LOWTOWN,LOWTOWN,,NO_MATCH,0,1539,NEEDS_REVIEW
wicklow-census-data.csv,KNOCKALT UPPER,KNOCKALT UPPER,,NO_MATCH,0,1539,NEEDS_REVIEW
wicklow-census-data.csv,HOLYVALLEY,HOLYVALLEY,,NO_MATCH,0,1539,NEEDS_REVIEW
wicklow-census-data.csv,BROOMFIELDS,BROOMFIELDS,,NO_MATCH,0,1539,NEEDS_REVIEW
wicklow-census-data.csv,DUNRAN DEMESNE,DUNRAN DEMESNE,,NO_MATCH,0,1539,NEEDS_REVIEW
wicklow-census-data.csv,CLONE,CLONE,CRONE,FUZZY,80,1539,PENDING
wicklow-census-data.csv,COOLATTIN,COOLATTIN,COOLATTIN,EXACT,100,1539,APPROVED
wicklow-census-data.csv,RATHBAWN,RATHBAWN,RATHBANE,FUZZY,88,1539,PENDING
wicklow-census-data.csv,BALLINACOR,BALLINACOR,BALLINACOR,EXACT,100,1539,APPROVED
wicklow-census-data.csv,COOLANEARL,COOLANEARL,,NO_MATCH,0,1539,NEEDS_REVIEW
wicklow-census-data.csv,GLEBE (ED Glendalough),GLEBE (ED GLENDALOUGH),,NO_MATCH,0,1539,NEEDS_REVIEW
wicklow-census-data.csv,HILLBROOK LOWER,HILLBROOK LOWER,HILLBROOK LOWER,EXACT,100,1539,APPROVED
wicklow-census-data.csv,CLOHERNAGH,CLOHERNAGH,,NO_MATCH,0,1539,NEEDS_REVIEW
wicklow-census-data.csv,BALLYNATTIN,BALLYNATTIN,,NO_MATCH,0,1539,NEEDS_REVIEW
wicklow-census-data.csv,FIDDANCOYLE,FIDDANCOYLE,,NO_MATCH,0,1539,NEEDS_REVIEW
wicklow-census-data.csv,BELLPARK,BELLPARK,,NO_MATCH,0,1539,NEEDS_REVIEW
wicklow-census-data.csv,COOLATTIN PARK,COOLATTIN PARK,COOLATTIN PARK,EXACT,100,1539,APPROVED
wicklow-census-data.csv,BALLYRICHARD,BALLYRICHARD,,NO_MATCH,0,1539,NEEDS_REVIEW
wicklow-census-data.csv,BARNACASHEL,BARNACASHEL,BARNACASHEL,EXACT,100,1539,APPROVED
wicklow-census-data.csv,SLIEVEFOORE,SLIEVEFOORE,SLIEVEROE,FUZZY,80,1539,PENDING
wicklow-census-data.csv,TITHEWER,TITHEWER,,NO_MATCH,0,1539,NEEDS_REVIEW
wicklow-census-data.csv,BALLYBRACK MORE,BALLYBRACK MORE,,NO_MATCH,0,1539,NEEDS_REVIEW
wicklow-census-data.csv,BARCHUILLIA COMMONS,BARCHUILLIA COMMONS,,NO_MATCH,0,1539,NEEDS_REVIEW
wicklow-census-data.csv,WINGFIELD,WINGFIELD,,NO_MATCH,0,1539,NEEDS_REVIEW
wicklow-census-data.csv,KNOCKADERRY,KNOCKADERRY,,NO_MATCH,0,1539,NEEDS_REVIEW
wicklow-census-data.csv,KILLADUFF,KILLADUFF,,NO_MATCH,0,1539,NEEDS_REVIEW
wicklow-census-data.csv,GRUNDY'S ROW T,GRUNDY'S ROW T,,NO_MATCH,0,1539,NEEDS_REVIEW
wicklow-census-data.csv,BALLINATONE LOWER,BALLINATONE LOWER,BALLINGATE LOWER,FUZZY,91,1539,PENDING
wicklow-census-data.csv,ROCKSTOWN UPPER,ROCKSTOWN UPPER,,NO_MATCH,0,1539,NEEDS_REVIEW
wicklow-census-data.csv,BREWERSHILL,BREWERSHILL,,NO_MATCH,0,1539,NEEDS_REVIEW
wicklow-census-data.csv,BALLINTIM,BALLINTIM,,NO_MATCH,0,1539,NEEDS_REVIEW
wicklow-census-data.csv,KNOCKANRAHAN LOWER,KNOCKANRAHAN LOWER,,NO_MATCH,0,1539,NEEDS_REVIEW
wicklow-census-data.csv,BALLYCLOGH NORTH,BALLYCLOGH NORTH,,NO_MATCH,0,1539,NEEDS_REVIEW
wicklow-census-data.csv,COOLBAWN or COOLBALLINTAGGART,COOLBAWN OR COOLBALLINTAGGART,COOLBAWN or COOLBALLINTAGGART,EXACT,100,1539,APPROVED
wicklow-census-data.csv,AGHOWLE LOWER,AGHOWLE LOWER,AGHOWLE LOWER,EXACT,100,1539,APPROVED
wicklow-census-data.csv,CAPPAGH,CAPPAGH,,NO_MATCH,0,1539,NEEDS_REVIEW
wicklow-census-data.csv,ROUNDWOOD,ROUNDWOOD,,NO_MATCH,0,1539,NEEDS_REVIEW
wicklow-census-data.csv,FORTGRANITE,FORTGRANITE,,NO_MATCH,0,1539,NEEDS_REVIEW
wicklow-census-data.csv,LARAGH EAST,LARAGH EAST,RATH EAST,FUZZY,80,1539,PENDING
wicklow-census-data.csv,MOORESHILL,MOORESHILL,,NO_MATCH,0,1539,NEEDS_REVIEW
wicklow-census-data.csv,LOUGHMOGUE UPPER,LOUGHMOGUE UPPER,,NO_MATCH,0,1539,NEEDS_REVIEW
wicklow-census-data.csv,TORNANT UPPER,TORNANT UPPER,,NO_MATCH,0,1539,NEEDS_REVIEW
wicklow-census-data.csv,KILBEG,KILBEG,KILLABEG,FUZZY,86,1539,PENDING
wicklow-census-data.csv,BALLYMORRIS LOWER,BALLYMORRIS LOWER,,NO_MATCH,0,1539,NEEDS_REVIEW
wicklow-census-data.csv,ROCKBOG,ROCKBOG,,NO_MATCH,0,1539,NEEDS_REVIEW
wicklow-census-data.csv,GRANGECON PARKS,GRANGECON PARKS,,NO_MATCH,0,1539,NEEDS_REVIEW
wicklow-census-data.csv,PAULBEG,PAULBEG,PAULBEG,EXACT,100,1539,APPROVED
wicklow-census-data.csv,BALLINAHINCH LOWER,BALLINAHINCH LOWER,,NO_MATCH,0,1539,NEEDS_REVIEW
wicklow-census-data.csv,BALLYNACARRIG,BALLYNACARRIG,,NO_MATCH,0,1539,NEEDS_REVIEW
wicklow-census-data.csv,GRANGECON LOWER,GRANGECON LOWER,,NO_MATCH,0,1539,NEEDS_REVIEW
wicklow-census-data.csv,BALLYBOY,BALLYBOY,,NO_MATCH,0,1539,NEEDS_REVIEW
wicklow-census-data.csv,WESTASTON HILL,WESTASTON HILL,,NO_MATCH,0,1539,NEEDS_REVIEW
wicklow-census-data.csv,WHITEFIELD,WHITEFIELD,WHITEFIELD,EXACT,100,1539,APPROVED
wicklow-census-data.csv,BALLYVALTRON,BALLYVALTRON,,NO_MATCH,0,1539,NEEDS_REVIEW
wicklow-census-data.csv,CUNNIAMSTOWN LITTLE,CUNNIAMSTOWN LITTLE,,NO_MATCH,0,1539,NEEDS_REVIEW
wicklow-census-data.csv,CORBALLIS UPPER,CORBALLIS UPPER,,NO_MATCH,0,1539,NEEDS_REVIEW
wicklow-census-data.csv,ROSNASTRAW,ROSNASTRAW,ROSNASTRAW,EXACT,100,1539,APPROVED
wicklow-census-data.csv,GRANAMORE,GRANAMORE,,NO_MATCH,0,1539,NEEDS_REVIEW
wicklow-census-data.csv,BALHAGUILE T,BALHAGUILE T,,NO_MATCH,0,1539,NEEDS_REVIEW
wicklow-census-data.csv,MONEYCARROLL,MONEYCARROLL,,NO_MATCH,0,1539,NEEDS_REVIEW
wicklow-census-data.csv,COLVINSTOWN UPPER,COLVINSTOWN UPPER,,NO_MATCH,0,1539,NEEDS_REVIEW
wicklow-census-data.csv,COONMORE,COONMORE,,NO_MATCH,0,1539,NEEDS_REVIEW
wicklow-census-data.csv,MILLTOWN NORTH,MILLTOWN NORTH,,NO_MATCH,0,1539,NEEDS_REVIEW
wicklow-census-data.csv,BALLYKNOCKER EAST,BALLYKNOCKER EAST,BALLYKNOCKER EAST,EXACT,100,1539,APPROVED
wicklow-census-data.csv,CURTLESTOWN LOWER,CURTLESTOWN LOWER,,NO_MATCH,0,1539,NEEDS_REVIEW
wicklow-census-data.csv,BALLINASTRAW,BALLINASTRAW,,NO_MATCH,0,1539,NEEDS_REVIEW
wicklow-census-data.csv,IRISHTOWN EAST,IRISHTOWN EAST,,NO_MATCH,0,1539,NEEDS_REVIEW
wicklow-census-data.csv,TUCKMILL HILL,TUCKMILL HILL,,NO_MATCH,0,1539,NEEDS_REVIEW
wicklow-census-data.csv,RAHEENMORE,RAHEENMORE,,NO_MATCH,0,1539,NEEDS_REVIEW
wicklow-census-data.csv,NEWPARK,NEWPARK,,NO_MATCH,0,1539,NEEDS_REVIEW
wicklow-census-data.csv,BALLYNASCULLOGE LOWER,BALLYNASCULLOGE LOWER,,NO_MATCH,0,1539,NEEDS_REVIEW
wicklow-census-data.csv,NEWTOWN (ED Talbotstown),NEWTOWN (ED TALBOTSTOWN),,NO_MATCH,0,1539,NEEDS_REVIEW
wicklow-census-data.csv,OAKWOOD,OAKWOOD,,NO_MATCH,0,1539,NEEDS_REVIEW
wicklow-census-data.csv,AGHFARRELL,AGHFARRELL,,NO_MATCH,0,1539,NEEDS_REVIEW
wicklow-census-data.csv,RATHDOWN UPPER,RATHDOWN UPPER,,NO_MATCH,0,1539,NEEDS_REVIEW
wicklow-census-data.csv,KILLALISH LOWER,KILLALISH LOWER,,NO_MATCH,0,1539,NEEDS_REVIEW
wicklow-census-data.csv,BALLINACLASH,BALLINACLASH,,NO_MATCH,0,1539,NEEDS_REVIEW
wicklow-census-data.csv,BALLYSALLAGH WEST,BALLYSALLAGH WEST,,NO_MATCH,0,1539,NEEDS_REVIEW
wicklow-census-data.csv,BALLYGANNON,BALLYGANNON,,NO_MATCH,0,1539,NEEDS_REVIEW
wicklow-census-data.csv,CURRANSTOWN UPPER,CURRANSTOWN UPPER,,NO_MATCH,0,1539,NEEDS_REVIEW
wicklow-census-data.csv,COOLHARBOUR UPPER,COOLHARBOUR UPPER,,NO_MATCH,0,1539,NEEDS_REVIEW
wicklow-census-data.csv,ARDOYNE,ARDOYNE,ARDOYNE,EXACT,100,1539,APPROVED
wicklow-census-data.csv,ARKLOW,ARKLOW,,NO_MATCH,0,1539,NEEDS_REVIEW
wicklow-census-data.csv,SHEEPWALK,SHEEPWALK,,NO_MATCH,0,1539,NEEDS_REVIEW
wicklow-census-data.csv,KILPATRICK,KILPATRICK,,NO_MATCH,0,1539,NEEDS_REVIEW
wicklow-census-data.csv,BALLINVALLY LOWER (ED Ennereilly),BALLINVALLY LOWER (ED ENNEREILLY),,NO_MATCH,0,1539,NEEDS_REVIEW
wicklow-census-data.csv,BALLYNAPARK,BALLYNAPARK,,NO_MATCH,0,1539,NEEDS_REVIEW
wicklow-census-data.csv,BALLINCLARE,BALLINCLARE,,NO_MATCH,0,1539,NEEDS_REVIEW
wicklow-census-data.csv,BALLYMARROGE,BALLYMARROGE,BALLYMARROGE,EXACT,100,1539,APPROVED
wicklow-census-data.csv,MULLINAVEIGE,MULLINAVEIGE,,NO_MATCH,0,1539,NEEDS_REVIEW
wicklow-census-data.csv,BALLYHENRY,BALLYHENRY,,NO_MATCH,0,1539,NEEDS_REVIEW
wicklow-census-data.csv,CORSILLAGH,CORSILLAGH,,NO_MATCH,0,1539,NEEDS_REVIEW
wicklow-census-data.csv,KILLAHURLER UPPER,KILLAHURLER UPPER,,NO_MATCH,0,1539,NEEDS_REVIEW
wicklow-census-data.csv,GRANGE NORTH,GRANGE NORTH,,NO_MATCH,0,1539,NEEDS_REVIEW
wicklow-census-data.csv,OLDBOLEYS,OLDBOLEYS,,NO_MATCH,0,1539,NEEDS_REVIEW
wicklow-census-data.csv,BALLYCRONE,BALLYCRONE,BALLYCONNELL,FUZZY,82,1539,PENDING
wicklow-census-data.csv,LICKEEN,LICKEEN,,NO_MATCH,0,1539,NEEDS_REVIEW
wicklow-census-data.csv,CRONE,CRONE,CRONE,EXACT,100,1539,APPROVED
wicklow-census-data.csv,TANSEYCLOSE,TANSEYCLOSE,,NO_MATCH,0,1539,NEEDS_REVIEW
wicklow-census-data.csv,BAHANA (Whaley),BAHANA (WHALEY),,NO_MATCH,0,1539,NEEDS_REVIEW
wicklow-census-data.csv,POLLAGHADOO,POLLAGHADOO,,NO_MATCH,0,1539,NEEDS_REVIEW
wicklow-census-data.csv,KNOCKSINK,KNOCKSINK,,NO_MATCH,0,1539,NEEDS_REVIEW
wicklow-census-data.csv,KNOCKANDORT,KNOCKANDORT,,NO_MATCH,0,1539,NEEDS_REVIEW
wicklow-census-data.csv,QUIGGINROE,QUIGGINROE,QUIGGINROE,EXACT,100,1539,APPROVED
wicklow-census-data.csv,BLACKMOOR,BLACKMOOR,,NO_MATCH,0,1539,NEEDS_REVIEW
wicklow-census-data.csv,LUGATRYNA,LUGATRYNA,,NO_MATCH,0,1539,NEEDS_REVIEW
wicklow-census-data.csv,BALLYBRAID,BALLYBRAID,,NO_MATCH,0,1539,NEEDS_REVIEW
wicklow-census-data.csv,AUGHRIM TOWN,AUGHRIM TOWN,,NO_MATCH,0,1539,NEEDS_REVIEW
wicklow-census-data.csv,BALLINDOYLE,BALLINDOYLE,,NO_MATCH,0,1539,NEEDS_REVIEW
wicklow-census-data.csv,BALLARDBEG,BALLARDBEG,BALLARD,FUZZY,82,1539,PENDING
wicklow-census-data.csv,INTACK,INTACK,,NO_MATCH,0,1539,NEEDS_REVIEW
wicklow-census-data.csv,KELLYSTOWN,KELLYSTOWN,KENNYSTOWN,FUZZY,80,1539,PENDING
wicklow-census-data.csv,TOBERAVILLER,TOBERAVILLER,,NO_MATCH,0,1539,NEEDS_REVIEW
wicklow-census-data.csv,BALLYNATONE,BALLYNATONE,,NO_MATCH,0,1539,NEEDS_REVIEW
wicklow-census-data.csv,BALLYGOBBAN,BALLYGOBBAN,,NO_MATCH,0,1539,NEEDS_REVIEW
wicklow-census-data.csv,BROOMFIELD,BROOMFIELD,,NO_MATCH,0,1539,NEEDS_REVIEW
wicklow-census-data.csv,CARRIGROE,CARRIGROE,CARRIGROE,EXACT,100,1539,APPROVED
wicklow-census-data.csv,EDMONDSTOWN,EDMONDSTOWN,,NO_MATCH,0,1539,NEEDS_REVIEW
wicklow-census-data.csv,BLAKESTOWN UPPER,BLAKESTOWN UPPER,,NO_MATCH,0,1539,NEEDS_REVIEW
wicklow-census-data.csv,BALLINVALLY UPPER (ED Arklow Rural),BALLINVALLY UPPER (ED ARKLOW RURAL),,NO_MATCH,0,1539,NEEDS_REVIEW
wicklow-census-data.csv,BALLINVALLY (Wisdom),BALLINVALLY (WISDOM),,NO_MATCH,0,1539,NEEDS_REVIEW
wicklow-census-data.csv,BALLYCOOG LOWER,BALLYCOOG LOWER,,NO_MATCH,0,1539,NEEDS_REVIEW
wicklow-census-data.csv,BALLYMOONEY,BALLYMOONEY,,NO_MATCH,0,1539,NEEDS_REVIEW
wicklow-census-data.csv,CLOGH UPPER,CLOGH UPPER,,NO_MATCH,0,1539,NEEDS_REVIEW
wicklow-census-data.csv,CARROWBAWN,CARROWBAWN,,NO_MATCH,0,1539,NEEDS_REVIEW
wicklow-census-data.csv,JOHNSTOWN HILL,JOHNSTOWN HILL,,NO_MATCH,0,1539,NEEDS_REVIEW
wicklow-census-data.csv,BOGLAND,BOGLAND,,NO_MATCH,0,1539,NEEDS_REVIEW
wicklow-census-data.csv,KILBRIDE (Talbotstown Lower By),KILBRIDE (TALBOTSTOWN LOWER BY),,NO_MATCH,0,1539,NEEDS_REVIEW
wicklow-census-data.csv,GOLDENFORT,GOLDENFORT,,NO_MATCH,0,1539,NEEDS_REVIEW
wicklow-census-data.csv,WOODFIELDGLEN,WOODFIELDGLEN,,NO_MATCH,0,1539,NEEDS_REVIEW
wicklow-census-data.csv,IRONGRANGE UPPER,IRONGRANGE UPPER,,NO_MATCH,0,1539,NEEDS_REVIEW
wicklow-census-data.csv,HOLYWELL,HOLYWELL,,NO_MATCH,0,1539,NEEDS_REVIEW
wicklow-census-data.csv,CAMARA,CAMARA,,NO_MATCH,0,1539,NEEDS_REVIEW
wicklow-census-data.csv,CASTLETIMON,CASTLETIMON,,NO_MATCH,0,1539,NEEDS_REVIEW
wicklow-census-data.csv,LISCOLMAN,LISCOLMAN,LISCOLMAN,EXACT,100,1539,APPROVED
wicklow-census-data.csv,DUNLAVIN UPPER,DUNLAVIN UPPER,,NO_MATCH,0,1539,NEEDS_REVIEW
wicklow-census-data.csv,BROMLEY,BROMLEY,BOLEY,FUZZY,83,1539,PENDING
wicklow-census-data.csv,HAYLANDS,HAYLANDS,,NO_MATCH,0,1539,NEEDS_REVIEW
wicklow-census-data.csv,KNOCKATILLANE,KNOCKATILLANE,,NO_MATCH,0,1539,NEEDS_REVIEW
wicklow-census-data.csv,KILMURRY UPPER,KILMURRY UPPER,,NO_MATCH,0,1539,NEEDS_REVIEW
wicklow-census-data.csv,CRONE MORE,CRONE MORE,,NO_MATCH,0,1539,NEEDS_REVIEW
wicklow-census-data.csv,BALLYMACONEY,BALLYMACONEY,,NO_MATCH,0,1539,NEEDS_REVIEW
wicklow-census-data.csv,KNOCKARIGG HILL,KNOCKARIGG HILL,,NO_MATCH,0,1539,NEEDS_REVIEW
wicklow-census-data.csv,CRONE LOWER,CRONE LOWER,MONEY LOWER,FUZZY,82,1539,PENDING
wicklow-census-data.csv,BALLYMOYLE,BALLYMOYLE,,NO_MATCH,0,1539,NEEDS_REVIEW
wicklow-census-data.csv,BELLINECLESH VILLAGE,BELLINECLESH VILLAGE,,NO_MATCH,0,1539,NEEDS_REVIEW
wicklow-census-data.csv,BARRADERRY WEST,BARRADERRY WEST,,NO_MATCH,0,1539,NEEDS_REVIEW
wicklow-census-data.csv,TINNAHINCH,TINNAHINCH,,NO_MATCH,0,1539,NEEDS_REVIEW
wicklow-census-data.csv,TOMCOYLE UPPER,TOMCOYLE UPPER,RATHCOYLE UPPER,FUZZY,83,1539,PENDING
wicklow-census-data.csv,NEWTOWNSAUNDERS,NEWTOWNSAUNDERS,,NO_MATCH,0,1539,NEEDS_REVIEW
wicklow-census-data.csv,RATHNABO,RATHNABO,,NO_MATCH,0,1539,NEEDS_REVIEW
wicklow-census-data.csv,MONEYSTOWN HILL,MONEYSTOWN HILL,,NO_MATCH,0,1539,NEEDS_REVIEW
wicklow-census-data.csv,KILLERK,KILLERK,,NO_MATCH,0,1539,NEEDS_REVIEW
wicklow-census-data.csv,CARRIGNAGOWER,CARRIGNAGOWER,,NO_MATCH,0,1539,NEEDS_REVIEW
wicklow-census-data.csv,MONEYTEIGE MIDDLE,MONEYTEIGE MIDDLE,,NO_MATCH,0,1539,NEEDS_REVIEW
wicklow-census-data.csv,BALLINVALLY UPPER (ED Ennereilly),BALLINVALLY UPPER (ED ENNEREILLY),,NO_MATCH,0,1539,NEEDS_REVIEW
wicklow-census-data.csv,ASHTOWN (Newcastle By),ASHTOWN (NEWCASTLE BY),,NO_MATCH,0,1539,NEEDS_REVIEW
wicklow-census-data.csv,GARRYDUFF,GARRYDUFF,,NO_MATCH,0,1539,NEEDS_REVIEW
wicklow-census-data.csv,FASSAROE,FASSAROE,,NO_MATCH,0,1539,NEEDS_REVIEW
wicklow-census-data.csv,DONARD DEMESNE WEST,DONARD DEMESNE WEST,,NO_MATCH,0,1539,NEEDS_REVIEW
wicklow-census-data.csv,BALLYKILLAGEER UPPER,BALLYKILLAGEER UPPER,,NO_MATCH,0,1539,NEEDS_REVIEW
wicklow-census-data.csv,DEERPARK (ED Blessington),DEERPARK (ED BLESSINGTON),,NO_MATCH,0,1539,NEEDS_REVIEW
wicklow-census-data.csv,BALLINVALLY LOWER (ED Arklow Rural),BALLINVALLY LOWER (ED ARKLOW RURAL),,NO_MATCH,0,1539,NEEDS_REVIEW
wicklow-census-data.csv,DUNGANSTOWN WEST,DUNGANSTOWN WEST,,NO_MATCH,0,1539,NEEDS_REVIEW
wicklow-census-data.csv,DONARD LOWER,DONARD LOWER,,NO_MATCH,0,1539,NEEDS_REVIEW
wicklow-census-data.csv,COOLAWINNIA,COOLAWINNIA,,NO_MATCH,0,1539,NEEDS_REVIEW
wicklow-census-data.csv,DO. FEVER HOSPITAL,DO. FEVER HOSPITAL,,NO_MATCH,0,1539,NEEDS_REVIEW
wicklow-census-data.csv,BALLYNASTOCKAN,BALLYNASTOCKAN,,NO_MATCH,0,1539,NEEDS_REVIEW
wicklow-census-data.csv,BALLYCOOG UPPER,BALLYCOOG UPPER,,NO_MATCH,0,1539,NEEDS_REVIEW
wicklow-census-data.csv,CARRAWAYSTICK,CARRAWAYSTICK,,NO_MATCH,0,1539,NEEDS_REVIEW
wicklow-census-data.csv,CARRIGMORE,CARRIGMORE,CARRIGROE,FUZZY,84,1539,PENDING
wicklow-census-data.csv,KNOCKNAMUCK UPPER,KNOCKNAMUCK UPPER,,NO_MATCH,0,1539,NEEDS_REVIEW
wicklow-census-data.csv,DRUMMIN EAST,DRUMMIN EAST,,NO_MATCH,0,1539,NEEDS_REVIEW
wicklow-census-data.csv,KILQUIGGIN TOWN,KILQUIGGIN TOWN,KILQUIGGIN,FUZZY,80,1539,PENDING
wicklow-census-data.csv,BALLYNERRIN LOWER,BALLYNERRIN LOWER,,NO_MATCH,0,1539,NEEDS_REVIEW
wicklow-census-data.csv,BALLYNABARNY,BALLYNABARNY,,NO_MATCH,0,1539,NEEDS_REVIEW
wicklow-census-data.csv,CHAPEL,CHAPEL,,NO_MATCH,0,1539,NEEDS_REVIEW
wicklow-census-data.csv,CARRIGLINNEEN,CARRIGLINNEEN,,NO_MATCH,0,1539,NEEDS_REVIEW
wicklow-census-data.csv,ARDANAIRY,ARDANAIRY,,NO_MATCH,0,1539,NEEDS_REVIEW
wicklow-census-data.csv,KILMULLIN (ED Newcastle Lower),KILMULLIN (ED NEWCASTLE LOWER),,NO_MATCH,0,1539,NEEDS_REVIEW
wicklow-census-data.csv,BERNAGH,BERNAGH,,NO_MATCH,0,1539,NEEDS_REVIEW
wicklow-census-data.csv,RATHGORRAGH LOWER,RATHGORRAGH LOWER,,NO_MATCH,0,1539,NEEDS_REVIEW
wicklow-census-data.csv,COOLROSS,COOLROSS,COOLROSS,EXACT,100,1539,APPROVED
wicklow-census-data.csv,BALLYRAINE LOWER,BALLYRAINE LOWER,BALLINGATE LOWER,FUZZY,81,1539,PENDING
wicklow-census-data.csv,AUGHRIM LOWER,AUGHRIM LOWER,,NO_MATCH,0,1539,NEEDS_REVIEW
wicklow-census-data.csv,COOLBOY,COOLBOY,COOLBOY,EXACT,100,1539,APPROVED
wicklow-census-data.csv,EADESTOWN SOUTH,EADESTOWN SOUTH,,NO_MATCH,0,1539,NEEDS_REVIEW
wicklow-census-data.csv,RAHEEN (Arklow By),RAHEEN (ARKLOW BY),,NO_MATCH,0,1539,NEEDS_REVIEW
wicklow-census-data.csv,POWERSCOURT DEMESNE,POWERSCOURT DEMESNE,,NO_MATCH,0,1539,NEEDS_REVIEW
wicklow-census-data.csv,KILBREFFY,KILBREFFY,,NO_MATCH,0,1539,NEEDS_REVIEW
wicklow-census-data.csv,MONGAN,MONGAN,,NO_MATCH,0,1539,NEEDS_REVIEW
wicklow-census-data.csv,COLLIGA,COLLIGA,,NO_MATCH,0,1539,NEEDS_REVIEW
wicklow-census-data.csv,JOHNSTOWN UPPER,JOHNSTOWN UPPER,,NO_MATCH,0,1539,NEEDS_REVIEW
wicklow-census-data.csv,BALLINABARNY,BALLINABARNY,,NO_MATCH,0,1539,NEEDS_REVIEW
wicklow-census-data.csv,BOLEYBAWN,BOLEYBAWN,BOLEYBAWN,EXACT,100,1539,APPROVED
wicklow-census-data.csv,GLASKENNY,GLASKENNY,,NO_MATCH,0,1539,NEEDS_REVIEW
wicklow-census-data.csv,MOYLISHA,MOYLISHA,MOYLISHA,EXACT,100,1539,APPROVED
wicklow-census-data.csv,KILLALISH UPPER,KILLALISH UPPER,,NO_MATCH,0,1539,NEEDS_REVIEW
wicklow-census-data.csv,MEETINGS,MEETINGS,,NO_MATCH,0,1539,NEEDS_REVIEW
wicklow-census-data.csv,TINNEHINCH,TINNEHINCH,,NO_MATCH,0,1539,NEEDS_REVIEW
wicklow-census-data.csv,MERGINSTOWN GLEN,MERGINSTOWN GLEN,,NO_MATCH,0,1539,NEEDS_REVIEW
wicklow-census-data.csv,GLASHINA,GLASHINA,,NO_MATCH,0,1539,NEEDS_REVIEW
wicklow-census-data.csv,DUNLAVIN LOWER,DUNLAVIN LOWER,,NO_MATCH,0,1539,NEEDS_REVIEW
wicklow-census-data.csv,BALLINACOR WEST,BALLINACOR WEST,BALLINACOR,FUZZY,80,1539,PENDING
wicklow-census-data.csv,ANNAGOLAN,ANNAGOLAN,,NO_MATCH,0,1539,NEEDS_REVIEW
wicklow-census-data.csv,CRONYKEERY,CRONYKEERY,,NO_MATCH,0,1539,NEEDS_REVIEW
wicklow-census-data.csv,KILCARNEY UPPER,KILCARNEY UPPER,KILCAVAN UPPER,FUZZY,83,1539,PENDING
wicklow-census-data.csv,PARKROE,PARKROE,PARKMORE,FUZZY,80,1539,PENDING
wicklow-census-data.csv,FIDDAN,FIDDAN,,NO_MATCH,0,1539,NEEDS_REVIEW
wicklow-census-data.csv,KENNYSTOWN,KENNYSTOWN,KENNYSTOWN,EXACT,100,1539,APPROVED
wicklow-census-data.csv,BALLINGUILEHILL,BALLINGUILEHILL,BALLINGUILEHILL,EXACT,100,1539,APPROVED
wicklow-census-data.csv,KILLAMOAT LOWER,KILLAMOAT LOWER,,NO_MATCH,0,1539,NEEDS_REVIEW
wicklow-census-data.csv,KNOCKANDARRAGH,KNOCKANDARRAGH,,NO_MATCH,0,1539,NEEDS_REVIEW
wicklow-census-data.csv,HOLDENSTOWN LOWER,HOLDENSTOWN LOWER,,NO_MATCH,0,1539,NEEDS_REVIEW
wicklow-census-data.csv,GRANGECON UPPER,GRANGECON UPPER,,NO_MATCH,0,1539,NEEDS_REVIEW
wicklow-census-data.csv,GRIFFINSTOWN UPPER,GRIFFINSTOWN UPPER,,NO_MATCH,0,1539,NEEDS_REVIEW
wicklow-census-data.csv,CLONKEEN,CLONKEEN,,NO_MATCH,0,1539,NEEDS_REVIEW
wicklow-census-data.csv,BALLYLOUGHLIN,BALLYLOUGHLIN,,NO_MATCH,0,1539,NEEDS_REVIEW
wicklow-census-data.csv,CHARLESLAND,CHARLESLAND,,NO_MATCH,0,1539,NEEDS_REVIEW
wicklow-census-data.csv,WHITEHILLS,WHITEHILLS,,NO_MATCH,0,1539,NEEDS_REVIEW
wicklow-census-data.csv,BALLYTRASNA,BALLYTRASNA,,NO_MATCH,0,1539,NEEDS_REVIEW
wicklow-census-data.csv,BALLYHOOK HILL,BALLYHOOK HILL,,NO_MATCH,0,1539,NEEDS_REVIEW
wicklow-census-data.csv,WARDS of TOBER,WARDS OF TOBER,,NO_MATCH,0,1539,NEEDS_REVIEW
wicklow-census-data.csv,KNOCKANRAHAN UPPER,KNOCKANRAHAN UPPER,,NO_MATCH,0,1539,NEEDS_REVIEW
wicklow-census-data.csv,DO GAOL,DO GAOL,,NO_MATCH,0,1539,NEEDS_REVIEW
wicklow-census-data.csv,CORRASILLAGH,CORRASILLAGH,,NO_MATCH,0,1539,NEEDS_REVIEW
wicklow-census-data.csv,GLENCAP COMMONS NORTH,GLENCAP COMMONS NORTH,,NO_MATCH,0,1539,NEEDS_REVIEW
wicklow-census-data.csv,BALLYGANNON MORE,BALLYGANNON MORE,,NO_MATCH,0,1539,NEEDS_REVIEW
wicklow-census-data.csv,KIPPURE,KIPPURE,,NO_MATCH,0,1539,NEEDS_REVIEW
wicklow-census-data.csv,BALLINACROW UPPER,BALLINACROW UPPER,,NO_MATCH,0,1539,NEEDS_REVIEW
wicklow-census-data.csv,BALLINARD,BALLINARD,BALLARD,FUZZY,88,1539,PENDING
wicklow-census-data.csv,COOLASTINGAN,COOLASTINGAN,,NO_MATCH,0,1539,NEEDS_REVIEW
wicklow-census-data.csv,SLIEVENAMOUGH PLAIN,SLIEVENAMOUGH PLAIN,SLIEVENAMOUGH PLAIN,EXACT,100,1539,APPROVED
wicklow-census-data.csv,SPINANS MIDDLE,SPINANS MIDDLE,,NO_MATCH,0,1539,NEEDS_REVIEW
wicklow-census-data.csv,ARKLOW TOWNSHIP,ARKLOW TOWNSHIP,,NO_MATCH,0,1539,NEEDS_REVIEW
wicklow-census-data.csv,LEOH,LEOH,,NO_MATCH,0,1539,NEEDS_REVIEW
wicklow-census-data.csv,KNOCKDOO,KNOCKDOO,,NO_MATCH,0,1539,NEEDS_REVIEW
wicklow-census-data.csv,DONAGHMORE,DONAGHMORE,,NO_MATCH,0,1539,NEEDS_REVIEW
wicklow-census-data.csv,BALLYGUILE MORE,BALLYGUILE MORE,,NO_MATCH,0,1539,NEEDS_REVIEW
wicklow-census-data.csv,SLATE,SLATE,,NO_MATCH,0,1539,NEEDS_REVIEW
wicklow-census-data.csv,KILMACREA LOWER,KILMACREA LOWER,,NO_MATCH,0,1539,NEEDS_REVIEW
wicklow-census-data.csv,CORBALLIS LOWER,CORBALLIS LOWER,,NO_MATCH,0,1539,NEEDS_REVIEW
wicklow-census-data.csv,BLANE,BLANE,,NO_MATCH,0,1539,NEEDS_REVIEW
wicklow-census-data.csv,BALLYDONNELL,BALLYDONNELL,BALLYCONNELL,FUZZY,92,1539,PENDING
wicklow-census-data.csv,STUDFIELD NORTH,STUDFIELD NORTH,,NO_MATCH,0,1539,NEEDS_REVIEW
wicklow-census-data.csv,MUCKDUFF UPPER,MUCKDUFF UPPER,,NO_MATCH,0,1539,NEEDS_REVIEW
wicklow-census-data.csv,LUMCLOON,LUMCLOON,LUMCLOON,EXACT,100,1539,APPROVED
wicklow-census-data.csv,BALLYNAMUDDAGH,BALLYNAMUDDAGH,,NO_MATCH,0,1539,NEEDS_REVIEW
wicklow-census-data.csv,SNUGBOROUGH,SNUGBOROUGH,,NO_MATCH,0,1539,NEEDS_REVIEW
wicklow-census-data.csv,TOGHER,TOGHER,,NO_MATCH,0,1539,NEEDS_REVIEW
wicklow-census-data.csv,CRONYHORN UPPER,CRONYHORN UPPER,CRONYHORN UPPER,EXACT,100,1539,APPROVED
wicklow-census-data.csv,BALLYDUFF,BALLYDUFF,,NO_MATCH,0,1539,NEEDS_REVIEW
wicklow-census-data.csv,BALLYVOLAN UPPER,BALLYVOLAN UPPER,,NO_MATCH,0,1539,NEEDS_REVIEW
wicklow-census-data.csv,BALLYORNEY,BALLYORNEY,,NO_MATCH,0,1539,NEEDS_REVIEW
wicklow-census-data.csv,LUGNAGUN LITTLE,LUGNAGUN LITTLE,,NO_MATCH,0,1539,NEEDS_REVIEW
wicklow-census-data.csv,KILMURRY,KILMURRY,,NO_MATCH,0,1539,NEEDS_REVIEW
wicklow-census-data.csv,STOOPS,STOOPS,STOOPS,EXACT,100,1539,APPROVED
wicklow-census-data.csv,COOLROE,COOLROE,COOLROE,EXACT,100,1539,APPROVED
wicklow-census-data.csv,MONEY BIG,MONEY BIG,,NO_MATCH,0,1539,NEEDS_REVIEW
wicklow-census-data.csv,LORRUG,LORRUG,,NO_MATCH,0,1539,NEEDS_REVIEW
wicklow-census-data.csv,ASHTOWN or BALLINAFUNSHOGE,ASHTOWN OR BALLINAFUNSHOGE,,NO_MATCH,0,1539,NEEDS_REVIEW
wicklow-census-data.csv,LACKAN,LACKAN,,NO_MATCH,0,1539,NEEDS_REVIEW
wicklow-census-data.csv,BALLYWALTRIN,BALLYWALTRIN,,NO_MATCH,0,1539,NEEDS_REVIEW
wicklow-census-data.csv,THREEMILEWATER,THREEMILEWATER,,NO_MATCH,0,1539,NEEDS_REVIEW
wicklow-census-data.csv,RATHNEW T,RATHNEW T,,NO_MATCH,0,1539,NEEDS_REVIEW
wicklow-census-data.csv,NEWCASTLE MIDDLE,NEWCASTLE MIDDLE,,NO_MATCH,0,1539,NEEDS_REVIEW
wicklow-census-data.csv,BALLYVRAGHAN,BALLYVRAGHAN,,NO_MATCH,0,1539,NEEDS_REVIEW
wicklow-census-data.csv,RAHEENAVINE,RAHEENAVINE,,NO_MATCH,0,1539,NEEDS_REVIEW
wicklow-census-data.csv,SCRATENAGH,SCRATENAGH,,NO_MATCH,0,1539,NEEDS_REVIEW
wicklow-census-data.csv,KINDLESTOWN LOWER,KINDLESTOWN LOWER,,NO_MATCH,0,1539,NEEDS_REVIEW
wicklow-census-data.csv,ONAGH,ONAGH,,NO_MATCH,0,1539,NEEDS_REVIEW
wicklow-census-data.csv,KNOCKNASTREILE,KNOCKNASTREILE,KNOCKNAGREE,FUZZY,80,1539,PENDING
wicklow-census-data.csv,BALLYCUMBER NORTH,BALLYCUMBER NORTH,BALLYCUMBER NORTH,EXACT,100,1539,APPROVED
wicklow-census-data.csv,DOWNSHILL,DOWNSHILL,,NO_MATCH,0,1539,NEEDS_REVIEW
wicklow-census-data.csv,LOCKSTOWN UPPER,LOCKSTOWN UPPER,,NO_MATCH,0,1539,NEEDS_REVIEW
wicklow-census-data.csv,ENNEREILLY,ENNEREILLY,,NO_MATCH,0,1539,NEEDS_REVIEW
wicklow-census-data.csv,BALLARD LOWER,BALLARD LOWER,,NO_MATCH,0,1539,NEEDS_REVIEW
wicklow-census-data.csv,CRONYHORN LOWER,CRONYHORN LOWER,CRONYHORN LOWER,EXACT,100,1539,APPROVED
wicklow-census-data.csv,BALLINGATE UPPER,BALLINGATE UPPER,BALLINGATE UPPER,EXACT,100,1539,APPROVED
wicklow-census-data.csv,SLEANAGLOGH,SLEANAGLOGH,,NO_MATCH,0,1539,NEEDS_REVIEW
wicklow-census-data.csv,EADESTOWN MIDDLE,EADESTOWN MIDDLE,,NO_MATCH,0,1539,NEEDS_REVIEW
wicklow-census-data.csv,KILMURRY NORTH,KILMURRY NORTH,,NO_MATCH,0,1539,NEEDS_REVIEW
wicklow-census-data.csv,BARNAMEELIA,BARNAMEELIA,,NO_MATCH,0,1539,NEEDS_REVIEW
wicklow-census-data.csv,BLACKPITS,BLACKPITS,,NO_MATCH,0,1539,NEEDS_REVIEW
wicklow-census-data.csv,CARRIG MOUNTAIN,CARRIG MOUNTAIN,,NO_MATCH,0,1539,NEEDS_REVIEW
wicklow-census-data.csv,COOKSTOWN,COOKSTOWN,,NO_MATCH,0,1539,NEEDS_REVIEW
wicklow-census-data.csv,DEERPARK (ED Powerscourt),DEERPARK (ED POWERSCOURT),,NO_MATCH,0,1539,NEEDS_REVIEW
wicklow-census-data.csv,LACKANDARRAGH LOWER,LACKANDARRAGH LOWER,,NO_MATCH,0,1539,NEEDS_REVIEW
wicklow-census-data.csv,LOUGHMOGUE LOWER,LOUGHMOGUE LOWER,,NO_MATCH,0,1539,NEEDS_REVIEW
wicklow-census-data.csv,BRITONSTOWN,BRITONSTOWN,,NO_MATCH,0,1539,NEEDS_REVIEW
wicklow-census-data.csv,DRUMREAGH,DRUMREAGH,,NO_MATCH,0,1539,NEEDS_REVIEW
wicklow-census-data.csv,KILQUIGGIN T,KILQUIGGIN T,KILQUIGGIN,FUZZY,91,1539,PENDING
wicklow-census-data.csv,BALLYMURRIN LOWER,BALLYMURRIN LOWER,,NO_MATCH,0,1539,NEEDS_REVIEW
wicklow-census-data.csv,CREHELP,CREHELP,,NO_MATCH,0,1539,NEEDS_REVIEW
wicklow-census-data.csv,BALLINAGORE,BALLINAGORE,BALLINACOR,FUZZY,86,1539,PENDING
wicklow-census-data.csv,DRUMMIN,DRUMMIN,DRUMMIN,EXACT,100,1539,APPROVED
wicklow-census-data.csv,CARRIGEENSHINNAGH,CARRIGEENSHINNAGH,,NO_MATCH,0,1539,NEEDS_REVIEW
wicklow-census-data.csv,KNOCKATEMPLE,KNOCKATEMPLE,,NO_MATCH,0,1539,NEEDS_REVIEW
wicklow-census-data.csv,BALLINACLOGH,BALLINACLOGH,BALLINACOR,FUZZY,82,1539,PENDING
wicklow-census-data.csv,TEMPLEMICHAEL,TEMPLEMICHAEL,,NO_MATCH,0,1539,NEEDS_REVIEW
wicklow-census-data.csv,RATHDANGAN,RATHDANGAN,,NO_MATCH,0,1539,NEEDS_REVIEW
wicklow-census-data.csv,KILBRIDE (Arklow By),KILBRIDE (ARKLOW BY),,NO_MATCH,0,1539,NEEDS_REVIEW
wicklow-census-data.csv,TOTAL OF BARONY,TOTAL OF BARONY,,NO_MATCH,0,1539,NEEDS_REVIEW
wicklow-census-data.csv,DRUMMIN WEST,DRUMMIN WEST,,NO_MATCH,0,1539,NEEDS_REVIEW
wicklow-census-data.csv,MANGER,MANGER,,NO_MATCH,0,1539,NEEDS_REVIEW
wicklow-census-data.csv,CASTLEQUARTER,CASTLEQUARTER,,NO_MATCH,0,1539,NEEDS_REVIEW
wicklow-census-data.csv,BUSHFIELD,BUSHFIELD,,NO_MATCH,0,1539,NEEDS_REVIEW
wicklow-census-data.csv,BALLYMERRIGAN,BALLYMERRIGAN,,NO_MATCH,0,1539,NEEDS_REVIEW
wicklow-census-data.csv,BALLYNURE,BALLYNURE,,NO_MATCH,0,1539,NEEDS_REVIEW
wicklow-census-data.csv,CANNOW MOUNTAIN,CANNOW MOUNTAIN,,NO_MATCH,0,1539,NEEDS_REVIEW
wicklow-census-data.csv,COOLGARROW,COOLGARROW,,NO_MATCH,0,1539,NEEDS_REVIEW
wicklow-census-data.csv,TIGLIN (ED Newcastle Lower),TIGLIN (ED NEWCASTLE LOWER),,NO_MATCH,0,1539,NEEDS_REVIEW
wicklow-census-data.csv,WOODSTOCK DEMESNE,WOODSTOCK DEMESNE,,NO_MATCH,0,1539,NEEDS_REVIEW
wicklow-census-data.csv,IRONGRANGE LOWER,IRONGRANGE LOWER,,NO_MATCH,0,1539,NEEDS_REVIEW
wicklow-census-data.csv,CRONYBYRNE DEMESNE,CRONYBYRNE DEMESNE,,NO_MATCH,0,1539,NEEDS_REVIEW
wicklow-census-data.csv,CORPORATION LANDS,CORPORATION LANDS,,NO_MATCH,0,1539,NEEDS_REVIEW
wicklow-census-data.csv,KILLOUGHTER,KILLOUGHTER,,NO_MATCH,0,1539,NEEDS_REVIEW
wicklow-census-data.csv,NEWRATH,NEWRATH,,NO_MATCH,0,1539,NEEDS_REVIEW
wicklow-census-data.csv,BALLINTOMBAY LOWER,BALLINTOMBAY LOWER,,NO_MATCH,0,1539,NEEDS_REVIEW
wicklow-census-data.csv,BOLLARNEY MURRAGH,BOLLARNEY MURRAGH,,NO_MATCH,0,1539,NEEDS_REVIEW
wicklow-census-data.csv,CORNAGOWER WEST,CORNAGOWER WEST,,NO_MATCH,0,1539,NEEDS_REVIEW
wicklow-census-data.csv,KNOCKNAMOHILL,KNOCKNAMOHILL,,NO_MATCH,0,1539,NEEDS_REVIEW
wicklow-census-data.csv,DUNBUR HEAD,DUNBUR HEAD,,NO_MATCH,0,1539,NEEDS_REVIEW
wicklow-census-data.csv,TULFARRIS,TULFARRIS,,NO_MATCH,0,1539,NEEDS_REVIEW
wicklow-census-data.csv,RATHMOON,RATHMOON,,NO_MATCH,0,1539,NEEDS_REVIEW
wicklow-census-data.csv,PREBAN,PREBAN,PREBAN,EXACT,100,1539,APPROVED
wicklow-census-data.csv,WALTERSTOWN,WALTERSTOWN,,NO_MATCH,0,1539,NEEDS_REVIEW
wicklow-census-data.csv,TOBER LOWER,TOBER LOWER,,NO_MATCH,0,1539,NEEDS_REVIEW
wicklow-census-data.csv,LUGGLASS LOWER,LUGGLASS LOWER,,NO_MATCH,0,1539,NEEDS_REVIEW
wicklow-census-data.csv,BALLYLAFFIN,BALLYLAFFIN,,NO_MATCH,0,1539,NEEDS_REVIEW
wicklow-census-data.csv,MACREDDIN WEST,MACREDDIN WEST,,NO_MATCH,0,1539,NEEDS_REVIEW
wicklow-census-data.csv,DERRYNAMUCK,DERRYNAMUCK,,NO_MATCH,0,1539,NEEDS_REVIEW
wicklow-census-data.csv,BALLYLUSK,BALLYLUSK,,NO_MATCH,0,1539,NEEDS_REVIEW
wicklow-census-data.csv,CARNEW T,CARNEW T,CARNEW,FUZZY,86,1539,PENDING
wicklow-census-data.csv,RATHGORRAGH UPPER,RATHGORRAGH UPPER,,NO_MATCH,0,1539,NEEDS_REVIEW
wicklow-census-data.csv,BALLYHUBBOCK LOWER,BALLYHUBBOCK LOWER,,NO_MATCH,0,1539,NEEDS_REVIEW
wicklow-census-data.csv,RATHDUFFMORE,RATHDUFFMORE,,NO_MATCH,0,1539,NEEDS_REVIEW
wicklow-census-data.csv,NEWBAWN,NEWBAWN,,NO_MATCH,0,1539,NEEDS_REVIEW
wicklow-census-data.csv,BALLYKEAN (Stringer),BALLYKEAN (STRINGER),,NO_MATCH,0,1539,NEEDS_REVIEW
wicklow-census-data.csv,MUCKDUFF LOWER,MUCKDUFF LOWER,,NO_MATCH,0,1539,NEEDS_REVIEW
wicklow-census-data.csv,KILMACOO UPPER,KILMACOO UPPER,,NO_MATCH,0,1539,NEEDS_REVIEW
wicklow-census-data.csv,UMRYGAR,UMRYGAR,UMRYGAR,EXACT,100,1539,APPROVED
wicklow-census-data.csv,CORPORATION LAND 2ND DIVISION,CORPORATION LAND 2ND DIVISION,,NO_MATCH,0,1539,NEEDS_REVIEW
wicklow-census-data.csv,BALLYREMON COMMONS,BALLYREMON COMMONS,,NO_MATCH,0,1539,NEEDS_REVIEW
wicklow-census-data.csv,KNOCKAQUIRK,KNOCKAQUIRK,,NO_MATCH,0,1539,NEEDS_REVIEW
wicklow-census-data.csv,GRANABEG LOWER,GRANABEG LOWER,,NO_MATCH,0,1539,NEEDS_REVIEW
wicklow-census-data.csv,MONALIN,MONALIN,,NO_MATCH,0,1539,NEEDS_REVIEW
wicklow-census-data.csv,BOLEYCARRIGEEN,BOLEYCARRIGEEN,,NO_MATCH,0,1539,NEEDS_REVIEW
wicklow-census-data.csv,LATHALEERE,LATHALEERE,,NO_MATCH,0,1539,NEEDS_REVIEW
wicklow-census-data.csv,BALLYBLA,BALLYBLA,,NO_MATCH,0,1539,NEEDS_REVIEW
wicklow-census-data.csv,KILCOAGH WEST,KILCOAGH WEST,,NO_MATCH,0,1539,NEEDS_REVIEW
wicklow-census-data.csv,BALLYMORRIS UPPER,BALLYMORRIS UPPER,,NO_MATCH,0,1539,NEEDS_REVIEW
wicklow-census-data.csv,DEERPARK (ED Coolattin),DEERPARK (ED COOLATTIN),,NO_MATCH,0,1539,NEEDS_REVIEW
wicklow-census-data.csv,BALLINALEA,BALLINALEA,BALLINGLEN,FUZZY,80,1539,PENDING
wicklow-census-data.csv,COOLMONEY,COOLMONEY,,NO_MATCH,0,1539,NEEDS_REVIEW
wicklow-census-data.csv,COURTFOYLE,COURTFOYLE,,NO_MATCH,0,1539,NEEDS_REVIEW
wicklow-census-data.csv,BALLYFOLAN,BALLYFOLAN,,NO_MATCH,0,1539,NEEDS_REVIEW
wicklow-census-data.csv,MAGHERAMORE,MAGHERAMORE,,NO_MATCH,0,1539,NEEDS_REVIEW
wicklow-census-data.csv,BALLYKILMURRY UPPER,BALLYKILMURRY UPPER,,NO_MATCH,0,1539,NEEDS_REVIEW
wicklow-census-data.csv,GRANGECON ROCKS,GRANGECON ROCKS,,NO_MATCH,0,1539,NEEDS_REVIEW
wicklow-census-data.csv,NEWRY,NEWRY,NEWRY,EXACT,100,1539,APPROVED
wicklow-census-data.csv,CROSSOGE,CROSSOGE,,NO_MATCH,0,1539,NEEDS_REVIEW
wicklow-census-data.csv,BONABROCKA,BONABROCKA,,NO_MATCH,0,1539,NEEDS_REVIEW
wicklow-census-data.csv,CARRIGNAMUCK,CARRIGNAMUCK,,NO_MATCH,0,1539,NEEDS_REVIEW
wicklow-census-data.csv,BALLYSALLAGH EAST,BALLYSALLAGH EAST,,NO_MATCH,0,1539,NEEDS_REVIEW
wicklow-census-data.csv,SEVENCHURCHES or CAMADERRY,SEVENCHURCHES OR CAMADERRY,,NO_MATCH,0,1539,NEEDS_REVIEW
wicklow-census-data.csv,ENNISKERRY,ENNISKERRY,,NO_MATCH,0,1539,NEEDS_REVIEW
wicklow-census-data.csv,ROSCATH,ROSCATH,,NO_MATCH,0,1539,NEEDS_REVIEW
wicklow-census-data.csv,KILLISKEY,KILLISKEY,,NO_MATCH,0,1539,NEEDS_REVIEW
wicklow-census-data.csv,DONARD UPPER,DONARD UPPER,,NO_MATCH,0,1539,NEEDS_REVIEW
wicklow-census-data.csv,GOLDENHILL,GOLDENHILL,,NO_MATCH,0,1539,NEEDS_REVIEW
wicklow-census-data.csv,BALLYMORRIS,BALLYMORRIS,,NO_MATCH,0,1539,NEEDS_REVIEW
wicklow-census-data.csv,BALLYRUSH,BALLYRUSH,,NO_MATCH,0,1539,NEEDS_REVIEW
wicklow-census-data.csv,BREAGURA,BREAGURA,,NO_MATCH,0,1539,NEEDS_REVIEW
wicklow-census-data.csv,RATHDUFFBEG,RATHDUFFBEG,,NO_MATCH,0,1539,NEEDS_REVIEW
wicklow-census-data.csv,BALLYNAGRAN (ED Dunganstown East),BALLYNAGRAN (ED DUNGANSTOWN EAST),,NO_MATCH,0,1539,NEEDS_REVIEW
wicklow-census-data.csv,BALLYCAPPLE HILL,BALLYCAPPLE HILL,,NO_MATCH,0,1539,NEEDS_REVIEW
wicklow-census-data.csv,KILCASHEL,KILCASHEL,,NO_MATCH,0,1539,NEEDS_REVIEW
wicklow-census-data.csv,RATHCOYLE UPPER,RATHCOYLE UPPER,RATHCOYLE UPPER,EXACT,100,1539,APPROVED
wicklow-census-data.csv,BLACKDITCHES LOWER,BLACKDITCHES LOWER,,NO_MATCH,0,1539,NEEDS_REVIEW
wicklow-census-data.csv,BALLYDONAREA,BALLYDONAREA,,NO_MATCH,0,1539,NEEDS_REVIEW
wicklow-census-data.csv,CRANAGH,CRANAGH,,NO_MATCH,0,1539,NEEDS_REVIEW
wicklow-census-data.csv,KELSHAMORE,KELSHAMORE,,NO_MATCH,0,1539,NEEDS_REVIEW
wicklow-census-data.csv,CLARA MORE,CLARA MORE,,NO_MATCH,0,1539,NEEDS_REVIEW
wicklow-census-data.csv,SHEEANABEG (Whaley),SHEEANABEG (WHALEY),,NO_MATCH,0,1539,NEEDS_REVIEW
wicklow-census-data.csv,TOBERLOWNAGH,TOBERLOWNAGH,TOBERLOWNAGH,EXACT,100,1539,APPROVED
wicklow-census-data.csv,LEAMORE UPPER,LEAMORE UPPER,,NO_MATCH,0,1539,NEEDS_REVIEW
wicklow-census-data.csv,KILCARRA EAST,KILCARRA EAST,,NO_MATCH,0,1539,NEEDS_REVIEW
wicklow-census-data.csv,CARRIG,CARRIG,CARRIGROE,FUZZY,80,1539,PENDING
wicklow-census-data.csv,BALLYHAD LOWER,BALLYHAD LOWER,,NO_MATCH,0,1539,NEEDS_REVIEW
wicklow-census-data.csv,BORKILL BEG,BORKILL BEG,,NO_MATCH,0,1539,NEEDS_REVIEW
wicklow-census-data.csv,COOLAKAY,COOLAKAY,,NO_MATCH,0,1539,NEEDS_REVIEW
wicklow-census-data.csv,RATHCOYLE LOWER,RATHCOYLE LOWER,RATHCOYLE LOWER,EXACT,100,1539,APPROVED
wicklow-census-data.csv,LOBAWN,LOBAWN,,NO_MATCH,0,1539,NEEDS_REVIEW
wicklow-census-data.csv,BALLYBEG,BALLYBEG,BALLYBEG,EXACT,100,1539,APPROVED
wicklow-census-data.csv,SANDYHILLS,SANDYHILLS,,NO_MATCH,0,1539,NEEDS_REVIEW
wicklow-census-data.csv,HEMPSTOWN,HEMPSTOWN,,NO_MATCH,0,1539,NEEDS_REVIEW
wicklow-census-data.csv,LOCKSTOWN LOWER,LOCKSTOWN LOWER,,NO_MATCH,0,1539,NEEDS_REVIEW
wicklow-census-data.csv,STILEBAWN,STILEBAWN,,NO_MATCH,0,1539,NEEDS_REVIEW
wicklow-census-data.csv,ROSAHANE,ROSAHANE,ROSBANE,FUZZY,80,1539,PENDING
wicklow-census-data.csv,SPINANS HILL,SPINANS HILL,,NO_MATCH,0,1539,NEEDS_REVIEW
wicklow-census-data.csv,CLOGH LOWER,CLOGH LOWER,,NO_MATCH,0,1539,NEEDS_REVIEW
wicklow-census-data.csv,TINODE,TINODE,,NO_MATCH,0,1539,NEEDS_REVIEW
wicklow-census-data.csv,BALLINTESKIN,BALLINTESKIN,,NO_MATCH,0,1539,NEEDS_REVIEW
wicklow-census-data.csv,BALLINGUILE,BALLINGUILE,BALLINGUILE,EXACT,100,1539,APPROVED
wicklow-census-data.csv,BALLINTRUER BEG,BALLINTRUER BEG,,NO_MATCH,0,1539,NEEDS_REVIEW
wicklow-census-data.csv,POWERSCOURT MOUNTAIN,POWERSCOURT MOUNTAIN,,NO_MATCH,0,1539,NEEDS_REVIEW
wicklow-census-data.csv,WICKLOW,WICKLOW,,NO_MATCH,0,1539,NEEDS_REVIEW
wicklow-census-data.csv,MONEYTEIGE SOUTH,MONEYTEIGE SOUTH,,NO_MATCH,0,1539,NEEDS_REVIEW
wicklow-census-data.csv,MANOFWAR,MANOFWAR,,NO_MATCH,0,1539,NEEDS_REVIEW
wicklow-census-data.csv,KILQUIGGIN,KILQUIGGIN,KILQUIGGIN,EXACT,100,1539,APPROVED
wicklow-census-data.csv,KILPOOLE UPPER,KILPOOLE UPPER,,NO_MATCH,0,1539,NEEDS_REVIEW
wicklow-census-data.csv,SHEEANA MORE,SHEEANA MORE,,NO_MATCH,0,1539,NEEDS_REVIEW
wicklow-census-data.csv,HOLLYBROOK,HOLLYBROOK,,NO_MATCH,0,1539,NEEDS_REVIEW
wicklow-census-data.csv,BALLYGAHAN UPPER,BALLYGAHAN UPPER,,NO_MATCH,0,1539,NEEDS_REVIEW
wicklow-census-data.csv,BALLYGANNON BEG,BALLYGANNON BEG,,NO_MATCH,0,1539,NEEDS_REVIEW
wicklow-census-data.csv,BYRNESHILL,BYRNESHILL,,NO_MATCH,0,1539,NEEDS_REVIEW
wicklow-census-data.csv,LEMONSTOWN,LEMONSTOWN,,NO_MATCH,0,1539,NEEDS_REVIEW
wicklow-census-data.csv,COOLALUG,COOLALUG,COOLALUG,EXACT,100,1539,APPROVED
wicklow-census-data.csv,ROTTENHILL,ROTTENHILL,,NO_MATCH,0,1539,NEEDS_REVIEW
wicklow-census-data.csv,GRIFFINSTOWN HILL,GRIFFINSTOWN HILL,,NO_MATCH,0,1539,NEEDS_REVIEW
wicklow-census-data.csv,RATHATTIN,RATHATTIN,,NO_MATCH,0,1539,NEEDS_REVIEW
wicklow-census-data.csv,BALLYKEAN (Annesley),BALLYKEAN (ANNESLEY),,NO_MATCH,0,1539,NEEDS_REVIEW
wicklow-census-data.csv,KILTEGAN,KILTEGAN,,NO_MATCH,0,1539,NEEDS_REVIEW
wicklow-census-data.csv,BALLINCLEA,BALLINCLEA,BALLINGLEN,FUZZY,80,1539,PENDING
wicklow-census-data.csv,CONNARY LOWER,CONNARY LOWER,,NO_MATCH,0,1539,NEEDS_REVIEW
wicklow-census-data.csv,GLENCAP COMMONS UPPER,GLENCAP COMMONS UPPER,,NO_MATCH,0,1539,NEEDS_REVIEW
wicklow-census-data.csv,FREYNESTOWNHILL,FREYNESTOWNHILL,,NO_MATCH,0,1539,NEEDS_REVIEW
wicklow-census-data.csv,BARAVORE,BARAVORE,,NO_MATCH,0,1539,NEEDS_REVIEW
wicklow-census-data.csv,TOORBOY,TOORBOY,TOORBOY,EXACT,100,1539,APPROVED
wicklow-census-data.csv,TOGHER BEG,TOGHER BEG,,NO_MATCH,0,1539,NEEDS_REVIEW
wicklow-census-data.csv,DO FEVER HOSPITAL,DO FEVER HOSPITAL,,NO_MATCH,0,1539,NEEDS_REVIEW
wicklow-census-data.csv,NEWCASTLE UPPER,NEWCASTLE UPPER,,NO_MATCH,0,1539,NEEDS_REVIEW
wicklow-census-data.csv,MONAGLOGH,MONAGLOGH,,NO_MATCH,0,1539,NEEDS_REVIEW
wicklow-census-data.csv,BALLINACORBEG,BALLINACORBEG,BALLINACOR,FUZZY,87,1539,PENDING
wicklow-census-data.csv,BALLINAHINCH (ED Newcastle Upper),BALLINAHINCH (ED NEWCASTLE UPPER),,NO_MATCH,0,1539,NEEDS_REVIEW
wicklow-census-data.csv,GREYSTONES T,GREYSTONES T,,NO_MATCH,0,1539,NEEDS_REVIEW
wicklow-census-data.csv,INCHANAPPA NORTH,INCHANAPPA NORTH,,NO_MATCH,0,1539,NEEDS_REVIEW
wicklow-census-data.csv,KILMANOGE,KILMANOGE,,NO_MATCH,0,1539,NEEDS_REVIEW
wicklow-census-data.csv,MEREPARK,MEREPARK,,NO_MATCH,0,1539,NEEDS_REVIEW
wicklow-census-data.csv,BALLYNAMONA,BALLYNAMONA,,NO_MATCH,0,1539,NEEDS_REVIEW
wicklow-census-data.csv,SPINANS WEST,SPINANS WEST,,NO_MATCH,0,1539,NEEDS_REVIEW
wicklow-census-data.csv,HAWKSTOWN UPPER,HAWKSTOWN UPPER,,NO_MATCH,0,1539,NEEDS_REVIEW
wicklow-census-data.csv,BALLYKEAN (Penrose),BALLYKEAN (PENROSE),,NO_MATCH,0,1539,NEEDS_REVIEW
wicklow-census-data.csv,TINAKELLY MURRAGH,TINAKELLY MURRAGH,,NO_MATCH,0,1539,NEEDS_REVIEW
wicklow-census-data.csv,BALLINRUSH,BALLINRUSH,,NO_MATCH,0,1539,NEEDS_REVIEW
wicklow-census-data.csv,BALLINACOOLEY,BALLINACOOLEY,,NO_MATCH,0,1539,NEEDS_REVIEW
wicklow-census-data.csv,BALLINASILLOGE,BALLINASILLOGE,,NO_MATCH,0,1539,NEEDS_REVIEW
wicklow-census-data.csv,COOLDROSS MIDDLE,COOLDROSS MIDDLE,,NO_MATCH,0,1539,NEEDS_REVIEW
wicklow-census-data.csv,BALLYVOLAN LOWER,BALLYVOLAN LOWER,,NO_MATCH,0,1539,NEEDS_REVIEW
wicklow-census-data.csv,NEWPADDOCKS,NEWPADDOCKS,,NO_MATCH,0,1539,NEEDS_REVIEW
wicklow-census-data.csv,PARKNASHAW,PARKNASHAW,,NO_MATCH,0,1539,NEEDS_REVIEW
wicklow-census-data.csv,BALLYHUBBOCK UPPER,BALLYHUBBOCK UPPER,,NO_MATCH,0,1539,NEEDS_REVIEW
wicklow-census-data.csv,SUGARLOAF,SUGARLOAF,,NO_MATCH,0,1539,NEEDS_REVIEW
wicklow-census-data.csv,TIGRONEY EAST,TIGRONEY EAST,,NO_MATCH,0,1539,NEEDS_REVIEW
wicklow-census-data.csv,KILMARTIN,KILMARTIN,,NO_MATCH,0,1539,NEEDS_REVIEW
wicklow-census-data.csv,KYLE,KYLE,KYLE,EXACT,100,1539,APPROVED
wicklow-census-data.csv,CURRAVANISH,CURRAVANISH,CURRAVANISH,EXACT,100,1539,APPROVED
wicklow-census-data.csv,LUGDUFF,LUGDUFF,LUGDUFF,EXACT,100,1539,APPROVED
wicklow-census-data.csv,CLONSHANNON,CLONSHANNON,,NO_MATCH,0,1539,NEEDS_REVIEW
wicklow-census-data.csv,GRANGECON DEMESNE,GRANGECON DEMESNE,,NO_MATCH,0,1539,NEEDS_REVIEW
wicklow-census-data.csv,BARONSTOWN LOWER,BARONSTOWN LOWER,,NO_MATCH,0,1539,NEEDS_REVIEW
wicklow-census-data.csv,STUDFIELD SOUTH,STUDFIELD SOUTH,,NO_MATCH,0,1539,NEEDS_REVIEW
wicklow-census-data.csv,TOTAL,TOTAL,,NO_MATCH,0,1539,NEEDS_REVIEW
wicklow-census-data.csv,BALLYGILLAROE,BALLYGILLAROE,,NO_MATCH,0,1539,NEEDS_REVIEW
wicklow-census-data.csv,RATHBALLYLONG,RATHBALLYLONG,,NO_MATCH,0,1539,NEEDS_REVIEW
wicklow-census-data.csv,BALLYGARRET,BALLYGARRET,,NO_MATCH,0,1539,NEEDS_REVIEW
wicklow-census-data.csv,TEMPLELYON UPPER,TEMPLELYON UPPER,,NO_MATCH,0,1539,NEEDS_REVIEW
wicklow-census-data.csv,BALLINTOBER,BALLINTOBER,,NO_MATCH,0,1539,NEEDS_REVIEW
wicklow-census-data.csv,MOYNE,MOYNE,MOYNE,EXACT,100,1539,APPROVED
wicklow-census-data.csv,MOUNTPLEASANT,MOUNTPLEASANT,MOUNTPLEASANT,EXACT,100,1539,APPROVED
wicklow-census-data.csv,BALLYNULTAGH,BALLYNULTAGH,BALLYNULTAGH,EXACT,100,1539,APPROVED
wicklow-census-data.csv,CASTLERUDDERY UPPER,CASTLERUDDERY UPPER,,NO_MATCH,0,1539,NEEDS_REVIEW
wicklow-census-data.csv,KILPOOLE LOWER,KILPOOLE LOWER,,NO_MATCH,0,1539,NEEDS_REVIEW
wicklow-census-data.csv,BLESSINGTON T,BLESSINGTON T,,NO_MATCH,0,1539,NEEDS_REVIEW
wicklow-census-data.csv,BALLINDERRY LOWER,BALLINDERRY LOWER,,NO_MATCH,0,1539,NEEDS_REVIEW
wicklow-census-data.csv,TOMACORK,TOMACORK,TOMACORK,EXACT,100,1539,APPROVED
wicklow-census-data.csv,KELSHABEG,KELSHABEG,,NO_MATCH,0,1539,NEEDS_REVIEW
wicklow-census-data.csv,MUSKEAGH,MUSKEAGH,MUSKEAGH,EXACT,100,1539,APPROVED
wicklow-census-data.csv,BLESSINGTON DEMESNE,BLESSINGTON DEMESNE,,NO_MATCH,0,1539,NEEDS_REVIEW
wicklow-census-data.csv,KILDAY,KILDAY,,NO_MATCH,0,1539,NEEDS_REVIEW
wicklow-census-data.csv,RATHSHANMORE EAST,RATHSHANMORE EAST,RATHSHANMORE EAST,EXACT,100,1539,APPROVED
wicklow-census-data.csv,TIGLIN (ED Ballycullen),TIGLIN (ED BALLYCULLEN),,NO_MATCH,0,1539,NEEDS_REVIEW
wicklow-census-data.csv,BALLARDPARK,BALLARDPARK,,NO_MATCH,0,1539,NEEDS_REVIEW
wicklow-census-data.csv,JOHNSTOWN LOWER,JOHNSTOWN LOWER,,NO_MATCH,0,1539,NEEDS_REVIEW
wicklow-census-data.csv,KILBAYLET LOWER,KILBAYLET LOWER,,NO_MATCH,0,1539,NEEDS_REVIEW
wicklow-census-data.csv,KILCARRA WEST,KILCARRA WEST,,NO_MATCH,0,1539,NEEDS_REVIEW
wicklow-census-data.csv,MULLANACRANNA,MULLANACRANNA,,NO_MATCH,0,1539,NEEDS_REVIEW
wicklow-census-data.csv,SHELTON ABBEY,SHELTON ABBEY,,NO_MATCH,0,1539,NEEDS_REVIEW
wicklow-census-data.csv,TINAHELY T,TINAHELY T,TINAHELY,FUZZY,89,1539,PENDING
wicklow-census-data.csv,DOWNINGS,DOWNINGS,,NO_MATCH,0,1539,NEEDS_REVIEW
wicklow-census-data.csv,BALLYMACAHARA,BALLYMACAHARA,,NO_MATCH,0,1539,NEEDS_REVIEW
wicklow-census-data.csv,MULLANS SOUTH,MULLANS SOUTH,MULLANS SOUTH,EXACT,100,1539,APPROVED
wicklow-census-data.csv,SLEAMAINE or BALLINVALLA,SLEAMAINE OR BALLINVALLA,,NO_MATCH,0,1539,NEEDS_REVIEW
wicklow-census-data.csv,CURRAGHLAWN,CURRAGHLAWN,CURRAGHLAWN,EXACT,100,1539,APPROVED
wicklow-census-data.csv,KILL,KILL,,NO_MATCH,0,1539,NEEDS_REVIEW
wicklow-census-data.csv,BALLYDONAGH,BALLYDONAGH,,NO_MATCH,0,1539,NEEDS_REVIEW
wicklow-census-data.csv,ARKLOW T,ARKLOW T,,NO_MATCH,0,1539,NEEDS_REVIEW
wicklow-census-data.csv,BRAY T PART OF (X),BRAY T PART OF (X),,NO_MATCH,0,1539,NEEDS_REVIEW
wicklow-census-data.csv,BLAKESTOWN LOWER,BLAKESTOWN LOWER,,NO_MATCH,0,1539,NEEDS_REVIEW
wicklow-census-data.csv,BONAGREW LITTLE,BONAGREW LITTLE,,NO_MATCH,0,1539,NEEDS_REVIEW
wicklow-census-data.csv,BALLEESE WOOD,BALLEESE WOOD,,NO_MATCH,0,1539,NEEDS_REVIEW
wicklow-census-data.csv,IRISHTOWN PARK,IRISHTOWN PARK,,NO_MATCH,0,1539,NEEDS_REVIEW
wicklow-census-data.csv,MONEYMEEN,MONEYMEEN,,NO_MATCH,0,1539,NEEDS_REVIEW
wicklow-census-data.csv,DUNLAVIN T,DUNLAVIN T,,NO_MATCH,0,1539,NEEDS_REVIEW
wicklow-census-data.csv,KILQUEENY,KILQUEENY,,NO_MATCH,0,1539,NEEDS_REVIEW
wicklow-census-data.csv,BALLYGUILE BEG,BALLYGUILE BEG,,NO_MATCH,0,1539,NEEDS_REVIEW
wicklow-census-data.csv,BALLYRAHEEN,BALLYRAHEEN,BALLYRAHEEN,EXACT,100,1539,APPROVED
wicklow-census-data.csv,KILLABEG,KILLABEG,KILLABEG,EXACT,100,1539,APPROVED
wicklow-census-data.csv,DERRYBAWN,DERRYBAWN,,NO_MATCH,0,1539,NEEDS_REVIEW
wicklow-census-data.csv,COOLAHULLIN,COOLAHULLIN,,NO_MATCH,0,1539,NEEDS_REVIEW
wicklow-census-data.csv,OLDPADDOCKS,OLDPADDOCKS,,NO_MATCH,0,1539,NEEDS_REVIEW
wicklow-census-data.csv,KEELOGE LOWER,KEELOGE LOWER,,NO_MATCH,0,1539,NEEDS_REVIEW
wicklow-census-data.csv,BAWNOGE (ED Rathdangan),BAWNOGE (ED RATHDANGAN),,NO_MATCH,0,1539,NEEDS_REVIEW
wicklow-census-data.csv,CORNAN EAST,CORNAN EAST,,NO_MATCH,0,1539,NEEDS_REVIEW
wicklow-census-data.csv,MERGINSTOWN,MERGINSTOWN,,NO_MATCH,0,1539,NEEDS_REVIEW
wicklow-census-data.csv,EADESTOWN HILL,EADESTOWN HILL,,NO_MATCH,0,1539,NEEDS_REVIEW
wicklow-census-data.csv,WICKLOW T,WICKLOW T,,NO_MATCH,0,1539,NEEDS_REVIEW
wicklow-census-data.csv,CASTLEMACADAM,CASTLEMACADAM,,NO_MATCH,0,1539,NEEDS_REVIEW
wicklow-census-data.csv,ROSSANA LOWER,ROSSANA LOWER,,NO_MATCH,0,1539,NEEDS_REVIEW
wicklow-census-data.csv,FURZEDITCH WEST,FURZEDITCH WEST,,NO_MATCH,0,1539,NEEDS_REVIEW
wicklow-census-data.csv,ROSBANE,ROSBANE,ROSBANE,EXACT,100,1539,APPROVED
wicklow-census-data.csv,LUGNAGROAGH,LUGNAGROAGH,,NO_MATCH,0,1539,NEEDS_REVIEW
wicklow-census-data.csv,CRONE UPPER,CRONE UPPER,MONEY UPPER,FUZZY,82,1539,PENDING
wicklow-census-data.csv,DEERPARK (ED Rathdangan),DEERPARK (ED RATHDANGAN),,NO_MATCH,0,1539,NEEDS_REVIEW
wicklow-census-data.csv,BAHANA,BAHANA,,NO_MATCH,0,1539,NEEDS_REVIEW
wicklow-census-data.csv,DRUMBAWN,DRUMBAWN,,NO_MATCH,0,1539,NEEDS_REVIEW
wicklow-census-data.csv,DOWNS T,DOWNS T,,NO_MATCH,0,1539,NEEDS_REVIEW
wicklow-census-data.csv,BALLYFOYLE,BALLYFOYLE,,NO_MATCH,0,1539,NEEDS_REVIEW
wicklow-census-data.csv,KILLAMOAT UPPER,KILLAMOAT UPPER,,NO_MATCH,0,1539,NEEDS_REVIEW
wicklow-census-data.csv,BALLYLEA,BALLYLEA,,NO_MATCH,0,1539,NEEDS_REVIEW
wicklow-census-data.csv,DONARD DEMESNE EAST,DONARD DEMESNE EAST,,NO_MATCH,0,1539,NEEDS_REVIEW
wicklow-census-data.csv,BALLYROGAN LOWER,BALLYROGAN LOWER,,NO_MATCH,0,1539,NEEDS_REVIEW
wicklow-census-data.csv,CULLENTRAGH PARK,CULLENTRAGH PARK,,NO_MATCH,0,1539,NEEDS_REVIEW
wicklow-census-data.csv,KILCANDRA (ED Dunganstown West),KILCANDRA (ED DUNGANSTOWN WEST),,NO_MATCH,0,1539,NEEDS_REVIEW
wicklow-census-data.csv,GLENTEIGE,GLENTEIGE,,NO_MATCH,0,1539,NEEDS_REVIEW
wicklow-census-data.csv,GLENDARRAGH,GLENDARRAGH,,NO_MATCH,0,1539,NEEDS_REVIEW
wicklow-census-data.csv,KILMALIN,KILMALIN,,NO_MATCH,0,1539,NEEDS_REVIEW
wicklow-census-data.csv,BALLYDOWLING,BALLYDOWLING,,NO_MATCH,0,1539,NEEDS_REVIEW
wicklow-census-data.csv,BALLYMONEY (ED Kilbride),BALLYMONEY (ED KILBRIDE),,NO_MATCH,0,1539,NEEDS_REVIEW
wicklow-census-data.csv,KILPEDDER EAST,KILPEDDER EAST,,NO_MATCH,0,1539,NEEDS_REVIEW
wicklow-census-data.csv,BAHANA (King),BAHANA (KING),,NO_MATCH,0,1539,NEEDS_REVIEW
wicklow-census-data.csv,BALLINTOMBAY,BALLINTOMBAY,,NO_MATCH,0,1539,NEEDS_REVIEW
wicklow-census-data.csv,RATHDRUM,RATHDRUM,,NO_MATCH,0,1539,NEEDS_REVIEW
wicklow-census-data.csv,COOLKENNA,COOLKENNA,COOLKENNA,EXACT,100,1539,APPROVED
wicklow-census-data.csv,DUNGANSTOWN EAST,DUNGANSTOWN EAST,,NO_MATCH,0,1539,NEEDS_REVIEW
wicklow-census-data.csv,PARKMORE (Page),PARKMORE (PAGE),PARKMORE (Page),EXACT,100,1539,APPROVED
wicklow-census-data.csv,COOLINARRIG UPPER,COOLINARRIG UPPER,,NO_MATCH,0,1539,NEEDS_REVIEW
wicklow-census-data.csv,BALLINAGAPPOGE,BALLINAGAPPOGE,,NO_MATCH,0,1539,NEEDS_REVIEW
wicklow-census-data.csv,BALISLAND,BALISLAND,BALISLAND,EXACT,100,1539,APPROVED
wicklow-census-data.csv,BALLYLUG,BALLYLUG,,NO_MATCH,0,1539,NEEDS_REVIEW
wicklow-census-data.csv,SLIEVEBOY UPPER,SLIEVEBOY UPPER,SLIEVEBOY UPPER,EXACT,100,1539,APPROVED
wicklow-census-data.csv,RATHSHANMORE WEST,RATHSHANMORE WEST,RATHSHANMORE WEST,EXACT,100,1539,APPROVED
wicklow-census-data.csv,CORNDOG,CORNDOG,CORNDOG,EXACT,100,1539,APPROVED
wicklow-census-data.csv,NEWCOURT,NEWCOURT,,NO_MATCH,0,1539,NEEDS_REVIEW
wicklow-census-data.csv,FERRYBANK,FERRYBANK,,NO_MATCH,0,1539,NEEDS_REVIEW
wicklow-census-data.csv,BLACKDITCH,BLACKDITCH,,NO_MATCH,0,1539,NEEDS_REVIEW
wicklow-census-data.csv,KNOCKAPHRUMPA,KNOCKAPHRUMPA,,NO_MATCH,0,1539,NEEDS_REVIEW
wicklow-census-data.csv,STRANAHELY,STRANAHELY,STRANAKELLY,FUZZY,86,1539,PENDING
wicklow-census-data.csv,BALLINAHINCH (ED Killiskey),BALLINAHINCH (ED KILLISKEY),,NO_MATCH,0,1539,NEEDS_REVIEW
wicklow-census-data.csv,LISHEENS,LISHEENS,,NO_MATCH,0,1539,NEEDS_REVIEW
wicklow-census-data.csv,TALBOTSTOWN UPPER,TALBOTSTOWN UPPER,,NO_MATCH,0,1539,NEEDS_REVIEW
wicklow-census-data.csv,MULLANNASKEAGH,MULLANNASKEAGH,MULLANNASKEAGH,EXACT,100,1539,APPROVED
wicklow-census-data.csv,KNOCKANREE UPPER,KNOCKANREE UPPER,,NO_MATCH,0,1539,NEEDS_REVIEW
wicklow-census-data.csv,TOGHER MORE,TOGHER MORE,,NO_MATCH,0,1539,NEEDS_REVIEW
wicklow-census-data.csv,DO INFIRMARY,DO INFIRMARY,,NO_MATCH,0,1539,NEEDS_REVIEW
wicklow-census-data.csv,BOLAGH LOWER,BOLAGH LOWER,,NO_MATCH,0,1539,NEEDS_REVIEW
wicklow-census-data.csv,MOUNT KENNEDY DEMESNE,MOUNT KENNEDY DEMESNE,,NO_MATCH,0,1539,NEEDS_REVIEW
wicklow-census-data.csv,MONAMUCK,MONAMUCK,,NO_MATCH,0,1539,NEEDS_REVIEW
wicklow-census-data.csv,BOLAGH UPPER,BOLAGH UPPER,,NO_MATCH,0,1539,NEEDS_REVIEW
wicklow-census-data.csv,MUCKLAGH (ED Ballinacor),MUCKLAGH (ED BALLINACOR),,NO_MATCH,0,1539,NEEDS_REVIEW
wicklow-census-data.csv,NEWTOWN (ED Wicklow Rural),NEWTOWN (ED WICKLOW RURAL),,NO_MATCH,0,1539,NEEDS_REVIEW
wicklow-census-data.csv,KNOCKIERAN LOWER,KNOCKIERAN LOWER,,NO_MATCH,0,1539,NEEDS_REVIEW
wicklow-census-data.csv,BROCKAGH TOWN,BROCKAGH TOWN,,NO_MATCH,0,1539,NEEDS_REVIEW
wicklow-census-data.csv,BALLYHOOK DEMESNE,BALLYHOOK DEMESNE,,NO_MATCH,0,1539,NEEDS_REVIEW
wicklow-census-data.csv,BALLANAGH,BALLANAGH,BALLAGH,FUZZY,88,1539,PENDING
wicklow-census-data.csv,BALLYCLOGH SOUTH,BALLYCLOGH SOUTH,,NO_MATCH,0,1539,NEEDS_REVIEW
wicklow-census-data.csv,CRAFFIELD,CRAFFIELD,,NO_MATCH,0,1539,NEEDS_REVIEW
wicklow-census-data.csv,BALLYHARA (ED Wicklow Rural),BALLYHARA (ED WICKLOW RURAL),,NO_MATCH,0,1539,NEEDS_REVIEW
wicklow-census-data.csv,BARNACLEAGH SOUTH,BARNACLEAGH SOUTH,,NO_MATCH,0,1539,NEEDS_REVIEW
wicklow-census-data.csv,BALLINABRANNAGH,BALLINABRANNAGH,,NO_MATCH,0,1539,NEEDS_REVIEW
wicklow-census-data.csv,RAHEENGLASS,RAHEENGLASS,RAHEENGLASS,EXACT,100,1539,APPROVED
wicklow-census-data.csv,BALLINROAN UPPER,BALLINROAN UPPER,BALLINGATE UPPER,FUZZY,81,1539,PENDING
wicklow-census-data.csv,KNOCKANDUFF,KNOCKANDUFF,,NO_MATCH,0,1539,NEEDS_REVIEW
wicklow-census-data.csv,GRANGECON HILL,GRANGECON HILL,,NO_MATCH,0,1539,NEEDS_REVIEW
wicklow-census-data.csv,HUMPHRYSTOWN,HUMPHRYSTOWN,,NO_MATCH,0,1539,NEEDS_REVIEW
wicklow-census-data.csv,KISH,KISH,,NO_MATCH,0,1539,NEEDS_REVIEW
wicklow-census-data.csv,FAUNA,FAUNA,,NO_MATCH,0,1539,NEEDS_REVIEW
wicklow-census-data.csv,FURZEDITCH EAST,FURZEDITCH EAST,,NO_MATCH,0,1539,NEEDS_REVIEW
wicklow-census-data.csv,TULLOWCLAY,TULLOWCLAY,TULLOWCLAY,EXACT,100,1539,APPROVED
wicklow-census-data.csv,GLEBE (ED Wicklow Rural),GLEBE (ED WICKLOW RURAL),,NO_MATCH,0,1539,NEEDS_REVIEW
wicklow-census-data.csv,CRISSADAUN,CRISSADAUN,,NO_MATCH,0,1539,NEEDS_REVIEW
wicklow-census-data.csv,IRISHTOWN,IRISHTOWN,,NO_MATCH,0,1539,NEEDS_REVIEW
wicklow-census-data.csv,BALLINAGEE,BALLINAGEE,BALLINGLEN,FUZZY,80,1539,PENDING
wicklow-census-data.csv,BALLYKNOCKER WEST,BALLYKNOCKER WEST,BALLYKNOCKER WEST,EXACT,100,1539,APPROVED
wicklow-census-data.csv,KILLADREENAN,KILLADREENAN,,NO_MATCH,0,1539,NEEDS_REVIEW
wicklow-census-data.csv,ROSTYDUFF LOWER,ROSTYDUFF LOWER,,NO_MATCH,0,1539,NEEDS_REVIEW
wicklow-census-data.csv,KILRUDDERY DEERPARK (ED Delgany),KILRUDDERY DEERPARK (ED DELGANY),,NO_MATCH,0,1539,NEEDS_REVIEW
wicklow-census-data.csv,OGHIL UPPER,OGHIL UPPER,,NO_MATCH,0,1539,NEEDS_REVIEW
wicklow-census-data.csv,YARDLAND,YARDLAND,,NO_MATCH,0,1539,NEEDS_REVIEW
wicklow-census-data.csv,BALLYBAWN UPPER,BALLYBAWN UPPER,,NO_MATCH,0,1539,NEEDS_REVIEW
wicklow-census-data.csv,CARRICK,CARRICK,CARRICK,EXACT,100,1539,APPROVED
wicklow-census-data.csv,BALLYROSS,BALLYROSS,,NO_MATCH,0,1539,NEEDS_REVIEW
wicklow-census-data.csv,BALLINACOR EAST,BALLINACOR EAST,BALLINACOR,FUZZY,80,1539,PENDING
wicklow-census-data.csv,KNOCKROBIN,KNOCKROBIN,,NO_MATCH,0,1539,NEEDS_REVIEW
wicklow-census-data.csv,CAMENABOLOGUE,CAMENABOLOGUE,,NO_MATCH,0,1539,NEEDS_REVIEW
wicklow-census-data.csv,DECOY,DECOY,,NO_MATCH,0,1539,NEEDS_REVIEW
wicklow-census-data.csv,CLOGHOGE,CLOGHOGE,,NO_MATCH,0,1539,NEEDS_REVIEW
wicklow-census-data.csv,TABLE MOUNTAIN,TABLE MOUNTAIN,,NO_MATCH,0,1539,NEEDS_REVIEW
wicklow-census-data.csv,BALLINACOR (ED Ballinacor),BALLINACOR (ED BALLINACOR),,NO_MATCH,0,1539,NEEDS_REVIEW
wicklow-census-data.csv,ROSTYDUFF UPPER,ROSTYDUFF UPPER,,NO_MATCH,0,1539,NEEDS_REVIEW
wicklow-census-data.csv,MACREDDIN EAST,MACREDDIN EAST,,NO_MATCH,0,1539,NEEDS_REVIEW
wicklow-census-data.csv,BALLYNERRIN (ED Kilcoole),BALLYNERRIN (ED KILCOOLE),,NO_MATCH,0,1539,NEEDS_REVIEW
wicklow-census-data.csv,BALLYBAWN LOWER,BALLYBAWN LOWER,,NO_MATCH,0,1539,NEEDS_REVIEW
wicklow-census-data.csv,MOUNTUSHER,MOUNTUSHER,,NO_MATCH,0,1539,NEEDS_REVIEW
wicklow-census-data.csv,HIGHPARK LOWER,HIGHPARK LOWER,,NO_MATCH,0,1539,NEEDS_REVIEW
wicklow-census-data.csv,KNOCKBANE,KNOCKBANE,,NO_MATCH,0,1539,NEEDS_REVIEW
wicklow-census-data.csv,COOLBEG,COOLBEG,,NO_MATCH,0,1539,NEEDS_REVIEW
wicklow-census-data.csv,BALLYCURRY DEMESNE,BALLYCURRY DEMESNE,,NO_MATCH,0,1539,NEEDS_REVIEW
wicklow-census-data.csv,KILQUADE,KILQUADE,,NO_MATCH,0,1539,NEEDS_REVIEW
wicklow-census-data.csv,SALLYMOUNT,SALLYMOUNT,,NO_MATCH,0,1539,NEEDS_REVIEW
wicklow-census-data.csv,KNOCKNABOLEY,KNOCKNABOLEY,KNOCKNABOLEY,EXACT,100,1539,APPROVED
wicklow-census-data.csv,TORNANT LOWER,TORNANT LOWER,,NO_MATCH,0,1539,NEEDS_REVIEW
wicklow-census-data.csv,KEELOGES,KEELOGES,,NO_MATCH,0,1539,NEEDS_REVIEW
wicklow-census-data.csv,RAHEENTEIGE,RAHEENTEIGE,RAHEENTEIGE,EXACT,100,1539,APPROVED
wicklow-census-data.csv,BALLYKILLAGEER LOWER,BALLYKILLAGEER LOWER,,NO_MATCH,0,1539,NEEDS_REVIEW
wicklow-census-data.csv,CRONROE,CRONROE,CRONE,FUZZY,83,1539,PENDING
wicklow-census-data.csv,BALLYKELLY,BALLYKELLY,BALLYKELLY,EXACT,100,1539,APPROVED
wicklow-census-data.csv,TOOMAN,TOOMAN,,NO_MATCH,0,1539,NEEDS_REVIEW
wicklow-census-data.csv,GLENEALY  T,GLENEALY  T,,NO_MATCH,0,1539,NEEDS_REVIEW
wicklow-census-data.csv,RANDALSTOWN,RANDALSTOWN,,NO_MATCH,0,1539,NEEDS_REVIEW
wicklow-census-data.csv,STRANAKELLY,STRANAKELLY,STRANAKELLY,EXACT,100,1539,APPROVED
wicklow-census-data.csv,CRONAKIP,CRONAKIP,,NO_MATCH,0,1539,NEEDS_REVIEW
wicklow-census-data.csv,BALLYSHANE,BALLYSHANE,,NO_MATCH,0,1539,NEEDS_REVIEW
wicklow-census-data.csv,KILBRIDE (Rathdown By),KILBRIDE (RATHDOWN BY),,NO_MATCH,0,1539,NEEDS_REVIEW
wicklow-census-data.csv,BALLYHARA (ED Dunganstown South),BALLYHARA (ED DUNGANSTOWN SOUTH),,NO_MATCH,0,1539,NEEDS_REVIEW
wicklow-census-data.csv,KILCOOLE T,KILCOOLE T,,NO_MATCH,0,1539,NEEDS_REVIEW
wicklow-census-data.csv,BALLINEDDAN MOUNTAIN,BALLINEDDAN MOUNTAIN,,NO_MATCH,0,1539,NEEDS_REVIEW
wicklow-census-data.csv,LACKAREAGH,LACKAREAGH,,NO_MATCH,0,1539,NEEDS_REVIEW
wicklow-census-data.csv,LYBAGH,LYBAGH,LYBAGH,EXACT,100,1539,APPROVED
wicklow-census-data.csv,BOLLARNEY NORTH,BOLLARNEY NORTH,,NO_MATCH,0,1539,NEEDS_REVIEW
wicklow-census-data.csv,CLARABEG NORTH,CLARABEG NORTH,,NO_MATCH,0,1539,NEEDS_REVIEW
wicklow-census-data.csv,ABBEYLANDS,ABBEYLANDS,,NO_MATCH,0,1539,NEEDS_REVIEW
wicklow-census-data.csv,TIMMORE,TIMMORE,,NO_MATCH,0,1539,NEEDS_REVIEW
wicklow-census-data.csv,BALLYLOW,BALLYLOW,,NO_MATCH,0,1539,NEEDS_REVIEW
wicklow-census-data.csv,KNOCKANANNA,KNOCKANANNA,,NO_MATCH,0,1539,NEEDS_REVIEW
wicklow-census-data.csv,GLEBE (ED Wicklow Urban),GLEBE (ED WICKLOW URBAN),,NO_MATCH,0,1539,NEEDS_REVIEW
wicklow-census-data.csv,DUNBUR UPPER,DUNBUR UPPER,,NO_MATCH,0,1539,NEEDS_REVIEW
wicklow-census-data.csv,MULLANS NORTH,MULLANS NORTH,MULLANS NORTH,EXACT,100,1539,APPROVED
wicklow-census-data.csv,SPINANS EAST,SPINANS EAST,,NO_MATCH,0,1539,NEEDS_REVIEW
wicklow-census-data.csv,AUGHRIM UPPER,AUGHRIM UPPER,,NO_MATCH,0,1539,NEEDS_REVIEW
wicklow-census-data.csv,WHITESTOWN UPPER,WHITESTOWN UPPER,,NO_MATCH,0,1539,NEEDS_REVIEW
wicklow-census-data.csv,DELGANY T,DELGANY T,,NO_MATCH,0,1539,NEEDS_REVIEW
wicklow-census-data.csv,RATHCOT,RATHCOT,RATHCOT,EXACT,100,1539,APPROVED
wicklow-census-data.csv,SCURLOGUE,SCURLOGUE,,NO_MATCH,0,1539,NEEDS_REVIEW
wicklow-census-data.csv,BALLYNAVORTHA,BALLYNAVORTHA,BALLYNAVORTHA,EXACT,100,1539,APPROVED
wicklow-census-data.csv,BALLYHURTIM,BALLYHURTIM,,NO_MATCH,0,1539,NEEDS_REVIEW
wicklow-census-data.csv,AGHAVANNAGH (Revell),AGHAVANNAGH (REVELL),,NO_MATCH,0,1539,NEEDS_REVIEW
wicklow-census-data.csv,BALLYSIZE UPPER,BALLYSIZE UPPER,,NO_MATCH,0,1539,NEEDS_REVIEW
wicklow-census-data.csv,KNOCKRATH BIG,KNOCKRATH BIG,,NO_MATCH,0,1539,NEEDS_REVIEW
wicklow-census-data.csv,DUNBUR LOWER,DUNBUR LOWER,,NO_MATCH,0,1539,NEEDS_REVIEW
wicklow-census-data.csv,BARNBAWN,BARNBAWN,,NO_MATCH,0,1539,NEEDS_REVIEW
wicklow-census-data.csv,MERRYMEETING,MERRYMEETING,,NO_MATCH,0,1539,NEEDS_REVIEW
wicklow-census-data.csv,KILMACURRA EAST,KILMACURRA EAST,,NO_MATCH,0,1539,NEEDS_REVIEW
wicklow-census-data.csv,BALLYHOOK,BALLYHOOK,BALLYSHONOG,FUZZY,80,1539,PENDING
wicklow-census-data.csv,BALLINABARNY SOUTH,BALLINABARNY SOUTH,,NO_MATCH,0,1539,NEEDS_REVIEW
wicklow-census-data.csv,MULLYCAGH UPPER,MULLYCAGH UPPER,,NO_MATCH,0,1539,NEEDS_REVIEW
wicklow-census-data.csv,PARKNASILLOGE,PARKNASILLOGE,,NO_MATCH,0,1539,NEEDS_REVIEW
wicklow-census-data.csv,BLAINROE UPPER,BLAINROE UPPER,,NO_MATCH,0,1539,NEEDS_REVIEW
wicklow-census-data.csv,KNOCKNAGILKY LOWER,KNOCKNAGILKY LOWER,,NO_MATCH,0,1539,NEEDS_REVIEW
wicklow-census-data.csv,RAHEEN (ED Baltinglass),RAHEEN (ED BALTINGLASS),,NO_MATCH,0,1539,NEEDS_REVIEW
wicklow-census-data.csv,COOLDROSS LOWER,COOLDROSS LOWER,,NO_MATCH,0,1539,NEEDS_REVIEW
wicklow-census-data.csv,MOANVAWN,MOANVAWN,,NO_MATCH,0,1539,NEEDS_REVIEW
wicklow-census-data.csv,HAWKSTOWN LOWER,HAWKSTOWN LOWER,,NO_MATCH,0,1539,NEEDS_REVIEW
wicklow-census-data.csv,KNOCKARIGG DEMESNE,KNOCKARIGG DEMESNE,,NO_MATCH,0,1539,NEEDS_REVIEW
wicklow-census-data.csv,COOLAGAD,COOLAGAD,,NO_MATCH,0,1539,NEEDS_REVIEW
wicklow-census-data.csv,BALLYLION LOWER,BALLYLION LOWER,,NO_MATCH,0,1539,NEEDS_REVIEW
wicklow-census-data.csv,KILCOOLE,KILCOOLE,,NO_MATCH,0,1539,NEEDS_REVIEW
wicklow-census-data.csv,ARKLOW TOWNSHIP PART OF (F),ARKLOW TOWNSHIP PART OF (F),,NO_MATCH,0,1539,NEEDS_REVIEW
wicklow-census-data.csv,WHITEROCK,WHITEROCK,WHITEROCK,EXACT,100,1539,APPROVED
wicklow-census-data.csv,BALLYCURRAGH,BALLYCURRAGH,,NO_MATCH,0,1539,NEEDS_REVIEW
wicklow-census-data.csv,MONEYMORE,MONEYMORE,,NO_MATCH,0,1539,NEEDS_REVIEW
wicklow-census-data.csv,KILLAVENY,KILLAVENY,KILLAVENY,EXACT,100,1539,APPROVED
wicklow-census-data.csv,TOBERPATRICK,TOBERPATRICK,TOBERPATRICK,EXACT,100,1539,APPROVED
wicklow-census-data.csv,SEABANK,SEABANK,,NO_MATCH,0,1539,NEEDS_REVIEW
wicklow-census-data.csv,TINAKELLY,TINAKELLY,TINAHELY,FUZZY,82,1539,PENDING
wicklow-census-data.csv,BURGAGE MORE,BURGAGE MORE,,NO_MATCH,0,1539,NEEDS_REVIEW
wicklow-census-data.csv,SLANEY PARK,SLANEY PARK,,NO_MATCH,0,1539,NEEDS_REVIEW
wicklow-census-data.csv,WICKLOW T PT OF (W),WICKLOW T PT OF (W),,NO_MATCH,0,1539,NEEDS_REVIEW
wicklow-census-data.csv,DOODYS BOTTOMS,DOODYS BOTTOMS,,NO_MATCH,0,1539,NEEDS_REVIEW
wicklow-census-data.csv,SROUGHAN,SROUGHAN,,NO_MATCH,0,1539,NEEDS_REVIEW
wicklow-census-data.csv,BALLYROOAUN,BALLYROOAUN,,NO_MATCH,0,1539,NEEDS_REVIEW
wicklow-census-data.csv,SCALP,SCALP,,NO_MATCH,0,1539,NEEDS_REVIEW
wicklow-census-data.csv,CARRYCOLE,CARRYCOLE,,NO_MATCH,0,1539,NEEDS_REVIEW
wicklow-census-data.csv,KILNAMANAGH BEG,KILNAMANAGH BEG,,NO_MATCH,0,1539,NEEDS_REVIEW
wicklow-census-data.csv,BELLINGLEN,BELLINGLEN,BALLINGLEN,FUZZY,90,1539,PENDING
wicklow-census-data.csv,DUNRANHILL,DUNRANHILL,,NO_MATCH,0,1539,NEEDS_REVIEW
wicklow-census-data.csv,TEMPLERAINY,TEMPLERAINY,,NO_MATCH,0,1539,NEEDS_REVIEW
wicklow-census-data.csv,BALLYMANUS,BALLYMANUS,,NO_MATCH,0,1539,NEEDS_REVIEW
wicklow-census-data.csv,CHERRYMOUNT,CHERRYMOUNT,,NO_MATCH,0,1539,NEEDS_REVIEW
wicklow-census-data.csv,KILCOAGH EAST,KILCOAGH EAST,,NO_MATCH,0,1539,NEEDS_REVIEW
wicklow-census-data.csv,BARNACLEAGH EAST,BARNACLEAGH EAST,,NO_MATCH,0,1539,NEEDS_REVIEW
wicklow-census-data.csv,ANNACRIVEY,ANNACRIVEY,,NO_MATCH,0,1539,NEEDS_REVIEW
wicklow-census-data.csv,BALLYSHEEMAN,BALLYSHEEMAN,,NO_MATCH,0,1539,NEEDS_REVIEW
wicklow-census-data.csv,CASTLERUDDERY LOWER,CASTLERUDDERY LOWER,,NO_MATCH,0,1539,NEEDS_REVIEW
wicklow-census-data.csv,LUGNAGUN GREAT,LUGNAGUN GREAT,,NO_MATCH,0,1539,NEEDS_REVIEW
wicklow-census-data.csv,CULLEN LOWER,CULLEN LOWER,,NO_MATCH,0,1539,NEEDS_REVIEW
wicklow-census-data.csv,BALLYDUFF LOWER,BALLYDUFF LOWER,,NO_MATCH,0,1539,NEEDS_REVIEW
wicklow-census-data.csv,BOLEYNASS UPPER,BOLEYNASS UPPER,,NO_MATCH,0,1539,NEEDS_REVIEW
wicklow-census-data.csv,BROUGHILLS HILL,BROUGHILLS HILL,,NO_MATCH,0,1539,NEEDS_REVIEW
wicklow-census-data.csv,ASKINTINNY,ASKINTINNY,,NO_MATCH,0,1539,NEEDS_REVIEW
wicklow-census-data.csv,BRAY TOWNSHIP PT OF (H),BRAY TOWNSHIP PT OF (H),,NO_MATCH,0,1539,NEEDS_REVIEW
wicklow-census-data.csv,RATH,RATH,RATH,EXACT,100,1539,APPROVED
wicklow-census-data.csv,KILBRIDE (ED Dunganstown East),KILBRIDE (ED DUNGANSTOWN EAST),,NO_MATCH,0,1539,NEEDS_REVIEW
wicklow-census-data.csv,MULLYCAGH LOWER,MULLYCAGH LOWER,,NO_MATCH,0,1539,NEEDS_REVIEW
wicklow-census-data.csv,KNOCKANOOKER UPPER,KNOCKANOOKER UPPER,,NO_MATCH,0,1539,NEEDS_REVIEW
wicklow-census-data.csv,CORPORATION LAND (1st Division),CORPORATION LAND (1ST DIVISION),,NO_MATCH,0,1539,NEEDS_REVIEW
wicklow-census-data.csv,BALTYNANIMA,BALTYNANIMA,,NO_MATCH,0,1539,NEEDS_REVIEW
wicklow-census-data.csv,BELLEVUE DEMESNE,BELLEVUE DEMESNE,,NO_MATCH,0,1539,NEEDS_REVIEW
wicklow-census-data.csv,RAHEENGRANEY,RAHEENGRANEY,RAHEENGRANEY,EXACT,100,1539,APPROVED
wicklow-census-data.csv,BALLYSIZE LOWER,BALLYSIZE LOWER,,NO_MATCH,0,1539,NEEDS_REVIEW
wicklow-census-data.csv,KILLEAGH,KILLEAGH,,NO_MATCH,0,1539,NEEDS_REVIEW
wicklow-census-data.csv,BALLYMACSIMON,BALLYMACSIMON,,NO_MATCH,0,1539,NEEDS_REVIEW
wicklow-census-data.csv,SHILLELAGH T,SHILLELAGH T,,NO_MATCH,0,1539,NEEDS_REVIEW
wicklow-census-data.csv,CRICKAWN,CRICKAWN,,NO_MATCH,0,1539,NEEDS_REVIEW
wicklow-census-data.csv,MULLANS,MULLANS,,NO_MATCH,0,1539,NEEDS_REVIEW
wicklow-census-data.csv,KILLOUGH UPPER,KILLOUGH UPPER,,NO_MATCH,0,1539,NEEDS_REVIEW
wicklow-census-data.csv,CARRIGATHEME,CARRIGATHEME,CARRIGATHEME,EXACT,100,1539,APPROVED
wicklow-census-data.csv,REDCROSS T,REDCROSS T,,NO_MATCH,0,1539,NEEDS_REVIEW
wicklow-census-data.csv,COONANSTOWN,COONANSTOWN,,NO_MATCH,0,1539,NEEDS_REVIEW
wicklow-census-data.csv,CROSSCOOLHARBOUR,CROSSCOOLHARBOUR,,NO_MATCH,0,1539,NEEDS_REVIEW
wicklow-census-data.csv,DUNBOYKE,DUNBOYKE,,NO_MATCH,0,1539,NEEDS_REVIEW
wicklow-census-data.csv,BLACKROCK,BLACKROCK,,NO_MATCH,0,1539,NEEDS_REVIEW
wicklow-census-data.csv,KILTIMON,KILTIMON,,NO_MATCH,0,1539,NEEDS_REVIEW
wicklow-census-data.csv,BALLYGAHAN LOWER,BALLYGAHAN LOWER,,NO_MATCH,0,1539,NEEDS_REVIEW
wicklow-census-data.csv,COOLAFLAKE,COOLAFLAKE,,NO_MATCH,0,1539,NEEDS_REVIEW
wicklow-census-data.csv,KILLOUGH LOWER,KILLOUGH LOWER,,NO_MATCH,0,1539,NEEDS_REVIEW
wicklow-census-data.csv,AGHAVANNAGH (Ram),AGHAVANNAGH (RAM),,NO_MATCH,0,1539,NEEDS_REVIEW
wicklow-census-data.csv,KILCAVAN LOWER,KILCAVAN LOWER,KILCAVAN LOWER,EXACT,100,1539,APPROVED
wicklow-census-data.csv,EADESTOWN NORTH,EADESTOWN NORTH,,NO_MATCH,0,1539,NEEDS_REVIEW
wicklow-census-data.csv,BALLYTOOLE UPPER,BALLYTOOLE UPPER,,NO_MATCH,0,1539,NEEDS_REVIEW
wicklow-census-data.csv,TEMPLECARRIG LOWER,TEMPLECARRIG LOWER,,NO_MATCH,0,1539,NEEDS_REVIEW
wicklow-census-data.csv,BALLYNAGRAN (ED Glenealy),BALLYNAGRAN (ED GLENEALY),,NO_MATCH,0,1539,NEEDS_REVIEW
wicklow-census-data.csv,BALLYMAGHROE,BALLYMAGHROE,BALLYMARROGE,FUZZY,83,1539,PENDING
wicklow-census-data.csv,ENNISBOYNE,ENNISBOYNE,,NO_MATCH,0,1539,NEEDS_REVIEW
wicklow-census-data.csv,BARRANISKY EAST,BARRANISKY EAST,,NO_MATCH,0,1539,NEEDS_REVIEW
wicklow-census-data.csv,BALLYPHILIP,BALLYPHILIP,,NO_MATCH,0,1539,NEEDS_REVIEW
wicklow-census-data.csv,RATHSALLAGH,RATHSALLAGH,,NO_MATCH,0,1539,NEEDS_REVIEW
wicklow-census-data.csv,BALLYNASCULLOGE UPPER,BALLYNASCULLOGE UPPER,,NO_MATCH,0,1539,NEEDS_REVIEW
wicklow-census-data.csv,KILBALLYOWEN,KILBALLYOWEN,KILBALLYOWEN,EXACT,100,1539,APPROVED
wicklow-census-data.csv,COOLADOYLE,COOLADOYLE,,NO_MATCH,0,1539,NEEDS_REVIEW
wicklow-census-data.csv,BALLYBRACK BEG,BALLYBRACK BEG,,NO_MATCH,0,1539,NEEDS_REVIEW
wicklow-census-data.csv,TIMULLIN,TIMULLIN,,NO_MATCH,0,1539,NEEDS_REVIEW
wicklow-census-data.csv,KILLACLORAN,KILLACLORAN,,NO_MATCH,0,1539,NEEDS_REVIEW
wicklow-census-data.csv,BRUSSELSTOWN,BRUSSELSTOWN,,NO_MATCH,0,1539,NEEDS_REVIEW
wicklow-census-data.csv,COOLAFANCY,COOLAFANCY,COOLAFANCY,EXACT,100,1539,APPROVED
wicklow-census-data.csv,MILL LAND,MILL LAND,MILL LAND,EXACT,100,1539,APPROVED
wicklow-census-data.csv,DRUMMIN (ED Ballingate),DRUMMIN (ED BALLINGATE),,NO_MATCH,0,1539,NEEDS_REVIEW
wicklow-census-data.csv,BALLYKNOCKER,BALLYKNOCKER,BALLYKNOCKER,EXACT,100,1539,APPROVED
wicklow-census-data.csv,BALLYNURE PARK,BALLYNURE PARK,,NO_MATCH,0,1539,NEEDS_REVIEW
wicklow-census-data.csv,NEWTOWN Mt. KENNEDY,NEWTOWN MT. KENNEDY,,NO_MATCH,0,1539,NEEDS_REVIEW
wicklow-census-data.csv,POWERSCOURT PADDOCK,POWERSCOURT PADDOCK,,NO_MATCH,0,1539,NEEDS_REVIEW
wicklow-census-data.csv,BALLYARTHUR,BALLYARTHUR,,NO_MATCH,0,1539,NEEDS_REVIEW
wicklow-census-data.csv,SRAGHMORE,SRAGHMORE,,NO_MATCH,0,1539,NEEDS_REVIEW
wicklow-census-data.csv,KNOCKATOMCOYLE,KNOCKATOMCOYLE,KNOCKATOMCOYLE,EXACT,100,1539,APPROVED
wicklow-census-data.csv,KNOXTERSHILL,KNOXTERSHILL,,NO_MATCH,0,1539,NEEDS_REVIEW
wicklow-census-data.csv,KNOCKFADDA,KNOCKFADDA,,NO_MATCH,0,1539,NEEDS_REVIEW
wicklow-census-data.csv,TOMANIERIN LOWER,TOMANIERIN LOWER,,NO_MATCH,0,1539,NEEDS_REVIEW
wicklow-census-data.csv,KNICKEEN,KNICKEEN,KNOCKEEN,FUZZY,88,1539,PENDING
wicklow-census-data.csv,BUTTER MOUNTAIN,BUTTER MOUNTAIN,,NO_MATCH,0,1539,NEEDS_REVIEW
wicklow-census-data.csv,SROUGHMORE,SROUGHMORE,,NO_MATCH,0,1539,NEEDS_REVIEW
wicklow-census-data.csv,KILNAMANAGH MORE,KILNAMANAGH MORE,,NO_MATCH,0,1539,NEEDS_REVIEW
wicklow-census-data.csv,BOLEYNASS LOWER,BOLEYNASS LOWER,,NO_MATCH,0,1539,NEEDS_REVIEW
wicklow-census-data.csv,KILLISKEY T,KILLISKEY T,,NO_MATCH,0,1539,NEEDS_REVIEW
wicklow-census-data.csv,GOWLE,GOWLE,GOWLE,EXACT,100,1539,APPROVED
wicklow-census-data.csv,COWPASTURE,COWPASTURE,,NO_MATCH,0,1539,NEEDS_REVIEW
wicklow-census-data.csv,WHITESTOWN LOWER,WHITESTOWN LOWER,,NO_MATCH,0,1539,NEEDS_REVIEW
wicklow-census-data.csv,BRITTAS,BRITTAS,,NO_MATCH,0,1539,NEEDS_REVIEW
wicklow-census-data.csv,MONEYLANE,MONEYLANE,,NO_MATCH,0,1539,NEEDS_REVIEW
wicklow-census-data.csv,KILCARNEY LOWER,KILCARNEY LOWER,KILCAVAN LOWER,FUZZY,83,1539,PENDING
wicklow-census-data.csv,BARRADERRY NORTH,BARRADERRY NORTH,,NO_MATCH,0,1539,NEEDS_REVIEW
wicklow-census-data.csv,MONEYSTOWN SOUTH,MONEYSTOWN SOUTH,,NO_MATCH,0,1539,NEEDS_REVIEW
wicklow-census-data.csv,INCHANAPPA SOUTH,INCHANAPPA SOUTH,,NO_MATCH,0,1539,NEEDS_REVIEW
wicklow-census-data.csv,GLENNASHOUK,GLENNASHOUK,GLENNASHOUK,EXACT,100,1539,APPROVED
wicklow-census-data.csv,MINMORE,MINMORE,MINMORE,EXACT,100,1539,APPROVED
wicklow-census-data.csv,ENGLISHTOWN,ENGLISHTOWN,,NO_MATCH,0,1539,NEEDS_REVIEW
wicklow-census-data.csv,BALLYDUFF NORTH,BALLYDUFF NORTH,,NO_MATCH,0,1539,NEEDS_REVIEW
wicklow-census-data.csv,BALLYREASK,BALLYREASK,,NO_MATCH,0,1539,NEEDS_REVIEW
wicklow-census-data.csv,PADDOCK,PADDOCK,,NO_MATCH,0,1539,NEEDS_REVIEW
wicklow-census-data.csv,BALLYKNOCKAN T,BALLYKNOCKAN T,,NO_MATCH,0,1539,NEEDS_REVIEW
wicklow-census-data.csv,CUNNIAMSTOWN BIG,CUNNIAMSTOWN BIG,,NO_MATCH,0,1539,NEEDS_REVIEW
wicklow-census-data.csv,HARRISTOWN,HARRISTOWN,,NO_MATCH,0,1539,NEEDS_REVIEW
wicklow-census-data.csv,NEWTOWNMOUNTKENNEDY T,NEWTOWNMOUNTKENNEDY T,,NO_MATCH,0,1539,NEEDS_REVIEW
wicklow-census-data.csv,CHARLEVILLE DEMESNE,CHARLEVILLE DEMESNE,,NO_MATCH,0,1539,NEEDS_REVIEW
wicklow-census-data.csv,MANGANS,MANGANS,MANGANS,EXACT,100,1539,APPROVED
wicklow-census-data.csv,BALLINFOYLE LOWER,BALLINFOYLE LOWER,,NO_MATCH,0,1539,NEEDS_REVIEW
wicklow-census-data.csv,TUCKMILL UPPER,TUCKMILL UPPER,,NO_MATCH,0,1539,NEEDS_REVIEW
wicklow-census-data.csv,BALLYCORE,BALLYCORE,,NO_MATCH,0,1539,NEEDS_REVIEW
wicklow-census-data.csv,STUMP of the CASTLE,STUMP OF THE CASTLE,,NO_MATCH,0,1539,NEEDS_REVIEW
wicklow-census-data.csv,BALLYDOWLING HILL,BALLYDOWLING HILL,,NO_MATCH,0,1539,NEEDS_REVIEW
wicklow-census-data.csv,LONGHILL COMMONS,LONGHILL COMMONS,,NO_MATCH,0,1539,NEEDS_REVIEW
wicklow-census-data.csv,DEERPARK (ED Baltinglass),DEERPARK (ED BALTINGLASS),,NO_MATCH,0,1539,NEEDS_REVIEW
wicklow-census-data.csv,ASKANAGAP,ASKANAGAP,,NO_MATCH,0,1539,NEEDS_REVIEW
wicklow-census-data.csv,KNOCKROBIN MURRAGH,KNOCKROBIN MURRAGH,,NO_MATCH,0,1539,NEEDS_REVIEW
wicklow-census-data.csv,TOMDARRAGH,TOMDARRAGH,,NO_MATCH,0,1539,NEEDS_REVIEW
