townland_name,has_parish,has_barony,has_county,detected_at
ABBEYLANDS,False,False,False,2026-06-09
ASKINTINNY,False,False,False,2026-06-09
BALLINABANOGE,False,False,False,2026-06-09
BALLINTOMBAY,False,False,False,2026-06-09
BALLYDUFF,False,False,False,2026-06-09
BALLYDUFF NORTH,False,False,False,2026-06-09
BALLYDUFF SOUTH,False,False,False,2026-06-09
BALLYGRIFFIN,False,False,False,2026-06-09
BALLYNATTIN,False,False,False,2026-06-09
BALLYRAINE LOWER,False,False,False,2026-06-09
BALLYRAINE MIDDLE,False,False,False,2026-06-09
BALLYRAINE UPPER,False,False,False,2026-06-09
BALLYROOAUN,False,False,False,2026-06-09
BOGLAND,False,False,False,2026-06-09
CLOGGA,False,False,False,2026-06-09
COOLADANGAN,False,False,False,2026-06-09
COOLASTINGAN,False,False,False,2026-06-09
CRONELUSK,False,False,False,2026-06-09
CURRANSTOWN LOWER,False,False,False,2026-06-09
CURRANSTOWN UPPER,False,False,False,2026-06-09
ECAWN,False,False,False,2026-06-09
GLENART,False,False,False,2026-06-09
KILCARRA EAST,False,False,False,2026-06-09
KILCARRA WEST,False,False,False,2026-06-09
KILMURRY LOWER,False,False,False,2026-06-09
KILMURRY MIDDLE,False,False,False,2026-06-09
KILMURRY UPPER,False,False,False,2026-06-09
KISH,False,False,False,2026-06-09
KNOCKANRAHAN LOWER,False,False,False,2026-06-09
KNOCKANRAHAN UPPER,False,False,False,2026-06-09
KNOCKANREE,False,False,False,2026-06-09
LAMBERTON,False,False,False,2026-06-09
MONEY BIG,False,False,False,2026-06-09
MONEYLANE,False,False,False,2026-06-09
MONEY LITTLE,False,False,False,2026-06-09
MONGAN,False,False,False,2026-06-09
PARK ED ARKLOW RURAL,False,False,False,2026-06-09
POLLAHONEY,False,False,False,2026-06-09
ROCK BIG,False,False,False,2026-06-09
ROCKBOG,False,False,False,2026-06-09
ROCK LITTLE,False,False,False,2026-06-09
ROSTYGAH,False,False,False,2026-06-09
SHEEPHOUSE,False,False,False,2026-06-09
SPRINGFIELD,False,False,False,2026-06-09
THOMASTOWN,False,False,False,2026-06-09
TINAHASK LOWER,False,False,False,2026-06-09
TINAHASK UPPER,False,False,False,2026-06-09
YARDLAND,False,False,False,2026-06-09
NAN,False,False,False,2026-06-09
ARKLOW T,False,False,False,2026-06-09
ARKLOW TOWNSHIP,False,False,False,2026-06-09
DO FEVER HOSPITAL,False,False,False,2026-06-09
TOTAL,False,False,False,2026-06-09
BALLINAGORE,False,False,False,2026-06-09
BALLINASILLOGE,False,False,False,2026-06-09
BALLINTEMPLE,False,False,False,2026-06-09
BALLYCOOG LOWER,False,False,False,2026-06-09
BALLYCOOG UPPER,False,False,False,2026-06-09
BALLYKILLAGEER LOWER,False,False,False,2026-06-09
BALLYKILLAGEER UPPER,False,False,False,2026-06-09
COOLAHULLIN,False,False,False,2026-06-09
COOLGARROW,False,False,False,2026-06-09
MONEYTEIGE MIDDLE,False,False,False,2026-06-09
MONEYTEIGE NORTH,False,False,False,2026-06-09
MONEYTEIGE SOUTH,False,False,False,2026-06-09
BALLANAGH,False,False,False,2026-06-09
BALLINABARNY NORTH,False,False,False,2026-06-09
BALLINABARNY SOUTH,False,False,False,2026-06-09
BALLINAMONA,False,False,False,2026-06-09
BALLINAPARK,False,False,False,2026-06-09
BALLINASTRAW,False,False,False,2026-06-09
BALLINVALLY VALENTINE,False,False,False,2026-06-09
BALLINVALLY WISDOM,False,False,False,2026-06-09
BALLYARTHUR,False,False,False,2026-06-09
BALLYCOOLEEN,False,False,False,2026-06-09
BALLYGAHAN LOWER,False,False,False,2026-06-09
BALLYGAHAN UPPER,False,False,False,2026-06-09
BALLYMONEEN,False,False,False,2026-06-09
BALLYMURTAGH,False,False,False,2026-06-09
CASTLEHOWARD,False,False,False,2026-06-09
CASTLEMACADAM,False,False,False,2026-06-09
CHERRYMOUNT,False,False,False,2026-06-09
CONNARY LOWER,False,False,False,2026-06-09
CONNARY UPPER,False,False,False,2026-06-09
CRONEBANE,False,False,False,2026-06-09
GARNAGOWLAN,False,False,False,2026-06-09
KILCASHEL,False,False,False,2026-06-09
KILMACOO,False,False,False,2026-06-09
KILMACOO UPPER,False,False,False,2026-06-09
KILMAGIG LOWER,False,False,False,2026-06-09
KILMAGIG UPPER,False,False,False,2026-06-09
KILQUEENY,False,False,False,2026-06-09
KINGSTON,False,False,False,2026-06-09
KNOCKANDUFF,False,False,False,2026-06-09
KNOCKANODE,False,False,False,2026-06-09
KNOCKANREE LOWER,False,False,False,2026-06-09
KNOCKANREE UPPER,False,False,False,2026-06-09
KNOCKNAMOHILL,False,False,False,2026-06-09
PARKNASHAW,False,False,False,2026-06-09
POLLAPHUCA,False,False,False,2026-06-09
RAHEENAVINE,False,False,False,2026-06-09
ROCKSTOWN LOWER,False,False,False,2026-06-09
ROCKSTOWN UPPER,False,False,False,2026-06-09
SLIEVENAVODE,False,False,False,2026-06-09
SROUGHMORE,False,False,False,2026-06-09
TEMPLELUSK,False,False,False,2026-06-09
TIGRONEY EAST,False,False,False,2026-06-09
TIGRONEY WEST,False,False,False,2026-06-09
TINNAHINCH,False,False,False,2026-06-09
ASHTOWN NEWCASTLE BY,False,False,False,2026-06-09
BALLYGONNELL,False,False,False,2026-06-09
BALLYHARA ED WICKLOW RURAL,False,False,False,2026-06-09
BALLYNERRIN LOWER,False,False,False,2026-06-09
BALLYNERRIN UPPER,False,False,False,2026-06-09
BLACKDITCH,False,False,False,2026-06-09
HAWKSTOWN LOWER,False,False,False,2026-06-09
HAWKSTOWN UPPER,False,False,False,2026-06-09
KNOCKAQUIRK,False,False,False,2026-06-09
NEWTOWN ED WICKLOW RURAL,False,False,False,2026-06-09
RAHEENMORE,False,False,False,2026-06-09
TOBERAVILLER,False,False,False,2026-06-09
WICKLOW T,False,False,False,2026-06-09
BALLARD LOWER,False,False,False,2026-06-09
BALLARD UPPER,False,False,False,2026-06-09
BALLINACLEA,False,False,False,2026-06-09
BALLINACOR EAST,False,False,False,2026-06-09
BALLINACOR WEST,False,False,False,2026-06-09
BALLINAMEESDA LOWER,False,False,False,2026-06-09
BALLINAMEESDA UPPER,False,False,False,2026-06-09
BALLINCLARE,False,False,False,2026-06-09
BALLYCAPPLE,False,False,False,2026-06-09
BALLYCAPPLE HILL,False,False,False,2026-06-09
BALLYCLOGH NORTH,False,False,False,2026-06-09
BALLYCLOGH SOUTH,False,False,False,2026-06-09
BALLYDOWLING,False,False,False,2026-06-09
BALLYFLANIGAN,False,False,False,2026-06-09
BALLYGANNON BEG,False,False,False,2026-06-09
BALLYGANNON MORE,False,False,False,2026-06-09
BALLYHARA ED DUNGANSTOWN SOUTH,False,False,False,2026-06-09
BALLYHERRIG,False,False,False,2026-06-09
BALLYKEPPOGE,False,False,False,2026-06-09
BALLYMONEY ED DUNGANSTOWN EAST,False,False,False,2026-06-09
BALLYMURRIN LOWER,False,False,False,2026-06-09
BALLYMURRIN UPPER,False,False,False,2026-06-09
BALLYNACARRIG,False,False,False,2026-06-09
BALLYNAGRAN ED DUNGANSTOWN EAST,False,False,False,2026-06-09
BALLYNAPARK,False,False,False,2026-06-09
BALLYSALLAGH EAST,False,False,False,2026-06-09
BALLYSALLAGH WEST,False,False,False,2026-06-09
BALLYVALTRON,False,False,False,2026-06-09
BELLPARK,False,False,False,2026-06-09
BOLAGH LOWER,False,False,False,2026-06-09
BOLAGH UPPER,False,False,False,2026-06-09
BONABROCKA,False,False,False,2026-06-09
BONAGREW,False,False,False,2026-06-09
BONAGREW LITTLE,False,False,False,2026-06-09
BRITTAS,False,False,False,2026-06-09
CARRIGMORE,False,False,False,2026-06-09
CASTLETIMON,False,False,False,2026-06-09
CLOGHOGE,False,False,False,2026-06-09
COOLACORK,False,False,False,2026-06-09
CORNAGOWER EAST,False,False,False,2026-06-09
CORNAGOWER WEST,False,False,False,2026-06-09
CRANAGH,False,False,False,2026-06-09
CRONAKIP,False,False,False,2026-06-09
CULLEN LOWER,False,False,False,2026-06-09
CULLEN UPPER,False,False,False,2026-06-09
CUNNIAMSTOWN BIG,False,False,False,2026-06-09
CUNNIAMSTOWN LITTLE,False,False,False,2026-06-09
DUNGANSTOWN EAST,False,False,False,2026-06-09
DUNGANSTOWN WEST,False,False,False,2026-06-09
ENNISBOYNE,False,False,False,2026-06-09
FURZEDITCH EAST,False,False,False,2026-06-09
FURZEDITCH WEST,False,False,False,2026-06-09
GORMANSTOWN,False,False,False,2026-06-09
KILBOY,False,False,False,2026-06-09
KILBRIDE ED DUNGANSTOWN EAST,False,False,False,2026-06-09
KILCANDRA ED DUNGANSTOWN WEST,False,False,False,2026-06-09
KILMACURRA EAST,False,False,False,2026-06-09
KILMACURRA WEST,False,False,False,2026-06-09
KILMANOGE,False,False,False,2026-06-09
MAGHERABEG,False,False,False,2026-06-09
MAGHERAMORE,False,False,False,2026-06-09
NEWBAWN,False,False,False,2026-06-09
RAHERD,False,False,False,2026-06-09
ROSCATH,False,False,False,2026-06-09
THREEMILEWATER,False,False,False,2026-06-09
TOGHER,False,False,False,2026-06-09
TONLEGEE,False,False,False,2026-06-09
TULLYLUSK,False,False,False,2026-06-09
WESTASTON DEMESNE,False,False,False,2026-06-09
WESTASTON HILL,False,False,False,2026-06-09
BALLINAMEESDA T,False,False,False,2026-06-09
ARDNABOY,False,False,False,2026-06-09
BALLINASKEA,False,False,False,2026-06-09
BALLYMOYLE,False,False,False,2026-06-09
BALLYTUNNY,False,False,False,2026-06-09
CLONPADDEN,False,False,False,2026-06-09
COOLMORE,False,False,False,2026-06-09
ENNEREILLY,False,False,False,2026-06-09
KILPATRICK,False,False,False,2026-06-09
SALLYMOUNT,False,False,False,2026-06-09
SCRATENAGH,False,False,False,2026-06-09
BALLINACLOGH,False,False,False,2026-06-09
BALLINTESKIN,False,False,False,2026-06-09
BALLYNAGRAN ED GLENEALY,False,False,False,2026-06-09
COOLBEG,False,False,False,2026-06-09
KILCANDRA ED GLENEALY,False,False,False,2026-06-09
KILNAMANAGH BEG,False,False,False,2026-06-09
KILNAMANAGH MORE,False,False,False,2026-06-09
JOHNSTOWN HILL,False,False,False,2026-06-09
JOHNSTOWN LOWER,False,False,False,2026-06-09
JOHNSTOWN UPPER,False,False,False,2026-06-09
SLIEVEDUFF,False,False,False,2026-06-09
BALLINABRANNAGH,False,False,False,2026-06-09
BALLINAHEESE,False,False,False,2026-06-09
BALLINAKILL,False,False,False,2026-06-09
BALLINCLEA,False,False,False,2026-06-09
BALLYMONEY ED KILBRIDE,False,False,False,2026-06-09
BALLYRICHARD,False,False,False,2026-06-09
BARRANISKY EAST,False,False,False,2026-06-09
BARRANISKY WEST,False,False,False,2026-06-09
CARRYCOLE,False,False,False,2026-06-09
FERRYBANK,False,False,False,2026-06-09
GLENTEIGE,False,False,False,2026-06-09
JOHNSTOWN NORTH,False,False,False,2026-06-09
JOHNSTOWN SOUTH,False,False,False,2026-06-09
KEELOGE,False,False,False,2026-06-09
KILBRIDE ARKLOW BY,False,False,False,2026-06-09
KILLEAGH,False,False,False,2026-06-09
KILLINISKYDUFF,False,False,False,2026-06-09
MARSH,False,False,False,2026-06-09
RAHEEN ARKLOW BY,False,False,False,2026-06-09
SEABANK,False,False,False,2026-06-09
SHEEPWALK,False,False,False,2026-06-09
SHELTON,False,False,False,2026-06-09
SHELTON ABBEY,False,False,False,2026-06-09
SNUGBOROUGH,False,False,False,2026-06-09
TEMPLEMICHAEL,False,False,False,2026-06-09
TEMPLERAINY,False,False,False,2026-06-09
TIKNOCK,False,False,False,2026-06-09
ARKLOW TOWNSHIP PART OF F,False,False,False,2026-06-09
BALLEESE LOWER,False,False,False,2026-06-09
BALLEESE UPPER,False,False,False,2026-06-09
BALLEESE WOOD,False,False,False,2026-06-09
BALLINDOYLE,False,False,False,2026-06-09
GLASNARGET SOUTH,False,False,False,2026-06-09
KEELOGES,False,False,False,2026-06-09
MOUNTLUSK,False,False,False,2026-06-09
TICLASH,False,False,False,2026-06-09
TIMULLIN,False,False,False,2026-06-09
BALLINVALLY,False,False,False,2026-06-09
BALLINVALLY LOWER ED ARKLOW RURAL,False,False,False,2026-06-09
BALLINVALLY UPPER ED ARKLOW RURAL,False,False,False,2026-06-09
BALLYRUSH,False,False,False,2026-06-09
BARNACLEAGH EAST,False,False,False,2026-06-09
BARNACLEAGH NORTH,False,False,False,2026-06-09
BARNACLEAGH SOUTH,False,False,False,2026-06-09
CLONWILLIAM,False,False,False,2026-06-09
KILLAHURLER LOWER,False,False,False,2026-06-09
KILLAHURLER UPPER,False,False,False,2026-06-09
KNOCKMILLER,False,False,False,2026-06-09
MONAGLOGH,False,False,False,2026-06-09
MOORESHILL,False,False,False,2026-06-09
RAHEENLEAGH,False,False,False,2026-06-09
SLIEVEFOORE,False,False,False,2026-06-09
BALLYGUILE BEG,False,False,False,2026-06-09
BALLYGUILE MORE,False,False,False,2026-06-09
BLAINROE LOWER,False,False,False,2026-06-09
BLAINROE UPPER,False,False,False,2026-06-09
CORPORATION LANDS,False,False,False,2026-06-09
DUNBUR HEAD,False,False,False,2026-06-09
DUNBUR LOWER,False,False,False,2026-06-09
DUNBUR UPPER,False,False,False,2026-06-09
KILPOOLE HILL,False,False,False,2026-06-09
KILPOOLE LOWER,False,False,False,2026-06-09
KILPOOLE UPPER,False,False,False,2026-06-09
DO INFIRMARY,False,False,False,2026-06-09
DO GAOL,False,False,False,2026-06-09
BALLINTIM,False,False,False,2026-06-09
BALLINVALLY LOWER ED ENNEREILLY,False,False,False,2026-06-09
BALLINVALLY UPPER ED ENNEREILLY,False,False,False,2026-06-09
BALLYDONNELL,False,False,False,2026-06-09
BALLYGILLAROE,False,False,False,2026-06-09
BALLYKEAN ANNESLEY,False,False,False,2026-06-09
BALLYKEAN PENROSE,False,False,False,2026-06-09
BALLYKEAN STRINGER,False,False,False,2026-06-09
BALLYNAMONA,False,False,False,2026-06-09
BALLYROGAN LOWER,False,False,False,2026-06-09
BALLYROGAN UPPER,False,False,False,2026-06-09
BLINDWOOD,False,False,False,2026-06-09
CHAPEL,False,False,False,2026-06-09
COOLANEARL,False,False,False,2026-06-09
CRONE LOWER,False,False,False,2026-06-09
CRONE UPPER,False,False,False,2026-06-09
KILMACREA LOWER,False,False,False,2026-06-09
KILMACREA UPPER,False,False,False,2026-06-09
KILMURRY NORTH,False,False,False,2026-06-09
KILMURRY SOUTH,False,False,False,2026-06-09
OGHIL LOWER,False,False,False,2026-06-09
OGHIL UPPER,False,False,False,2026-06-09
RAHAVAL,False,False,False,2026-06-09
REDCROSS,False,False,False,2026-06-09
SPRINGFARM,False,False,False,2026-06-09
TEMPLELYON LOWER,False,False,False,2026-06-09
TEMPLELYON UPPER,False,False,False,2026-06-09
REDCROSS T,False,False,False,2026-06-09
TOTAL OF BARONY,False,False,False,2026-06-09
BALLINASTOE,False,False,False,2026-06-09
BALLINRUSH,False,False,False,2026-06-09
GLASNAMULLEN,False,False,False,2026-06-09
MULLINAVEIGE,False,False,False,2026-06-09
SLEAMAINE OR BALLINVALLA,False,False,False,2026-06-09
SRAGHMORE,False,False,False,2026-06-09
ASHTOWN OR BALLINAFUNSHOGE,False,False,False,2026-06-09
BALLINACORBEG,False,False,False,2026-06-09
BALTYNANIMA,False,False,False,2026-06-09
BROCKAGH,False,False,False,2026-06-09
CARRIGEENDUFF,False,False,False,2026-06-09
CARRIGEENSHINNAGH,False,False,False,2026-06-09
CASTLEKEVIN,False,False,False,2026-06-09
DERRYBAWN,False,False,False,2026-06-09
GLEBE ED GLENDALOUGH,False,False,False,2026-06-09
LARAGH EAST,False,False,False,2026-06-09
LARAGH WEST,False,False,False,2026-06-09
RAHEEN ED GLENDALOUGH,False,False,False,2026-06-09
ROUNDWOOD,False,False,False,2026-06-09
SEVENCHURCHES OR CAMADERRY,False,False,False,2026-06-09
TOGHER BEG,False,False,False,2026-06-09
TOGHER MORE,False,False,False,2026-06-09
TOMDARRAGH,False,False,False,2026-06-09
TOMRILAND,False,False,False,2026-06-09
BROCKAGH TOWN,False,False,False,2026-06-09
BALLARDPARK,False,False,False,2026-06-09
BALLINABARNY,False,False,False,2026-06-09
BALLINATUNSHOGE,False,False,False,2026-06-09
BALLINAGONEEN,False,False,False,2026-06-09
BALLINTOMBAY LOWER,False,False,False,2026-06-09
BALLINTOMBAY UPPER,False,False,False,2026-06-09
BALLYBOY,False,False,False,2026-06-09
BALLYBRAID,False,False,False,2026-06-09
BALLYLUG,False,False,False,2026-06-09
BALLYLUSK,False,False,False,2026-06-09
BALLYSHEAMAN,False,False,False,2026-06-09
BALLYTEIGE,False,False,False,2026-06-09
CARRIGLINNEEN,False,False,False,2026-06-09
CLARABEG NORTH,False,False,False,2026-06-09
CLARABEG SOUTH,False,False,False,2026-06-09
CLARA MORE,False,False,False,2026-06-09
CULLENTRAGH BIG,False,False,False,2026-06-09
CULLENTRAGH LITTLE,False,False,False,2026-06-09
CULLENTRAGH PARK,False,False,False,2026-06-09
GREENAN BEG,False,False,False,2026-06-09
GREENAN MORE,False,False,False,2026-06-09
KIRIKEE,False,False,False,2026-06-09
KNOCKRATH BIG,False,False,False,2026-06-09
KNOCKRATH LITTLE,False,False,False,2026-06-09
LICKEEN,False,False,False,2026-06-09
TROOPERSTOWN,False,False,False,2026-06-09
AVONDALE,False,False,False,2026-06-09
BALLINACARRIG LOWER,False,False,False,2026-06-09
BALLINACARRIG UPPER,False,False,False,2026-06-09
BALLINDERRY LOWER,False,False,False,2026-06-09
BALLINDERRY UPPER,False,False,False,2026-06-09
BALLYCARRIGEEN,False,False,False,2026-06-09
BALLYDOWLING HILL,False,False,False,2026-06-09
BALLYGANNON,False,False,False,2026-06-09
BALLYHAD LOWER,False,False,False,2026-06-09
BALLYHAD UPPER,False,False,False,2026-06-09
BALLYKNOCKAN LOWER,False,False,False,2026-06-09
BALLYKNOCKAN UPPER,False,False,False,2026-06-09
BALLYSHEEMAN,False,False,False,2026-06-09
BALLYTRASNA,False,False,False,2026-06-09
COPSE,False,False,False,2026-06-09
CORBALLIS LOWER,False,False,False,2026-06-09
CORBALLIS UPPER,False,False,False,2026-06-09
GARRYMORE LOWER,False,False,False,2026-06-09
GARRYMORE UPPER,False,False,False,2026-06-09
KNOCKADOSAN,False,False,False,2026-06-09
MEETINGS,False,False,False,2026-06-09
RATHDRUM,False,False,False,2026-06-09
TANSEYCLOSE,False,False,False,2026-06-09
DO WORKHOUSE,False,False,False,2026-06-09
AGHAVANNAGH RAM,False,False,False,2026-06-09
AGHAVANNAGH REVELL,False,False,False,2026-06-09
BALLINACOR ED BALLINACOR,False,False,False,2026-06-09
BALLINAGAPPOGE,False,False,False,2026-06-09
BALLINANTY,False,False,False,2026-06-09
BALLINATONE LOWER,False,False,False,2026-06-09
BALLINATONE UPPER,False,False,False,2026-06-09
BALLYCREEN LOWER,False,False,False,2026-06-09
BALLYCREEN UPPER,False,False,False,2026-06-09
BARAVORE,False,False,False,2026-06-09
CAPPAGH,False,False,False,2026-06-09
CLOHERNAGH,False,False,False,2026-06-09
CLONKEEN,False,False,False,2026-06-09
CORRASILLAGH,False,False,False,2026-06-09
FANANIERIN,False,False,False,2026-06-09
MONEYMEEN,False,False,False,2026-06-09
MUCKLAGH ED BALLINACOR,False,False,False,2026-06-09
ROSAHANE,False,False,False,2026-06-09
AUGHRIM LOWER,False,False,False,2026-06-09
AUGHRIM UPPER,False,False,False,2026-06-09
BAHANA KING,False,False,False,2026-06-09
BAHANA WHALEY,False,False,False,2026-06-09
BALLEESHAL,False,False,False,2026-06-09
BALLINACLASH,False,False,False,2026-06-09
BALLYEUSTACE,False,False,False,2026-06-09
BALLYMONEY,False,False,False,2026-06-09
BALLYMORRIS LOWER,False,False,False,2026-06-09
BALLYMORRIS UPPER,False,False,False,2026-06-09
BALLYSHANE,False,False,False,2026-06-09
CLONEEN,False,False,False,2026-06-09
CLONERKIN,False,False,False,2026-06-09
COOLAFLAKE,False,False,False,2026-06-09
CRAFFIELD,False,False,False,2026-06-09
CRONAWINNIA,False,False,False,2026-06-09
CRONE BEG,False,False,False,2026-06-09
CRONE MORE,False,False,False,2026-06-09
CRONESALLAGH,False,False,False,2026-06-09
MACREDDIN EAST,False,False,False,2026-06-09
MACREDDIN WEST,False,False,False,2026-06-09
MONGNACOOL LOWER,False,False,False,2026-06-09
MONGNACOOL UPPER,False,False,False,2026-06-09
SHEEANABEG ROBECK,False,False,False,2026-06-09
SHEEANABEG WHALEY,False,False,False,2026-06-09
SHEEANA MORE,False,False,False,2026-06-09
THREEWELLS,False,False,False,2026-06-09
TINNAKILLY LOWER,False,False,False,2026-06-09
TINNAKILLY UPPER,False,False,False,2026-06-09
AUGHRIM TOWN,False,False,False,2026-06-09
BELLINECLESH VILLAGE,False,False,False,2026-06-09
BALLYMAGHROE,False,False,False,2026-06-09
CARRIGNAMUCK,False,False,False,2026-06-09
CARRIGNAMWEEL,False,False,False,2026-06-09
KILCARNEY LOWER,False,False,False,2026-06-09
KILCARNEY UPPER,False,False,False,2026-06-09
KNOCKANANNA,False,False,False,2026-06-09
KNOCKANOOKER LOWER,False,False,False,2026-06-09
KNOCKANOOKER UPPER,False,False,False,2026-06-09
KNOCKNAGILKY LOWER,False,False,False,2026-06-09
KNOCKNAGILKY UPPER,False,False,False,2026-06-09
KNOCKNASHAMROGE,False,False,False,2026-06-09
KNOCKNASKEAGH,False,False,False,2026-06-09
RATHDUFFMORE,False,False,False,2026-06-09
BALLINACOR ED TINAHELY,False,False,False,2026-06-09
TINAHELY T,False,False,False,2026-06-09
BALLYMANUS,False,False,False,2026-06-09
CLONE,False,False,False,2026-06-09
KILLACLORAN,False,False,False,2026-06-09
KILLADUFF,False,False,False,2026-06-09
MUCKLAGH ED KILPIPE,False,False,False,2026-06-09
TOMANIERIN LOWER,False,False,False,2026-06-09
TOMANIERIN UPPER,False,False,False,2026-06-09
BALHAGUILE T,False,False,False,2026-06-09
CAMENABOLOGUE,False,False,False,2026-06-09
CARRAWAYSTICK,False,False,False,2026-06-09
DRUMGOFF,False,False,False,2026-06-09
ASKANAGAP,False,False,False,2026-06-09
BALLYCURRAGH,False,False,False,2026-06-09
BALLYGOBBAN,False,False,False,2026-06-09
BARNAMEELIA,False,False,False,2026-06-09
BLACKROCK,False,False,False,2026-06-09
COOLBALLINTAGGART,False,False,False,2026-06-09
FARBREAGA,False,False,False,2026-06-09
SHEILSTOWN,False,False,False,2026-06-09
BELLINGLEN,False,False,False,2026-06-09
BALLINAHINCH ED KILLISKEY,False,False,False,2026-06-09
BALLINASHINNAGH,False,False,False,2026-06-09
BALLINASOOSTIA,False,False,False,2026-06-09
CARRIGGOWER,False,False,False,2026-06-09
DOWNSHILL,False,False,False,2026-06-09
DRUMBAWN,False,False,False,2026-06-09
KNOCKATEMPLE,False,False,False,2026-06-09
KNOCKRAHEEN,False,False,False,2026-06-09
TITHEWER,False,False,False,2026-06-09
ANNAGOLAN,False,False,False,2026-06-09
BALLARDBEG,False,False,False,2026-06-09
CRONYBYRNE,False,False,False,2026-06-09
CRONYBYRNE DEMESNE,False,False,False,2026-06-09
GLENWOOD,False,False,False,2026-06-09
KILMULLIN ED MONEYSTOWN,False,False,False,2026-06-09
KNOCKAPHRUMPA,False,False,False,2026-06-09
MONEYSTOWN HILL,False,False,False,2026-06-09
MONEYSTOWN NORTH,False,False,False,2026-06-09
MONEYSTOWN SOUTH,False,False,False,2026-06-09
MOYNTIAGH,False,False,False,2026-06-09
PARKROE,False,False,False,2026-06-09
SLEANAGLOGH,False,False,False,2026-06-09
BALLINACOOLEY,False,False,False,2026-06-09
BALLYFREE EAST,False,False,False,2026-06-09
BALLYFREE WEST,False,False,False,2026-06-09
BALLYKILLAVANE,False,False,False,2026-06-09
BALLYKNOCKAN BEG,False,False,False,2026-06-09
BALLYKNOCKAN MORE,False,False,False,2026-06-09
BALLYMACSIMON,False,False,False,2026-06-09
BALLYMANUS LOWER,False,False,False,2026-06-09
BALLYMANUS UPPER,False,False,False,2026-06-09
BALLYMERRIGAN,False,False,False,2026-06-09
BALLYMOAT,False,False,False,2026-06-09
BALLYNABARNY,False,False,False,2026-06-09
COOLNAKILLY,False,False,False,2026-06-09
GLENEALY T,False,False,False,2026-06-09
BAHANA,False,False,False,2026-06-09
BARNBAWN,False,False,False,2026-06-09
DRUMDANGAN,False,False,False,2026-06-09
GARRYDUFF,False,False,False,2026-06-09
GLASNARGET NORTH,False,False,False,2026-06-09
STUMP OF THE CASTLE,False,False,False,2026-06-09
ALTIDORE DEMESNE,False,False,False,2026-06-09
BALLYDONAREA,False,False,False,2026-06-09
BALLYHORSEY,False,False,False,2026-06-09
BALLYNERRIN ED KILCOOLE,False,False,False,2026-06-09
BALLYRONAN,False,False,False,2026-06-09
BELLEVUE DEMESNE,False,False,False,2026-06-09
BROMLEY,False,False,False,2026-06-09
BULLFORD,False,False,False,2026-06-09
CHARLESLAND,False,False,False,2026-06-09
DOWNS,False,False,False,2026-06-09
DRUMMIN EAST,False,False,False,2026-06-09
DRUMMIN WEST,False,False,False,2026-06-09
FARRANKELLY,False,False,False,2026-06-09
HOLYWELL,False,False,False,2026-06-09
JOHNSTOWN,False,False,False,2026-06-09
KILCOOLE,False,False,False,2026-06-09
KILLICKABAWN,False,False,False,2026-06-09
KILLINPARK,False,False,False,2026-06-09
KILPEDDER EAST,False,False,False,2026-06-09
KILPEDDER WEST,False,False,False,2026-06-09
KILQUADE,False,False,False,2026-06-09
KNOCKROE,False,False,False,2026-06-09
MOUNT KENNEDY DEMESNE,False,False,False,2026-06-09
PRIESTSNEWTOWN,False,False,False,2026-06-09
SEAVIEW,False,False,False,2026-06-09
STILEBAWN,False,False,False,2026-06-09
TINNAPARK DEMESNE,False,False,False,2026-06-09
TOOMAN,False,False,False,2026-06-09
WOODLANDS,False,False,False,2026-06-09
DOWNS T,False,False,False,2026-06-09
KILCOOLE T,False,False,False,2026-06-09
KILPEDDER T,False,False,False,2026-06-09
BALLINAHINCH ED NEWCASTLE UPPER,False,False,False,2026-06-09
BALLYBLA,False,False,False,2026-06-09
BALLYCURRY DEMESNE,False,False,False,2026-06-09
BALLYDOREEN,False,False,False,2026-06-09
BALLYDUFF LOWER,False,False,False,2026-06-09
BALLYDUFF UPPER,False,False,False,2026-06-09
BALLYHENRY,False,False,False,2026-06-09
BALLYVOLAN LOWER,False,False,False,2026-06-09
BALLYVOLAN UPPER,False,False,False,2026-06-09
BARNACOYLE BIG,False,False,False,2026-06-09
BARNACOYLE LITTLE,False,False,False,2026-06-09
BIRCHWOOD,False,False,False,2026-06-09
BOLEYNASS LOWER,False,False,False,2026-06-09
BOLEYNASS UPPER,False,False,False,2026-06-09
BROOMFIELD,False,False,False,2026-06-09
CARRIGNAMUCK LOWER,False,False,False,2026-06-09
CARRIGNAMUCK UPPER,False,False,False,2026-06-09
CARROWBAWN,False,False,False,2026-06-09
CASTLEGRANGE,False,False,False,2026-06-09
CLORA,False,False,False,2026-06-09
COURTFOYLE,False,False,False,2026-06-09
CULLENMORE,False,False,False,2026-06-09
DUNRAN DEMESNE,False,False,False,2026-06-09
GRANGE NORTH,False,False,False,2026-06-09
GRANGE SOUTH,False,False,False,2026-06-09
INCHANAPPA NORTH,False,False,False,2026-06-09
INCHANAPPA SOUTH,False,False,False,2026-06-09
KELLYSTOWN,False,False,False,2026-06-09
KILLISKEY,False,False,False,2026-06-09
KILMARTIN,False,False,False,2026-06-09
KILTIMON,False,False,False,2026-06-09
KNOCKADREET,False,False,False,2026-06-09
MOORSTOWN,False,False,False,2026-06-09
NEWTOWNBOSWELL,False,False,False,2026-06-09
RATHMORE,False,False,False,2026-06-09
TIGLIN ED BALLYCULLEN,False,False,False,2026-06-09
TIGLIN ED NEWCASTLE LOWER,False,False,False,2026-06-09
TOMCOYLE LOWER,False,False,False,2026-06-09
TOMCOYLE UPPER,False,False,False,2026-06-09
KILLISKEY T,False,False,False,2026-06-09
BALLYCRONE,False,False,False,2026-06-09
BALLYLOUGHLIN,False,False,False,2026-06-09
BALLYPHILIP,False,False,False,2026-06-09
COOLDROSS LOWER,False,False,False,2026-06-09
COOLDROSS MIDDLE,False,False,False,2026-06-09
COOLDROSS UPPER,False,False,False,2026-06-09
CREOWEN,False,False,False,2026-06-09
KILLADREENAN,False,False,False,2026-06-09
KILMULLIN ED NEWCASTLE LOWER,False,False,False,2026-06-09
LEABEG LOWER,False,False,False,2026-06-09
LEABEG MIDDLE,False,False,False,2026-06-09
LEABEG UPPER,False,False,False,2026-06-09
LEAMORE LOWER,False,False,False,2026-06-09
LEAMORE UPPER,False,False,False,2026-06-09
NEWCASTLE LOWER,False,False,False,2026-06-09
NEWCASTLE MIDDLE,False,False,False,2026-06-09
NEWCASTLE UPPER,False,False,False,2026-06-09
SLATE,False,False,False,2026-06-09
TIGLIN,False,False,False,2026-06-09
WOODSTOCK DEMESNE,False,False,False,2026-06-09
NEWCASTLE,False,False,False,2026-06-09
BALLINAHINCH LOWER,False,False,False,2026-06-09
BALLINAHINCH MIDDLE,False,False,False,2026-06-09
BALLINAHINCH UPPER,False,False,False,2026-06-09
BALLYGARRET,False,False,False,2026-06-09
CALLOWHILL LOWER,False,False,False,2026-06-09
CALLOWHILL UPPER,False,False,False,2026-06-09
COOLADOYLE,False,False,False,2026-06-09
CORSILLAGH,False,False,False,2026-06-09
DUNRANHILL,False,False,False,2026-06-09
EASTHILL,False,False,False,2026-06-09
GLENDARRAGH,False,False,False,2026-06-09
KEELOGE LOWER,False,False,False,2026-06-09
KEELOGE UPPER,False,False,False,2026-06-09
KILDAY,False,False,False,2026-06-09
KILMACULLAGH,False,False,False,2026-06-09
KILMURRY,False,False,False,2026-06-09
KNOCKFADDA,False,False,False,2026-06-09
MEREPARK,False,False,False,2026-06-09
MONALIN,False,False,False,2026-06-09
MONEYCARROLL,False,False,False,2026-06-09
MOUNTJOHN,False,False,False,2026-06-09
NEWTOWN MT KENNEDY,False,False,False,2026-06-09
PROSPECT LOWER,False,False,False,2026-06-09
PROSPECT UPPER,False,False,False,2026-06-09
SEASONPARK,False,False,False,2026-06-09
TIMMORE,False,False,False,2026-06-09
TRUDDER,False,False,False,2026-06-09
NEWTOWNMOUNTKENNEDY T,False,False,False,2026-06-09
ASHFORD,False,False,False,2026-06-09
ASHTOWN ARKLOW BY,False,False,False,2026-06-09
BALLINALEA,False,False,False,2026-06-09
BALLYCULLEN,False,False,False,2026-06-09
BALLYMACAHARA,False,False,False,2026-06-09
BALLYNERRIN NEWCASTLE BY,False,False,False,2026-06-09
BOLLARNEY MURRAGH,False,False,False,2026-06-09
BOLLARNEY NORTH,False,False,False,2026-06-09
BOLLARNEY SOUTH,False,False,False,2026-06-09
BROOMHALL,False,False,False,2026-06-09
BURKEEN,False,False,False,2026-06-09
CLONMANNAN,False,False,False,2026-06-09
COMMONS,False,False,False,2026-06-09
COOLAWINNIA,False,False,False,2026-06-09
CORPORATION MURRAGH,False,False,False,2026-06-09
CRONROE,False,False,False,2026-06-09
CRONYKEERY,False,False,False,2026-06-09
FRIARSHILL,False,False,False,2026-06-09
GLEBE ED WICKLOW RURAL,False,False,False,2026-06-09
KILLOUGHTER,False,False,False,2026-06-09
KNOCKROBIN,False,False,False,2026-06-09
MERRYMEETING,False,False,False,2026-06-09
MILLTOWN NORTH,False,False,False,2026-06-09
MILLTOWN SOUTH,False,False,False,2026-06-09
MONDUFF,False,False,False,2026-06-09
MOUNTUSHER,False,False,False,2026-06-09
NEWRATH,False,False,False,2026-06-09
ROSSANA LOWER,False,False,False,2026-06-09
ROSSANA UPPER,False,False,False,2026-06-09
TINAKELLY,False,False,False,2026-06-09
TINAKELLY MURRAGH,False,False,False,2026-06-09
BALLINALEA T,False,False,False,2026-06-09
RATHNEW T,False,False,False,2026-06-09
WICKLOW T PT OF W,False,False,False,2026-06-09
BALLYMORRIS,False,False,False,2026-06-09
BALLYNAMUDDAGH,False,False,False,2026-06-09
BALLYWALTRIN,False,False,False,2026-06-09
BRAY,False,False,False,2026-06-09
BRAY COMMONS ED BRAY NO 1,False,False,False,2026-06-09
GILTSPUR,False,False,False,2026-06-09
IRISHTOWN,False,False,False,2026-06-09
KILBRIDE RATHDOWN BY,False,False,False,2026-06-09
KILLARNEY,False,False,False,2026-06-09
KILRUDDERY DEERPARK ED KILMACANOGE,False,False,False,2026-06-09
KILRUDDERY DEMESNE EAST,False,False,False,2026-06-09
KILRUDDERY DEMESNE WEST,False,False,False,2026-06-09
NEWCOURT,False,False,False,2026-06-09
OLDCOURT,False,False,False,2026-06-09
BRAY T PART OF X,False,False,False,2026-06-09
NEWTOWN VEVAY T,False,False,False,2026-06-09
BRAY TOWNSHIP PT OF H,False,False,False,2026-06-09
BALLYREMON COMMONS,False,False,False,2026-06-09
CALARY LOWER,False,False,False,2026-06-09
CALARY UPPER,False,False,False,2026-06-09
POWERSCOURT PADDOCK,False,False,False,2026-06-09
BALLYDONAGH,False,False,False,2026-06-09
BELMONT DEMESNE,False,False,False,2026-06-09
COOLAGAD,False,False,False,2026-06-09
COOLNASKEAGH,False,False,False,2026-06-09
DELGANY,False,False,False,2026-06-09
KILLINCARRIG,False,False,False,2026-06-09
KILRUDDERY DEERPARK ED DELGANY,False,False,False,2026-06-09
KINDLESTOWN LOWER,False,False,False,2026-06-09
KINDLESTOWN UPPER,False,False,False,2026-06-09
RATHDOWN LOWER,False,False,False,2026-06-09
RATHDOWN UPPER,False,False,False,2026-06-09
TEMPLECARRIG LOWER,False,False,False,2026-06-09
TEMPLECARRIG UPPER,False,False,False,2026-06-09
WINDGATE,False,False,False,2026-06-09
DELGANY T,False,False,False,2026-06-09
KILLINCARRIG T,False,False,False,2026-06-09
GREYSTONES T,False,False,False,2026-06-09
GRUNDY'S ROW T,False,False,False,2026-06-09
BALLYBAWN LOWER,False,False,False,2026-06-09
BALLYBAWN UPPER,False,False,False,2026-06-09
BALLYORNEY,False,False,False,2026-06-09
BARCHUILLIA COMMONS,False,False,False,2026-06-09
CARRIGOONA COMMONS EAST,False,False,False,2026-06-09
CARRIGOONA COMMONS WEST,False,False,False,2026-06-09
CHARLEVILLE DEMESNE,False,False,False,2026-06-09
COOLAKAY,False,False,False,2026-06-09
FASSAROE,False,False,False,2026-06-09
GLEBE ED POWERSCOURT,False,False,False,2026-06-09
GLENCAP COMMONS NORTH,False,False,False,2026-06-09
GLENCAP COMMONS SOUTH,False,False,False,2026-06-09
GLENCAP COMMONS UPPER,False,False,False,2026-06-09
GLENCORMICK NORTH,False,False,False,2026-06-09
GLENCORMICK SOUTH,False,False,False,2026-06-09
HOLLYBROOK,False,False,False,2026-06-09
KILCRONEY,False,False,False,2026-06-09
KILLOUGH LOWER,False,False,False,2026-06-09
KILLOUGH UPPER,False,False,False,2026-06-09
KILMACANOGE NORTH,False,False,False,2026-06-09
KILMACANOGE SOUTH,False,False,False,2026-06-09
LONGHILL COMMONS,False,False,False,2026-06-09
NEWTOWN ED POWERSCOURT,False,False,False,2026-06-09
TINNEHINCH,False,False,False,2026-06-09
WINGFIELD,False,False,False,2026-06-09
ANNACRIVEY,False,False,False,2026-06-09
AURORA,False,False,False,2026-06-09
BALLINAGEE,False,False,False,2026-06-09
BALLYBREW,False,False,False,2026-06-09
BALLYCOYLE,False,False,False,2026-06-09
BALLYLERANE,False,False,False,2026-06-09
BALLYREAGH,False,False,False,2026-06-09
BALLYROSS,False,False,False,2026-06-09
BARNAMIRE,False,False,False,2026-06-09
CLOON,False,False,False,2026-06-09
COOKSTOWN,False,False,False,2026-06-09
CURTLESTOWN LOWER,False,False,False,2026-06-09
CURTLESTOWN UPPER,False,False,False,2026-06-09
DEERPARK ED POWERSCOURT,False,False,False,2026-06-09
ENNISKERRY,False,False,False,2026-06-09
GLASKENNY,False,False,False,2026-06-09
KILGARRAN,False,False,False,2026-06-09
KILLEGAR,False,False,False,2026-06-09
KILMALIN,False,False,False,2026-06-09
KNOCKBAWN,False,False,False,2026-06-09
KNOCKSINK,False,False,False,2026-06-09
LACKANDARRAGH LOWER,False,False,False,2026-06-09
LACKANDARRAGH UPPER,False,False,False,2026-06-09
MONASTERY,False,False,False,2026-06-09
OLDBOLEYS,False,False,False,2026-06-09
ONAGH,False,False,False,2026-06-09
PARKNASILLOGE,False,False,False,2026-06-09
POWERSCOURT DEMESNE,False,False,False,2026-06-09
POWERSCOURT MOUNTAIN,False,False,False,2026-06-09
TONYGARROW,False,False,False,2026-06-09
ENNISKERRY T,False,False,False,2026-06-09
KILQUIGGIN TOWN,False,False,False,2026-06-09
TULLOWCLAY,False,False,True,2026-06-09
BALLINGATE HILL,False,False,False,2026-06-09
DEERPARK ED COOLATTIN,False,False,False,2026-06-09
CARNEW T,False,False,False,2026-06-09
SHILLELAGH T,False,False,False,2026-06-09
GOWLE,False,False,True,2026-06-09
DRUMMIN ED BALLINGATE,False,False,False,2026-06-09
PARK ED BALLINGATE,False,False,False,2026-06-09
NEWTOWN ED TINAHELY,False,False,False,2026-06-09
KILQUIGGIN T,False,False,False,2026-06-09
BALLYDONNELL NORTH,False,False,False,2026-06-09
BALLYDONNELL SOUTH,False,False,False,2026-06-09
BALLYLOW,False,False,False,2026-06-09
BALLYNABROCKY,False,False,False,2026-06-09
BALLYNASCULLOGE LOWER,False,False,False,2026-06-09
BALLYNASCULLOGE UPPER,False,False,False,2026-06-09
BALLYNATONA,False,False,False,2026-06-09
BALLYSMUTTAN LOWER,False,False,False,2026-06-09
BALLYSMUTTAN UPPER,False,False,False,2026-06-09
BALLYWARD,False,False,False,2026-06-09
BLESSINGTON,False,False,False,2026-06-09
BLESSINGTON DEMESNE,False,False,False,2026-06-09
BUTTERHILL,False,False,False,2026-06-09
CROSSCOOLHARBOUR,False,False,False,2026-06-09
DEERPARK ED BLESSINGTON,False,False,False,2026-06-09
DILLONSDOWN,False,False,False,2026-06-09
EDMONDSTOWN,False,False,False,2026-06-09
HAYLANDS,False,False,False,2026-06-09
HEMPSTOWN,False,False,False,2026-06-09
KNOCKIERAN LOWER,False,False,False,2026-06-09
KNOCKIERAN UPPER,False,False,False,2026-06-09
LUGNAGUN GREAT,False,False,False,2026-06-09
LUGNAGUN LITTLE,False,False,False,2026-06-09
OLDPADDOCKS,False,False,False,2026-06-09
RATHNABO,False,False,False,2026-06-09
SANTRYHILL,False,False,False,2026-06-09
THREECASTLES,False,False,False,2026-06-09
BLESSINGTON T,False,False,False,2026-06-09
BALLINAHOWN,False,False,False,2026-06-09
BALLYKNOCKAN,False,False,False,2026-06-09
BALLYNASTOCKAN,False,False,False,2026-06-09
BAWNOGE ED TOGHER,False,False,False,2026-06-09
BLACKDITCHES LOWER,False,False,False,2026-06-09
BLACKDITCHES UPPER,False,False,False,2026-06-09
BOYSTOWN OR BALTYBOYS LOWER,False,False,False,2026-06-09
BOYSTOWN OR BALTYBOYS UPPER,False,False,False,2026-06-09
CARRIG,False,False,False,2026-06-09
CARRIGACURRA,False,False,False,2026-06-09
GARRYKNOCK,False,False,False,2026-06-09
GLENBRIDE,False,False,False,2026-06-09
GRANABEG LOWER,False,False,False,2026-06-09
GRANABEG UPPER,False,False,False,2026-06-09
HUMPHRYSTOWN,False,False,False,2026-06-09
KILBEG,False,False,False,2026-06-09
KNOCKALT LOWER,False,False,False,2026-06-09
KNOCKALT UPPER,False,False,False,2026-06-09
LACKAN,False,False,False,2026-06-09
LUGNAGROAGH,False,False,False,2026-06-09
MONAMUCK,False,False,False,2026-06-09
RATHBALLYLONG,False,False,False,2026-06-09
SROUGHAN,False,False,False,2026-06-09
TULFARRIS,False,False,False,2026-06-09
VALLEYMOUNT OR CROSS,False,False,False,2026-06-09
BALLYKNOCKAN T,False,False,False,2026-06-09
BURGAGE MORE,False,False,False,2026-06-09
BURGAGE MOYLE,False,False,False,2026-06-09
GLASHINA,False,False,False,2026-06-09
RUSSBOROUGH,False,False,False,2026-06-09
RUSSELLSTOWN,False,False,False,2026-06-09
CREHELP,False,False,False,2026-06-09
KINSELLASTOWN,False,False,False,2026-06-09
LEMONSTOWN,False,False,False,2026-06-09
BALLYLION BAWN,False,False,False,2026-06-09
BALLYLION LOWER,False,False,False,2026-06-09
BALLYLION UPPER,False,False,False,2026-06-09
BALLYMOONEY,False,False,False,2026-06-09
BLACKMOOR,False,False,False,2026-06-09
BROOMFIELDS,False,False,False,2026-06-09
COOLHARBOUR LOWER,False,False,False,2026-06-09
COOLHARBOUR UPPER,False,False,False,2026-06-09
CRICKAWN,False,False,False,2026-06-09
DOODYS BOTTOMS,False,False,False,2026-06-09
DONARD DEMESNE EAST,False,False,False,2026-06-09
DONARD DEMESNE WEST,False,False,False,2026-06-09
DONARD LOWER,False,False,False,2026-06-09
DONARD MOUNTAIN,False,False,False,2026-06-09
DONARD UPPER,False,False,False,2026-06-09
INTACK,False,False,False,2026-06-09
IRISHTOWN EAST,False,False,False,2026-06-09
IRISHTOWN PARK,False,False,False,2026-06-09
IRISHTOWN WEST,False,False,False,2026-06-09
KILBAYLET LOWER,False,False,False,2026-06-09
KILBAYLET UPPER,False,False,False,2026-06-09
KILCOAGH EAST,False,False,False,2026-06-09
KILCOAGH WEST,False,False,False,2026-06-09
STUDFIELD NORTH,False,False,False,2026-06-09
STUDFIELD SOUTH,False,False,False,2026-06-09
DONARD,False,False,False,2026-06-09
ARDANAIRY,False,False,False,2026-06-09
BLACKHILL,False,False,False,2026-06-09
BOHERBOY,False,False,False,2026-06-09
BREWERSHILL,False,False,False,2026-06-09
COWPASTURE,False,False,False,2026-06-09
DECOY,False,False,False,2026-06-09
DUNLAVIN LOWER,False,False,False,2026-06-09
DUNLAVIN UPPER,False,False,False,2026-06-09
FORRISTEEN,False,False,False,2026-06-09
KNOCKANDORT,False,False,False,2026-06-09
KNOCKNAGULL,False,False,False,2026-06-09
LORRUG,False,False,False,2026-06-09
LOUGHMOGUE LOWER,False,False,False,2026-06-09
LOUGHMOGUE UPPER,False,False,False,2026-06-09
LUGATRYNA,False,False,False,2026-06-09
MERGINSTOWN,False,False,False,2026-06-09
MERGINSTOWN DEMESNE,False,False,False,2026-06-09
MERGINSTOWN GLEN,False,False,False,2026-06-09
MILLTOWN,False,False,False,2026-06-09
PLEZICA,False,False,False,2026-06-09
RATHBAWN,False,False,False,2026-06-09
TOBERBEG,False,False,False,2026-06-09
TORNANT LOWER,False,False,False,2026-06-09
TORNANT UPPER,False,False,False,2026-06-09
UPPERTOWN,False,False,False,2026-06-09
DUNLAVIN T,False,False,False,2026-06-09
ATHGARVAN,False,False,False,2026-06-09
ATHGREANY,False,False,False,2026-06-09
BALLINTOBER,False,False,False,2026-06-09
BALLYSIZE LOWER,False,False,False,2026-06-09
BALLYSIZE UPPER,False,False,False,2026-06-09
BANNAGROE,False,False,False,2026-06-09
BLAKESTOWN LOWER,False,False,False,2026-06-09
BLAKESTOWN UPPER,False,False,False,2026-06-09
BRITONSTOWN,False,False,False,2026-06-09
BROUGHILLS HILL,False,False,False,2026-06-09
CONLANS HILL,False,False,False,2026-06-09
COONMORE,False,False,False,2026-06-09
CORRAGH,False,False,False,2026-06-09
DRAGOONHILL,False,False,False,2026-06-09
DRUMREAGH,False,False,False,2026-06-09
DUNBOYKE,False,False,False,2026-06-09
GLEBE ED HOLLYWOOD,False,False,False,2026-06-09
GRANAMORE,False,False,False,2026-06-09
HARRISTOWN,False,False,False,2026-06-09
HOLLYWOOD LOWER,False,False,False,2026-06-09
HOLLYWOOD UPPER,False,False,False,2026-06-09
KILLERK,False,False,False,2026-06-09
KNOCKNADROOSE,False,False,False,2026-06-09
KNOCKNASTREILE,False,False,False,2026-06-09
LOCKSTOWN LOWER,False,False,False,2026-06-09
LOCKSTOWN UPPER,False,False,False,2026-06-09
LUGGLASS LOWER,False,False,False,2026-06-09
LUGGLASS UPPER,False,False,False,2026-06-09
MULLYCAGH LOWER,False,False,False,2026-06-09
MULLYCAGH UPPER,False,False,False,2026-06-09
NEWTOWN ED HOLLYWOOD,False,False,False,2026-06-09
OAKWOOD,False,False,False,2026-06-09
RATHATTIN,False,False,False,2026-06-09
SCALP,False,False,False,2026-06-09
SLIEVECORRAGH,False,False,False,2026-06-09
TOOR,False,False,False,2026-06-09
WALTERSTOWN,False,False,False,2026-06-09
WOODENBOLEY,False,False,False,2026-06-09
AGHFARRELL,False,False,False,2026-06-09
ATHDOWN,False,False,False,2026-06-09
BALLYFOLAN,False,False,False,2026-06-09
BALLYFOYLE,False,False,False,2026-06-09
BUTTER MOUNTAIN,False,False,False,2026-06-09
CARRIGNAGOWER,False,False,False,2026-06-09
CLOGHLEAGH,False,False,False,2026-06-09
GOLDENHILL,False,False,False,2026-06-09
KILBRIDE TALBOTSTOWN LOWER BY,False,False,False,2026-06-09
KIPPURE,False,False,False,2026-06-09
KIPPURE EAST,False,False,False,2026-06-09
KNOCKATILLANE,False,False,False,2026-06-09
KNOCKBANE,False,False,False,2026-06-09
LISHEENS,False,False,False,2026-06-09
MOANASPICK,False,False,False,2026-06-09
SCURLOCKSLEAP,False,False,False,2026-06-09
SHANKILL,False,False,False,2026-06-09
TINODE,False,False,False,2026-06-09
FRIARHILL,False,False,False,2026-06-09
MANOFWAR,False,False,False,2026-06-09
SANDYHILLS,False,False,False,2026-06-09
TOBER DEMESNE,False,False,False,2026-06-09
TOBER LOWER,False,False,False,2026-06-09
TOBER UPPER,False,False,False,2026-06-09
WARDS OF TOBER,False,False,False,2026-06-09
BALLYNURE,False,False,False,2026-06-09
BALLYNURE DEMESNE,False,False,False,2026-06-09
BALLYNURE PARK,False,False,False,2026-06-09
BARONSTOWN LOWER,False,False,False,2026-06-09
BARONSTOWN UPPER,False,False,False,2026-06-09
BURROW,False,False,False,2026-06-09
GLENNACANON,False,False,False,2026-06-09
GRANGECON DEMESNE,False,False,False,2026-06-09
GRANGECON HILL,False,False,False,2026-06-09
GRANGECON LOWER,False,False,False,2026-06-09
GRANGECON PARKS,False,False,False,2026-06-09
GRANGECON ROCKS,False,False,False,2026-06-09
GRANGECON UPPER,False,False,False,2026-06-09
GRIFFINSTOWN GLEN,False,False,False,2026-06-09
GRIFFINSTOWN HILL,False,False,False,2026-06-09
GRIFFINSTOWN LOWER,False,False,False,2026-06-09
GRIFFINSTOWN UPPER,False,False,False,2026-06-09
HARTSTOWN,False,False,False,2026-06-09
KNOCKANREAGH,False,False,False,2026-06-09
KNOCKARIGG,False,False,False,2026-06-09
KNOCKARIGG DEMESNE,False,False,False,2026-06-09
KNOCKARIGG HILL,False,False,False,2026-06-09
KNOCKDOO,False,False,False,2026-06-09
KNOCKNAMUCK LOWER,False,False,False,2026-06-09
KNOCKNAMUCK UPPER,False,False,False,2026-06-09
KNOXTERSHILL,False,False,False,2026-06-09
LACKAREAGH,False,False,False,2026-06-09
LOWTOWN,False,False,False,2026-06-09
MONATORE,False,False,False,2026-06-09
MONEYMORE,False,False,False,2026-06-09
OLDTOWN,False,False,False,2026-06-09
TINORANHILL NORTH,False,False,False,2026-06-09
TINORANHILL SOUTH,False,False,False,2026-06-09
WHITEHILLS,False,False,False,2026-06-09
BALTINGLASS EAST,False,False,False,2026-06-09
BALTINGLASS WEST,False,False,False,2026-06-09
BAWNOGE ED BALTINGLASS,False,False,False,2026-06-09
BOLEYLUG,False,False,False,2026-06-09
CARSROCK,False,False,False,2026-06-09
CLOGHCASTLE,False,False,False,2026-06-09
CLOGH LOWER,False,False,False,2026-06-09
CLOGH UPPER,False,False,False,2026-06-09
COOLINARRIG LOWER,False,False,False,2026-06-09
COOLINARRIG UPPER,False,False,False,2026-06-09
DEERPARK ED BALTINGLASS,False,False,False,2026-06-09
HOLDENSTOWN LOWER,False,False,False,2026-06-09
HOLDENSTOWN UPPER,False,False,False,2026-06-09
IRONGRANGE LOWER,False,False,False,2026-06-09
IRONGRANGE UPPER,False,False,False,2026-06-09
LATHALEERE,False,False,False,2026-06-09
NEWTOWNSAUNDERS,False,False,False,2026-06-09
PINNACLE,False,False,False,2026-06-09
RATHMOON,False,False,False,2026-06-09
SLANEY PARK,False,False,False,2026-06-09
SRUHAUN,False,False,False,2026-06-09
STRATFORD LODGE,False,False,False,2026-06-09
WOODFIELD,False,False,False,2026-06-09
WOODFIELDGLEN,False,False,False,2026-06-09
BALTINGLASS T,False,False,False,2026-06-09
DO BRIDEWELL,False,False,False,2026-06-09
BALLINABARNY GAP,False,False,False,2026-06-09
BALLINARD,False,False,False,2026-06-09
BALLINEDDAN LOWER,False,False,False,2026-06-09
BALLINEDDAN MOUNTAIN,False,False,False,2026-06-09
BALLINEDDAN UPPER,False,False,False,2026-06-09
BALLINFOYLE LOWER,False,False,False,2026-06-09
BALLINFOYLE UPPER,False,False,False,2026-06-09
BALLINTRUER BEG,False,False,False,2026-06-09
BALLINTRUER MORE,False,False,False,2026-06-09
BALLYHUBBOCK LOWER,False,False,False,2026-06-09
BALLYHUBBOCK UPPER,False,False,False,2026-06-09
BALLYREASK,False,False,False,2026-06-09
BALLYTOOLE LOWER,False,False,False,2026-06-09
BALLYTOOLE UPPER,False,False,False,2026-06-09
BALLYVOGHAN,False,False,False,2026-06-09
BALLYVRAGHAN,False,False,False,2026-06-09
BRUSSELSTOWN,False,False,False,2026-06-09
BUSHFIELD,False,False,False,2026-06-09
CAMARA,False,False,False,2026-06-09
CAMARAHILL NORTH,False,False,False,2026-06-09
CAMARAHILL SOUTH,False,False,False,2026-06-09
CANNOW,False,False,False,2026-06-09
CASTLEQUARTER,False,False,False,2026-06-09
CASTLERUDDERY LOWER,False,False,False,2026-06-09
CASTLERUDDERY UPPER,False,False,False,2026-06-09
CASTLESALLAGH,False,False,False,2026-06-09
CLONSHANNON,False,False,False,2026-06-09
COAN,False,False,False,2026-06-09
COLLIGA,False,False,False,2026-06-09
COOLAMADDRA,False,False,False,2026-06-09
COOLMONEY,False,False,False,2026-06-09
DAVIDSTOWN,False,False,False,2026-06-09
DEERPARK ED DONAGHMORE,False,False,False,2026-06-09
DERRYNAMUCK,False,False,False,2026-06-09
DONAGHMORE,False,False,False,2026-06-09
EADESTOWN HILL,False,False,False,2026-06-09
EADESTOWN MIDDLE,False,False,False,2026-06-09
EADESTOWN NORTH,False,False,False,2026-06-09
EADESTOWN SOUTH,False,False,False,2026-06-09
FAUNA,False,False,False,2026-06-09
GIBSTOWN,False,False,False,2026-06-09
KELSHAMORE,False,False,False,2026-06-09
KILBREFFY,False,False,False,2026-06-09
KILLYBEG,False,False,False,2026-06-09
KNICKEEN,False,False,False,2026-06-09
KNOCKADERRY,False,False,False,2026-06-09
KNOCKANDARRAGH,False,False,False,2026-06-09
KNOCKNAMUNNION,False,False,False,2026-06-09
KNOCKANARRIGAN,False,False,False,2026-06-09
LEITRIM,False,False,False,2026-06-09
LEOH,False,False,False,2026-06-09
MONROE,False,False,False,2026-06-09
MOORSPARK,False,False,False,2026-06-09
NEWPARK,False,False,False,2026-06-09
NEWTOWN ED TALBOTSTOWN,False,False,False,2026-06-09
RAHEEN ED BALTINGLASS,False,False,False,2026-06-09
RANDALSTOWN,False,False,False,2026-06-09
ROSTYDUFF LOWER,False,False,False,2026-06-09
ROSTYDUFF UPPER,False,False,False,2026-06-09
SPINANS EAST,False,False,False,2026-06-09
SPINANS HILL,False,False,False,2026-06-09
SPINANS MIDDLE,False,False,False,2026-06-09
SPINANS WEST,False,False,False,2026-06-09
STRANAHELY,False,False,False,2026-06-09
WHITESTOWN LOWER,False,False,False,2026-06-09
WHITESTOWN UPPER,False,False,False,2026-06-09
BALLYLEA,False,False,False,2026-06-09
BYRNESHILL,False,False,False,2026-06-09
FREYNESTOWNHILL,False,False,False,2026-06-09
FREYNESTOWN LOWER,False,False,False,2026-06-09
FREYNESTOWN UPPER,False,False,False,2026-06-09
MOANVAWN,False,False,False,2026-06-09
SHEPHERDSHILL,False,False,False,2026-06-09
TOOLESTOWN,False,False,False,2026-06-09
BALLINROAN LOWER,False,False,False,2026-06-09
BALLINROAN UPPER,False,False,False,2026-06-09
BARRADERRY EAST,False,False,False,2026-06-09
BARRADERRY NORTH,False,False,False,2026-06-09
BARRADERRY WEST,False,False,False,2026-06-09
BOLEYCARRIGEEN,False,False,False,2026-06-09
BROCKNA,False,False,False,2026-06-09
CLOGHNAGAUNE,False,False,False,2026-06-09
COLVINSTOWN LOWER,False,False,False,2026-06-09
COLVINSTOWN UPPER,False,False,False,2026-06-09
DOWNINGS,False,False,False,2026-06-09
ENGLISHTOWN,False,False,False,2026-06-09
FORTGRANITE,False,False,False,2026-06-09
KEADEEN,False,False,False,2026-06-09
KILLALISH LOWER,False,False,False,2026-06-09
KILLALISH UPPER,False,False,False,2026-06-09
KILRANELAGH,False,False,False,2026-06-09
NEWTOWN ED DONAGHHMORE,False,False,False,2026-06-09
TALBOTSTOWN LOWER,False,False,False,2026-06-09
TALBOTSTOWN UPPER,False,False,False,2026-06-09
BALLYBRACK BEG,False,False,False,2026-06-09
BALLYBRACK MORE,False,False,False,2026-06-09
BALLYKILMURRY LOWER,False,False,False,2026-06-09
BALLYKILMURRY UPPER,False,False,False,2026-06-09
BALLYMACONEY,False,False,False,2026-06-09
BAWNOGE ED RATHDANGAN,False,False,False,2026-06-09
BERNAGH,False,False,False,2026-06-09
BORKILL BEG,False,False,False,2026-06-09
BORKILL MORE,False,False,False,2026-06-09
CARRIG LOWER,False,False,False,2026-06-09
CARRIG MOUNTAIN,False,False,False,2026-06-09
CARRIG UPPER,False,False,False,2026-06-09
CORNAN EAST,False,False,False,2026-06-09
CORNAN WEST,False,False,False,2026-06-09
CRANAREEN,False,False,False,2026-06-09
CROSSNACOLE,False,False,False,2026-06-09
DANESFORT LOWER,False,False,False,2026-06-09
DANESFORT UPPER,False,False,False,2026-06-09
DEERPARK ED RATHDANGAN,False,False,False,2026-06-09
DRIM,False,False,False,2026-06-09
FIDDAN,False,False,False,2026-06-09
FIDDANCOYLE,False,False,False,2026-06-09
GRAIGUE,False,False,False,2026-06-09
HIGHPARK LOWER,False,False,False,2026-06-09
HIGHPARK UPPER,False,False,False,2026-06-09
HUMEWOOD,False,False,False,2026-06-09
KELSHA,False,False,False,2026-06-09
KELSHABEG,False,False,False,2026-06-09
KILLAMOAT LOWER,False,False,False,2026-06-09
KILLAMOAT UPPER,False,False,False,2026-06-09
KILTEGAN,False,False,False,2026-06-09
KNOCKAVURRIG,False,False,False,2026-06-09
MUCKDUFF LOWER,False,False,False,2026-06-09
MUCKDUFF UPPER,False,False,False,2026-06-09
MULLANACRANNA,False,False,False,2026-06-09
RATHDANGAN,False,False,False,2026-06-09
RATHDUFFBEG,False,False,False,2026-06-09
RATHGORRAGH LOWER,False,False,False,2026-06-09
RATHGORRAGH UPPER,False,False,False,2026-06-09
SLIEVEREAGH LOWER,False,False,False,2026-06-09
SLIEVEREAGH UPPER,False,False,False,2026-06-09
KILTEGAN T,False,False,False,2026-06-09
BALLINACROW LOWER,False,False,False,2026-06-09
BALLINACROW UPPER,False,False,False,2026-06-09
BALLYHOOK,False,False,False,2026-06-09
BALLYHOOK DEMESNE,False,False,False,2026-06-09
BALLYHOOK HILL,False,False,False,2026-06-09
BALLYNATONE,False,False,False,2026-06-09
GIBRALTAR,False,False,False,2026-06-09
GOLDENFORT,False,False,False,2026-06-09
KILL,False,False,False,2026-06-09
MANGER,False,False,False,2026-06-09
MATTYMOUNT,False,False,False,2026-06-09
RAHEEN ED DONAGHMORE,False,False,False,2026-06-09
RAMPERE,False,False,False,2026-06-09
RATHBRAN,False,False,False,2026-06-09
SAUNDERSGROVE,False,False,False,2026-06-09
SAUNDERSGROVE HILL,False,False,False,2026-06-09
SCURLOGUE,False,False,False,2026-06-09
STRATFORD,False,False,False,2026-06-09
TUCKMILL HILL,False,False,False,2026-06-09
TUCKMILL LOWER,False,False,False,2026-06-09
TUCKMILL UPPER,False,False,False,2026-06-09
WINETAVERN,False,False,False,2026-06-09
STRATFORD T,False,False,False,2026-06-09
BALTYNATONE FEVER HOSPITAL,False,False,False,2026-06-09
BALLYHURTIM,False,False,False,2026-06-09
BALLYLAFFIN,False,False,False,2026-06-09
COONANSTOWN,False,False,False,2026-06-09
CROSSOGE,False,False,False,2026-06-09
MULLANS,False,False,False,2026-06-09
RATHSALLAGH,False,False,False,2026-06-09
RATHSALLAGH DEMESNE,False,False,False,2026-06-09
ROTTENHILL,False,False,False,2026-06-09
BALLYCORE,False,False,False,2026-06-09
RATHTOOLE,False,False,False,2026-06-09
ABARTAGH,False,False,False,2026-06-09
ABBERANVILLE,False,False,False,2026-06-09
ABBERT,False,False,False,2026-06-09
ABBERT DEMESNE,False,False,False,2026-06-09
ABBEY,False,False,False,2026-06-09
ABBEY EAST,False,False,False,2026-06-09
ABBEY ISLAND,False,False,False,2026-06-09
ABBEY LAND,False,False,False,2026-06-09
ABBEY LANDS,False,False,False,2026-06-09
ABBEY PARK,False,False,False,2026-06-09
ABBEY WEST,False,False,False,2026-06-09
ABBEYCARTRON,False,False,False,2026-06-09
ABBEYDERG,False,False,False,2026-06-09
ABBEYDOWN,False,False,False,2026-06-09
ABBEYFARM,False,False,False,2026-06-09
ABBEYFEALE EAST,False,False,False,2026-06-09
ABBEYFEALE WEST,False,False,False,2026-06-09
ABBEYFIELD,False,False,False,2026-06-09
ABBEYGORMACAN,False,False,False,2026-06-09
ABBEYGREY,False,False,False,2026-06-09
ABBEYGROVE,False,False,False,2026-06-09
ABBEYHALFQUARTER,False,False,False,2026-06-09
ABBEYLAND,False,False,False,2026-06-09
ABBEYLAND GREAT,False,False,False,2026-06-09
ABBEYLAND LITTLE,False,False,False,2026-06-09
ABBEYLAND NORTH,False,False,False,2026-06-09
ABBEYLAND SOUTH,False,False,False,2026-06-09
ABBEYLAND AND CHARLESTOWN OR BALLYNAMONASTER,False,False,False,2026-06-09
ABBEYLARA,False,False,False,2026-06-09
ABBEYLEIX DEMESNE,False,False,False,2026-06-09
ABBEYMAHON,False,False,False,2026-06-09
ABBEYPARK,False,False,False,2026-06-09
ABBEYQUARTER,False,False,False,2026-06-09
ABBEYQUARTER NORTH,False,False,False,2026-06-09
ABBEYQUARTER SOUTH,False,False,False,2026-06-09
ABBEYSHRULE,False,False,False,2026-06-09
ABBEYSIDE,False,False,False,2026-06-09
ABBEYSTROWRY,False,False,False,2026-06-09
ABBEYTOWN,False,False,False,2026-06-09
ABBEYVILLE,False,False,False,2026-06-09
ABBEYVILLE OR ARDLAHERTY,False,False,False,2026-06-09
ABBOTSTOWN,False,False,False,2026-06-09
ABELSTOWN,False,False,False,2026-06-09
ABERNADOORNY,False,False,False,2026-06-09
ABLINGTON,False,False,False,2026-06-09
ABLINTOWN,False,False,False,2026-06-09
ABOCURRAGH,False,False,False,2026-06-09
ABOHILL,False,False,False,2026-06-09
ACANTHA,False,False,False,2026-06-09
ACARREAGH,False,False,False,2026-06-09
ACAUN,False,False,False,2026-06-09
ACHILLBEG ISLAND,False,False,False,2026-06-09
ACHONRY,False,False,False,2026-06-09
ACLAMON,False,False,False,2026-06-09
ACLARE,False,False,False,2026-06-09
ACLARE COTTAGE DEMESNE,False,False,False,2026-06-09
ACLARE HOUSE DEMESNE,False,False,False,2026-06-09
ACLINT,False,False,False,2026-06-09
ACRABOY,False,False,False,2026-06-09
ACRAGAR,False,False,False,2026-06-09
ACRAROE,False,False,False,2026-06-09
ACRAVALLY,False,False,False,2026-06-09
ACRE BEG,False,False,False,2026-06-09
ACRE EAST,False,False,False,2026-06-09
ACRE MCCRICKET,False,False,False,2026-06-09
ACRE MORE,False,False,False,2026-06-09
ACRE WEST,False,False,False,2026-06-09
ACRENAKIRKA,False,False,False,2026-06-09
ACRES,False,False,False,2026-06-09
ACTON,False,False,False,2026-06-09
ADAM'S ISLAND,False,False,False,2026-06-09
ADAMSTOWN,False,False,False,2026-06-09
ADAMSTOWN LOWER,False,False,False,2026-06-09
ADAMSTOWN UPPER,False,False,False,2026-06-09
ADAMSWOOD,False,False,False,2026-06-09
ADARE,False,False,False,2026-06-09
ADDANSTOWN,False,False,False,2026-06-09
ADDERGOLE,False,False,False,2026-06-09
ADDERGOOLE,False,False,False,2026-06-09
ADDERGOOLE BEG,False,False,False,2026-06-09
ADDERGOOLE MORE,False,False,False,2026-06-09
ADDERGOOLE NORTH,False,False,False,2026-06-09
ADDERGOOLE SOUTH,False,False,False,2026-06-09
ADDERGOOLE WEST,False,False,False,2026-06-09
ADDERGOWN,False,False,False,2026-06-09
ADDERVILLE,False,False,False,2026-06-09
ADDERWAL,False,False,False,2026-06-09
ADDINSTOWN,False,False,False,2026-06-09
ADDRAGOOL,False,False,False,2026-06-09
ADDRIGOOLE,False,False,False,2026-06-09
ADDROON,False,False,False,2026-06-09
ADERAVOHER,False,False,False,2026-06-09
ADEREEN,False,False,False,2026-06-09
ADERG,False,False,False,2026-06-09
ADERRIG,False,False,False,2026-06-09
ADMIRAN,False,False,False,2026-06-09
ADOON,False,False,False,2026-06-09
ADRAGOOL,False,False,False,2026-06-09
ADRAMONE BEG,False,False,False,2026-06-09
ADRAMONE MORE,False,False,False,2026-06-09
ADRAVAL,False,False,False,2026-06-09
ADRIGOLE,False,False,False,2026-06-09
ADRIGOOL,False,False,False,2026-06-09
ADRIVALE,False,False,False,2026-06-09
ADRUEL,False,False,False,2026-06-09
AFADDY,False,False,False,2026-06-09
AFFANE,False,False,False,2026-06-09
AFFANE HUNTER,False,False,False,2026-06-09
AFFICK,False,False,False,2026-06-09
AFFOLEY,False,False,False,2026-06-09
AFFOLUS,False,False,False,2026-06-09
AFFOULEY,False,False,False,2026-06-09
AFOLEY,False,False,False,2026-06-09
AGALL,False,False,False,2026-06-09
AGERAGH,False,False,False,2026-06-09
AGGARD BEG,False,False,False,2026-06-09
AGGARD MORE,False,False,False,2026-06-09
AGHA,False,False,False,2026-06-09
AGHABANE,False,False,False,2026-06-09
AGHABEG,False,False,False,2026-06-09
AGHABEG EAST,False,False,False,2026-06-09
AGHABEG MIDDLE,False,False,False,2026-06-09
AGHABEG WEST,False,False,False,2026-06-09
AGHABEHY,False,False,False,2026-06-09
AGHABNEILL,False,False,False,2026-06-09
AGHABOE,False,False,False,2026-06-09
AGHABOG,False,False,False,2026-06-09
AGHABOY,False,False,False,2026-06-09
AGHABOY LOWER,False,False,False,2026-06-09
AGHABOY NORTH,False,False,False,2026-06-09
AGHABOY SOUTH,False,False,False,2026-06-09
AGHABOY UPPER,False,False,False,2026-06-09
AGHABOYS,False,False,False,2026-06-09
AGHABRACK,False,False,False,2026-06-09
AGHABRICK,False,False,False,2026-06-09
AGHABURREN,False,False,False,2026-06-09
AGHACARNAGHAN,False,False,False,2026-06-09
AGHACARNAGHAN PART OF,False,False,False,2026-06-09
AGHACARNAN,False,False,False,2026-06-09
AGHACARRA,False,False,False,2026-06-09
AGHACARRIBLE,False,False,False,2026-06-09
AGHACASHEL,False,False,False,2026-06-09
AGHACASHLAUN,False,False,False,2026-06-09
AGHACLAY,False,False,False,2026-06-09
AGHACLOGHA,False,False,False,2026-06-09
AGHACLOGHAN,False,False,False,2026-06-09
AGHACLOGHER,False,False,False,2026-06-09
AGHACOCARA,False,False,False,2026-06-09
AGHACOLUMB,False,False,False,2026-06-09
AGHACOMMON,False,False,False,2026-06-09
AGHACONNY,False,False,False,2026-06-09
AGHACOORA,False,False,False,2026-06-09
AGHACORDRINAN,False,False,False,2026-06-09
AGHACRAMPHILL,False,False,False,2026-06-09
AGHACREEVY,False,False,False,2026-06-09
AGHACROSS,False,False,False,2026-06-09
AGHACULLION,False,False,False,2026-06-09
AGHACULLY,False,False,False,2026-06-09
AGHACUNNA,False,False,False,2026-06-09
AGHACURREEN,False,False,False,2026-06-09
AGHADA,False,False,False,2026-06-09
AGHADACHOR,False,False,False,2026-06-09
AGHADAGHLY,False,False,False,2026-06-09
AGHADARAGH,False,False,False,2026-06-09
AGHADARK,False,False,False,2026-06-09
AGHADAUGH,False,False,False,2026-06-09
AGHADAVOYLE,False,False,False,2026-06-09
AGHADAVY,False,False,False,2026-06-09
AGHADE,False,False,False,2026-06-09
AGHADEGNAN,False,False,False,2026-06-09
AGHADERRARD EAST,False,False,False,2026-06-09
AGHADERRARD WEST,False,False,False,2026-06-09
AGHADERRY,False,False,False,2026-06-09
AGHADERRYLOMAN,False,False,False,2026-06-09
AGHADIFFIN,False,False,False,2026-06-09
AGHADOE,False,False,False,2026-06-09
AGHADOLGAN,False,False,False,2026-06-09
AGHADONAGH,False,False,False,2026-06-09
AGHADOOEY GLEBE,False,False,False,2026-06-09
AGHADOON,False,False,False,2026-06-09
AGHADOON OR RAVENFIELD,False,False,False,2026-06-09
AGHADOUGLAS,False,False,False,2026-06-09
AGHADOWEY,False,False,False,2026-06-09
AGHADOWN,False,False,False,2026-06-09
AGHADOWRY,False,False,False,2026-06-09
AGHADREEN,False,False,False,2026-06-09
AGHADREENACH,False,False,False,2026-06-09
AGHADREENAGH,False,False,False,2026-06-09
AGHADREENAN,False,False,False,2026-06-09
AGHADREENAN GLEBE,False,False,False,2026-06-09
AGHADRESTAN,False,False,False,2026-06-09
AGHADRINAGH,False,False,False,2026-06-09
AGHADRUM,False,False,False,2026-06-09
AGHADRUMCARN,False,False,False,2026-06-09
AGHADRUMCRU,False,False,False,2026-06-09
AGHADRUMDERG,False,False,False,2026-06-09
AGHADRUMDONEY,False,False,False,2026-06-09
AGHADRUMGLASNY,False,False,False,2026-06-09
AGHADRUMGOWNA OR CALF FIELD,False,False,False,2026-06-09
AGHADRUMGULLIN,False,False,False,2026-06-09
AGHADRUMINSHIN,False,False,False,2026-06-09
AGHADRUMKEEN,False,False,False,2026-06-09
AGHADRUMSEE,False,False,False,2026-06-09
AGHADUFF,False,False,False,2026-06-09
AGHADULLA,False,False,False,2026-06-09
AGHADULLA HARPER,False,False,False,2026-06-09
AGHADUNVANE,False,False,False,2026-06-09
AGHAFAD,False,False,False,2026-06-09
AGHAFADDA,False,False,False,2026-06-09
AGHAFARNAN,False,False,False,2026-06-09
AGHAFATTEN,False,False,False,2026-06-09
AGHAFIN,False,False,False,2026-06-09
AGHAFORE,False,False,False,2026-06-09
AGHAFOY,False,False,False,2026-06-09
AGHAFULLIM,False,False,False,2026-06-09
AGHAGAD,False,False,False,2026-06-09
AGHAGADDA,False,False,False,2026-06-09
AGHAGAFFERT,False,False,False,2026-06-09
AGHAGAH,False,False,False,2026-06-09
AGHAGALLON,False,False,False,2026-06-09
AGHAGALLY,False,False,False,2026-06-09
AGHAGASHLAN,False,False,False,2026-06-09
AGHAGASKIN,False,False,False,2026-06-09
AGHAGAW,False,False,False,2026-06-09
AGHAGAY,False,False,False,2026-06-09
AGHAGEGNA,False,False,False,2026-06-09
AGHAGHEIGH,False,False,False,2026-06-09
AGHAGINDUFF,False,False,False,2026-06-09
AGHAGINNY,False,False,False,2026-06-09
AGHAGLASHEEN,False,False,False,2026-06-09
AGHAGLASS,False,False,False,2026-06-09
AGHAGLASSAN,False,False,False,2026-06-09
AGHAGLINNY SOUTH,False,False,False,2026-06-09
AGHAGOGAN,False,False,False,2026-06-09
AGHAGOLRICK,False,False,False,2026-06-09
AGHAGOOGY,False,False,False,2026-06-09
AGHAGOOHEEN,False,False,False,2026-06-09
AGHAGOWER,False,False,False,2026-06-09
AGHAGOWLA,False,False,False,2026-06-09
AGHAGOWLA BEG,False,False,False,2026-06-09
AGHAGOWLA MORE,False,False,False,2026-06-09
AGHAGRANIA,False,False,False,2026-06-09
AGHAGREAGH,False,False,False,2026-06-09
AGHAGREFIN,False,False,False,2026-06-09
AGHAGURTY,False,False,False,2026-06-09
AGHAHANNAGH,False,False,False,2026-06-09
AGHAHERRISH,False,False,False,2026-06-09
AGHAHOORIN,False,False,False,2026-06-09
AGHAHULL,False,False,False,2026-06-09
AGHAKEE,False,False,False,2026-06-09
AGHAKEEL,False,False,False,2026-06-09
AGHAKEERAN,False,False,False,2026-06-09
AGHAKILBRACK,False,False,False,2026-06-09
AGHAKILCONNELL,False,False,False,2026-06-09
AGHAKILFAUGHNA,False,False,False,2026-06-09
AGHAKILLYMAUD,False,False,False,2026-06-09
AGHAKILMORE,False,False,False,2026-06-09
AGHAKILMORE LOWER,False,False,False,2026-06-09
AGHAKILMORE UPPER,False,False,False,2026-06-09
AGHAKINE,False,False,False,2026-06-09
AGHAKINMART,False,False,False,2026-06-09
AGHAKINNIGH,False,False,False,2026-06-09
AGHAKINSALLAGH GLEBE,False,False,False,2026-06-09
AGHAKISTA,False,False,False,2026-06-09
AGHAKNOCK,False,False,False,2026-06-09
AGHALAAN,False,False,False,2026-06-09
AGHALACKA,False,False,False,2026-06-09
AGHALACKAN,False,False,False,2026-06-09
AGHALAHARD,False,False,False,2026-06-09
AGHALANE,False,False,False,2026-06-09
AGHALARG,False,False,False,2026-06-09
AGHALARG BOG,False,False,False,2026-06-09
AGHALASTY AND ANKERSLAND,False,False,False,2026-06-09
AGHALATEEVE,False,False,False,2026-06-09
AGHALATTAFRAAL,False,False,False,2026-06-09
AGHALATTIVE,False,False,False,2026-06-09
AGHALATTY,False,False,False,2026-06-09
AGHALAVERTY,False,False,False,2026-06-09
AGHALEAG,False,False,False,2026-06-09
AGHALEAGUE,False,False,False,2026-06-09
AGHALECK,False,False,False,2026-06-09
AGHALEE,False,False,False,2026-06-09
AGHALEE BEG,False,False,False,2026-06-09
AGHALEE MORE,False,False,False,2026-06-09
AGHALENANE,False,False,False,2026-06-09
AGHALENTY,False,False,False,2026-06-09
AGHALILE,False,False,False,2026-06-09
AGHALINANE,False,False,False,2026-06-09
AGHALINNY NORTH,False,False,False,2026-06-09
AGHALION,False,False,False,2026-06-09
AGHALISK,False,False,False,2026-06-09
AGHALISKEEVAN,False,False,False,2026-06-09
AGHALISLONE,False,False,False,2026-06-09
AGHALISSABEAGH,False,False,False,2026-06-09
AGHALOAGHAN,False,False,False,2026-06-09
AGHALOONTEEN,False,False,False,2026-06-09
AGHALOORY,False,False,False,2026-06-09
AGHALOUGH,False,False,False,2026-06-09
AGHALOUGHAN,False,False,False,2026-06-09
AGHALOUGHER,False,False,False,2026-06-09
AGHALOUR,False,False,False,2026-06-09
AGHALUM,False,False,False,2026-06-09
AGHALUN,False,False,False,2026-06-09
AGHALUNNY,False,False,False,2026-06-09
AGHALURCHER GLEBE,False,False,False,2026-06-09
AGHALUSKY,False,False,False,2026-06-09
AGHALUST,False,False,False,2026-06-09
AGHALUSTIA,False,False,False,2026-06-09
AGHAMA,False,False,False,2026-06-09
AGHAMACKALINN,False,False,False,2026-06-09
AGHAMADDOCK,False,False,False,2026-06-09
AGHAMAFIR,False,False,False,2026-06-09
AGHAMANNAN,False,False,False,2026-06-09
AGHAMARTA,False,False,False,2026-06-09
AGHAMEELAN,False,False,False,2026-06-09
AGHAMEELICK,False,False,False,2026-06-09
AGHAMEELTA,False,False,False,2026-06-09
AGHAMEELTA BARR,False,False,False,2026-06-09
AGHAMEEN,False,False,False,2026-06-09
AGHAMEENY,False,False,False,2026-06-09
AGHAMILKIN,False,False,False,2026-06-09
AGHAMILLA,False,False,False,2026-06-09
AGHAMOAT,False,False,False,2026-06-09
AGHAMORE,False,False,False,2026-06-09
AGHAMORE FAR,False,False,False,2026-06-09
AGHAMORE LOWER,False,False,False,2026-06-09
AGHAMORE NEAR,False,False,False,2026-06-09
AGHAMORE NORTH,False,False,False,2026-06-09
AGHAMORE SOUTH,False,False,False,2026-06-09
AGHAMORE UPPER,False,False,False,2026-06-09
AGHAMUCK,False,False,False,2026-06-09
AGHAMUCKY,False,False,False,2026-06-09
AGHAMULDOWNEY,False,False,False,2026-06-09
AGHANAGEERAGH,False,False,False,2026-06-09
AGHANAGH,False,False,False,2026-06-09
AGHANAGLACK,False,False,False,2026-06-09
AGHANAGLOGH,False,False,False,2026-06-09
AGHANAGRAN LOWER,False,False,False,2026-06-09
AGHANAGRAN MIDDLE,False,False,False,2026-06-09
AGHANAGRAN UPPER,False,False,False,2026-06-09
AGHANAHIL,False,False,False,2026-06-09
AGHANAHOWN,False,False,False,2026-06-09
AGHANAMANAGH OR COMMEENLONAGH,False,False,False,2026-06-09
AGHANAMEENA,False,False,False,2026-06-09
AGHANANIMY,False,False,False,2026-06-09
AGHANAPISHA,False,False,False,2026-06-09
AGHANARGIT,False,False,False,2026-06-09
AGHANASCORTAN,False,False,False,2026-06-09
AGHANASHANAMORE,False,False,False,2026-06-09
AGHANBOY,False,False,False,2026-06-09
AGHANCARNAN,False,False,False,2026-06-09
AGHANCARRA,False,False,False,2026-06-09
AGHANCON,False,False,False,2026-06-09
AGHANCROSSY,False,False,False,2026-06-09
AGHANDUNVARRAN,False,False,False,2026-06-09
AGHANEENAGH,False,False,False,2026-06-09
AGHANERGILL,False,False,False,2026-06-09
AGHANGADDY GLEBE,False,False,False,2026-06-09
AGHANILLIN,False,False,False,2026-06-09
AGHANLISH,False,False,False,2026-06-09
AGHANLISS,False,False,False,2026-06-09
AGHANNACRINNA,False,False,False,2026-06-09
AGHANNAGH,False,False,False,2026-06-09
AGHANORAN,False,False,False,2026-06-09
AGHANORE,False,False,False,2026-06-09
AGHANRUSH,False,False,False,2026-06-09
AGHANSILLAGH,False,False,False,2026-06-09
AGHANTARAGHAN,False,False,False,2026-06-09
AGHANTRAH,False,False,False,2026-06-09
AGHANURE,False,False,False,2026-06-09
AGHANURSAN,False,False,False,2026-06-09
AGHANVALLY,False,False,False,2026-06-09
AGHANVILLA,False,False,False,2026-06-09
AGHANVONEEN,False,False,False,2026-06-09
AGHANY,False,False,False,2026-06-09
AGHARAH,False,False,False,2026-06-09
AGHARAHAN,False,False,False,2026-06-09
AGHARAINY,False,False,False,2026-06-09
AGHARAN,False,False,False,2026-06-09
AGHARANAGH,False,False,False,2026-06-09
AGHARANN,False,False,False,2026-06-09
AGHARANNY,False,False,False,2026-06-09
AGHARASKILLY,False,False,False,2026-06-09
AGHARDS,False,False,False,2026-06-09
AGHAREAGH,False,False,False,2026-06-09
AGHAREAGH BOG,False,False,False,2026-06-09
AGHAREAGH EAST,False,False,False,2026-06-09
AGHAREAGH WEST,False,False,False,2026-06-09
AGHAREANY,False,False,False,2026-06-09
AGHAREVAGH EAST,False,False,False,2026-06-09
AGHAREVAGH WEST,False,False,False,2026-06-09
AGHAREVILLE LOWER,False,False,False,2026-06-09
AGHAREVILLE UPPER,False,False,False,2026-06-09
AGHARICKARD,False,False,False,2026-06-09
AGHARINAGH,False,False,False,2026-06-09
AGHARONAN,False,False,False,2026-06-09
AGHAROOSKY,False,False,False,2026-06-09
AGHAROOSKY EAST,False,False,False,2026-06-09
AGHAROOSKY WEST,False,False,False,2026-06-09
AGHARRA,False,False,False,2026-06-09
AGHARROO,False,False,False,2026-06-09
AGHARROW,False,False,False,2026-06-09
AGHARUE,False,False,False,2026-06-09
AGHASCREBAGH,False,False,False,2026-06-09
AGHASESSY,False,False,False,2026-06-09
AGHASHEIL,False,False,False,2026-06-09
AGHATAHARN,False,False,False,2026-06-09
AGHATAMY,False,False,False,2026-06-09
AGHATAWNY LOWER,False,False,False,2026-06-09
AGHATAWNY UPPER,False,False,False,2026-06-09
AGHATEEDUFF,False,False,False,2026-06-09
AGHATEEMORE GLEBE,False,False,False,2026-06-09
AGHATEGGAL OR RYEFORT,False,False,False,2026-06-09
AGHATERRY,False,False,False,2026-06-09
AGHATESKIN,False,False,False,2026-06-09
AGHATHOMAS,False,False,False,2026-06-09
AGHATIROURKE,False,False,False,2026-06-09
AGHATOTAN,False,False,False,2026-06-09
AGHATUBBRID,False,False,False,2026-06-09
AGHATUBRID,False,False,False,2026-06-09
AGHATUBRID BEG,False,False,False,2026-06-09
AGHATUBRID MORE,False,False,False,2026-06-09
AGHAVADDEN,False,False,False,2026-06-09
AGHAVADDY,False,False,False,2026-06-09
AGHAVADRIN,False,False,False,2026-06-09
AGHAVANAGH RAM,False,False,False,2026-06-09
AGHAVANAGH REVELL,False,False,False,2026-06-09
AGHAVANAGH MOUNTAIN,False,False,False,2026-06-09
AGHAVANNAN FAR,False,False,False,2026-06-09
AGHAVANNAN NEAR,False,False,False,2026-06-09
AGHAVANNY,False,False,False,2026-06-09
AGHAVARY,False,False,False,2026-06-09
AGHAVAS,False,False,False,2026-06-09
AGHAVASS,False,False,False,2026-06-09
AGHAVEA,False,False,False,2026-06-09
AGHAVEA GLEBE,False,False,False,2026-06-09
AGHAVEAGH,False,False,False,2026-06-09
AGHAVEANS,False,False,False,2026-06-09
AGHAVILLA,False,False,False,2026-06-09
AGHAVILLE,False,False,False,2026-06-09
AGHAVILLER,False,False,False,2026-06-09
AGHAVILLY,False,False,False,2026-06-09
AGHAVINE,False,False,False,2026-06-09
AGHAVOGHIL,False,False,False,2026-06-09
AGHAVOHER,False,False,False,2026-06-09
AGHAVONEEN,False,False,False,2026-06-09
AGHAVOORY,False,False,False,2026-06-09
AGHAVORE,False,False,False,2026-06-09
AGHAVRIN,False,False,False,2026-06-09
AGHAWARACAHILL,False,False,False,2026-06-09
AGHAWARD,False,False,False,2026-06-09
AGHAWAY,False,False,False,2026-06-09
AGHAWEE,False,False,False,2026-06-09
AGHAWEELY LOWER,False,False,False,2026-06-09
AGHAWEELY UPPER,False,False,False,2026-06-09
AGHAWEENAGH,False,False,False,2026-06-09
AGHAWERRINY,False,False,False,2026-06-09
AGHAWILLIN,False,False,False,2026-06-09
AGHAWINNAUN,False,False,False,2026-06-09
AGHAWONAN,False,False,False,2026-06-09
AGHAWONEY,False,False,False,2026-06-09
AGHAYALLOGE,False,False,False,2026-06-09
AGHAYEEVOGE,False,False,False,2026-06-09
AGHCLARE,False,False,False,2026-06-09
AGHCROSS,False,False,False,2026-06-09
AGHDUFF,False,False,False,2026-06-09
AGHEE,False,False,False,2026-06-09
AGHEEGHTER,False,False,False,2026-06-09
AGHEESHAL,False,False,False,2026-06-09
AGHENDERRY,False,False,False,2026-06-09
AGHENIS,False,False,False,2026-06-09
AGHER,False,False,False,2026-06-09
AGHERACALKILL,False,False,False,2026-06-09
AGHERAKELTAN,False,False,False,2026-06-09
AGHERALANE,False,False,False,2026-06-09
AGHERN EAST,False,False,False,2026-06-09
AGHERN WEST,False,False,False,2026-06-09
AGHFARREL,False,False,False,2026-06-09
AGHILLAUN,False,False,False,2026-06-09
AGHILLS,False,False,False,2026-06-09
AGHILLY AND LENYNARNAN,False,False,False,2026-06-09
AGHINASPICK,False,False,False,2026-06-09
AGHINCURK,False,False,False,2026-06-09
AGHINDAIAGH,False,False,False,2026-06-09
AGHINDARRAGH EAST,False,False,False,2026-06-09
AGHINDARRAGH WEST,False,False,False,2026-06-09
AGHINDISERT,False,False,False,2026-06-09
AGHINDRUMMAN,False,False,False,2026-06-09
AGHINGOWLY,False,False,False,2026-06-09
AGHINILLARD,False,False,False,2026-06-09
AGHINISH,False,False,False,2026-06-09
AGHINLARK,False,False,False,2026-06-09
AGHINLIG,False,False,False,2026-06-09
AGHINRAHEEN,False,False,False,2026-06-09
AGHINTAIN,False,False,False,2026-06-09
AGHINTAMY,False,False,False,2026-06-09
AGHINTASS,False,False,False,2026-06-09
AGHINTEEDUFF,False,False,False,2026-06-09
AGHINTEMPLE,False,False,False,2026-06-09
AGHINTOBER,False,False,False,2026-06-09
AGHINTRA,False,False,False,2026-06-09
AGHINURE,False,False,False,2026-06-09
AGHINVER,False,False,False,2026-06-09
AGHLACON,False,False,False,2026-06-09
AGHLATTACRU,False,False,False,2026-06-09
AGHLEAM,False,False,False,2026-06-09
AGHLEHARD,False,False,False,2026-06-09
AGHLEM,False,False,False,2026-06-09
AGHLIN,False,False,False,2026-06-09
AGHLISK,False,False,False,2026-06-09
AGHLISNAFIN,False,False,False,2026-06-09
AGHLOONAGH,False,False,False,2026-06-09
AGHLORAGH,False,False,False,2026-06-09
AGHMACART,False,False,False,2026-06-09
AGHMAGREE,False,False,False,2026-06-09
AGHMAKANE,False,False,False,2026-06-09
AGHMAKERR,False,False,False,2026-06-09
AGHMANISTER AND SPITAL,False,False,False,2026-06-09
AGHNABLANEY,False,False,False,2026-06-09
AGHNABOHY,False,False,False,2026-06-09
AGHNACALLY,False,False,False,2026-06-09
AGHNACALLY GLEBE,False,False,False,2026-06-09
AGHNACARRA,False,False,False,2026-06-09
AGHNACHUILL,False,False,False,2026-06-09
AGHNACLEA,False,False,False,2026-06-09
AGHNACLIFF,False,False,False,2026-06-09
AGHNACLOY,False,False,False,2026-06-09
AGHNACLOY NORTH,False,False,False,2026-06-09
AGHNACLOY SOUTH,False,False,False,2026-06-09
AGHNACOLLIA,False,False,False,2026-06-09
AGHNACOR,False,False,False,2026-06-09
AGHNACRANAGH,False,False,False,2026-06-09
AGHNACREEVY,False,False,False,2026-06-09
AGHNACROSS,False,False,False,2026-06-09
AGHNACUE,False,False,False,2026-06-09
AGHNADAMPH,False,False,False,2026-06-09
AGHNADARAGAN,False,False,False,2026-06-09
AGHNADARRAGH,False,False,False,2026-06-09
AGHNADORE,False,False,False,2026-06-09
AGHNADRUNG,False,False,False,2026-06-09
AGHNAFARGAN,False,False,False,2026-06-09
AGHNAGAP,False,False,False,2026-06-09
AGHNAGAR,False,False,False,2026-06-09
AGHNAGARRON,False,False,False,2026-06-09
AGHNAGILLA,False,False,False,2026-06-09
AGHNAGLEA,False,False,False,2026-06-09
AGHNAGLEAR,False,False,False,2026-06-09
AGHNAGLOCH,False,False,False,2026-06-09
AGHNAGLOGH,False,False,False,2026-06-09
AGHNAGLUE,False,False,False,2026-06-09
AGHNAGOLLOP,False,False,False,2026-06-09
AGHNAGORE,False,False,False,2026-06-09
AGHNAGRANE,False,False,False,2026-06-09
AGHNAGRANGE,False,False,False,2026-06-09
AGHNAGREGGAN,False,False,False,2026-06-09
AGHNAGROSS,False,False,False,2026-06-09
AGHNAGUIG,False,False,False,2026-06-09
AGHNAHA,False,False,False,2026-06-09
AGHNAHAHA,False,False,False,2026-06-09
AGHNAHAIA GLEBE,False,False,False,2026-06-09
AGHNAHEDERNY,False,False,False,2026-06-09
AGHNAHILY,False,False,False,2026-06-09
AGHNAHILY BOG,False,False,False,2026-06-09
AGHNAHINCH,False,False,False,2026-06-09
AGHNAHOE,False,False,False,2026-06-09
AGHNAHOLA,False,False,False,2026-06-09
AGHNAHOO,False,False,False,2026-06-09
AGHNAHOO GLEBE,False,False,False,2026-06-09
AGHNAHOUGH,False,False,False,2026-06-09
AGHNAHUNSHIN,False,False,False,2026-06-09
AGHNAKEERAGH,False,False,False,2026-06-09
AGHNALECK,False,False,False,2026-06-09
AGHNALOO,False,False,False,2026-06-09
AGHNAMADDOO,False,False,False,2026-06-09
AGHNAMALLAGH,False,False,False,2026-06-09
AGHNAMARD,False,False,False,2026-06-09
AGHNAMEADLE,False,False,False,2026-06-09
AGHNAMEAL,False,False,False,2026-06-09
AGHNAMIRIGAN,False,False,False,2026-06-09
AGHNAMOE,False,False,False,2026-06-09
AGHNAMOIRA,False,False,False,2026-06-09
AGHNAMONA,False,False,False,2026-06-09
AGHNAMONEY,False,False,False,2026-06-09
AGHNAMOYLE,False,False,False,2026-06-09
AGHNAMULLEN,False,False,False,2026-06-09
AGHNANANAGH,False,False,False,2026-06-09
AGHNANEANE OR HERMITAGE,False,False,False,2026-06-09
AGHNANEREAGH,False,False,False,2026-06-09
AGHNASEDAGH,False,False,False,2026-06-09
AGHNASHALVY,False,False,False,2026-06-09
AGHNASHAMMER,False,False,False,2026-06-09
AGHNASHANNAGH,False,False,False,2026-06-09
AGHNASHINGAN,False,False,False,2026-06-09
AGHNASILLAGH,False,False,False,2026-06-09
AGHNASKEA,False,False,False,2026-06-09
AGHNASKEAGH,False,False,False,2026-06-09
AGHNASKERRY,False,False,False,2026-06-09
AGHNASKEW,False,False,False,2026-06-09
AGHNASKEW GLEBE,False,False,False,2026-06-09
AGHNASULLIVAN,False,False,False,2026-06-09
AGHNASURN,False,False,False,2026-06-09
AGHNATRISK,False,False,False,2026-06-09
AGHNAVAR,False,False,False,2026-06-09
AGHNAVEALOGE,False,False,False,2026-06-09
AGHO,False,False,False,2026-06-09
AGHODY,False,False,False,2026-06-09
AGHONEY,False,False,False,2026-06-09
AGHOO,False,False,False,2026-06-09
AGHOO EAST,False,False,False,2026-06-09
AGHOO WEST,False,False,False,2026-06-09
AGHOOS,False,False,False,2026-06-09
AGHORT,False,False,False,2026-06-09
AGHORY,False,False,False,2026-06-09
AGHOUTEREERY,False,False,False,2026-06-09
AGHPAUDEEN,False,False,False,2026-06-09
AGHRABOY,False,False,False,2026-06-09
AGHRAFINIGAN,False,False,False,2026-06-09
AGHRAGH,False,False,False,2026-06-09
AGHRANE,False,False,False,2026-06-09
AGHRUNNIAGHT,False,False,False,2026-06-09
AGHSMEAR,False,False,False,2026-06-09
AGHTABOY,False,False,False,2026-06-09
AGHULDRED,False,False,False,2026-06-09
AGHULLAGHY,False,False,False,2026-06-09
AGHWATER,False,False,False,2026-06-09
AGHYARIN,False,False,False,2026-06-09
AGHYOGHIL BEG,False,False,False,2026-06-09
AGHYOGHIL MORE,False,False,False,2026-06-09
AGHYOGHILL,False,False,False,2026-06-09
AGHYOULE,False,False,False,2026-06-09
AGHYOWLA,False,False,False,2026-06-09
AGHYRASSY,False,False,False,2026-06-09
AGLISH,False,False,False,2026-06-09
AGLISH NORTH,False,False,False,2026-06-09
AGLISH SOUTH,False,False,False,2026-06-09
AGLORAGH,False,False,False,2026-06-09
AGOLAGH,False,False,False,2026-06-09
AGRIMHILL,False,False,False,2026-06-09
AHABEG,False,False,False,2026-06-09
AHABEG ROSS,False,False,False,2026-06-09
AHACLARE,False,False,False,2026-06-09
AHACORE,False,False,False,2026-06-09
AHADAGH,False,False,False,2026-06-09
AHADALLANE,False,False,False,2026-06-09
AHAGA,False,False,False,2026-06-09
AHAGILLA,False,False,False,2026-06-09
AHAGLASLIN,False,False,False,2026-06-09
AHAGLUGGER,False,False,False,2026-06-09
AHAKEERA,False,False,False,2026-06-09
AHALAHANA,False,False,False,2026-06-09
AHALISKY,False,False,False,2026-06-09
AHANAGH,False,False,False,2026-06-09
AHANAGLOGH,False,False,False,2026-06-09
AHANDUFF BEG,False,False,False,2026-06-09
AHANDUFF MORE,False,False,False,2026-06-09
AHANE,False,False,False,2026-06-09
AHANE BEG,False,False,False,2026-06-09
AHANE LOWER,False,False,False,2026-06-09
AHANE UPPER,False,False,False,2026-06-09
AHANEBOY,False,False,False,2026-06-09
AHANROE,False,False,False,2026-06-09
AHANURE NORTH,False,False,False,2026-06-09
AHANURE SOUTH,False,False,False,2026-06-09
AHAPOULEEN,False,False,False,2026-06-09
AHARE,False,False,False,2026-06-09
AHARINAGHBEG,False,False,False,2026-06-09
AHARINAGHMORE,False,False,False,2026-06-09
AHARNEY,False,False,False,2026-06-09
AHASCRA,False,False,False,2026-06-09
AHASCRAGH EAST,False,False,False,2026-06-09
AHASCRAGH WEST,False,False,False,2026-06-09
AHASLA,False,False,False,2026-06-09
AHAUN,False,False,False,2026-06-09
AHAUNBOY NORTH,False,False,False,2026-06-09
AHAVEHEEN,False,False,False,2026-06-09
AHAWILK,False,False,False,2026-06-09
AHENA,False,False,False,2026-06-09
AHENNY,False,False,False,2026-06-09
AHENNY LITTLE,False,False,False,2026-06-09
AHERLA BEG,False,False,False,2026-06-09
AHERLA MORE,False,False,False,2026-06-09
AHIDELAKE,False,False,False,2026-06-09
AHIL BEG,False,False,False,2026-06-09
AHIL MORE,False,False,False,2026-06-09
AHILDOTIA,False,False,False,2026-06-09
AHIMMA,False,False,False,2026-06-09
AHNAGURRA,False,False,False,2026-06-09
AIGHAN,False,False,False,2026-06-09
AIGHE,False,False,False,2026-06-09
AILBRACK,False,False,False,2026-06-09
AILLDAVORE,False,False,False,2026-06-09
AILLE,False,False,False,2026-06-09
AILLEBAUN,False,False,False,2026-06-09
AILLEBRACK,False,False,False,2026-06-09
AILLEMORE,False,False,False,2026-06-09
AILLENACALLY,False,False,False,2026-06-09
AILLENAVEAGH,False,False,False,2026-06-09
AILLROE BEG,False,False,False,2026-06-09
AILLROE MORE,False,False,False,2026-06-09
AILLVAUN,False,False,False,2026-06-09
AILLWEE,False,False,False,2026-06-09
AIRD,False,False,False,2026-06-09
AIRGLOONY,False,False,False,2026-06-09
AKIP,False,False,False,2026-06-09
ALACHAÃ BEAG THUAIDH,False,False,False,2026-06-09
ALACHAÃ MÃ³R,False,False,False,2026-06-09
ALASTY,False,False,False,2026-06-09
ALCROSSAGH,False,False,False,2026-06-09
ALDERBOROUGH,False,False,False,2026-06-09
ALDERFORD,False,False,False,2026-06-09
ALDERWOOD,False,False,False,2026-06-09
ALDFRECK,False,False,False,2026-06-09
ALDOROUGH,False,False,False,2026-06-09
ALDRIDGE,False,False,False,2026-06-09
ALDWORTH,False,False,False,2026-06-09
ALEXANDER REID,False,False,False,2026-06-09
ALKILL,False,False,False,2026-06-09
ALLA,False,False,False,2026-06-09
ALLA LOWER,False,False,False,2026-06-09
ALLA UPPER,False,False,False,2026-06-09
ALLAGESH,False,False,False,2026-06-09
ALLAGH ISLAND,False,False,False,2026-06-09
ALLAGHEE BEG SOUTH,False,False,False,2026-06-09
ALLAGOUR,False,False,False,2026-06-09
ALLAPHREAGHAUN,False,False,False,2026-06-09
ALLARDSTOWN,False,False,False,2026-06-09
ALLCOLLEGE,False,False,False,2026-06-09
ALLEEN HOGAN,False,False,False,2026-06-09
ALLEEN RYAN,False,False,False,2026-06-09
ALLEENDARRA EAST,False,False,False,2026-06-09
ALLEENDARRA WEST,False,False,False,2026-06-09
ALLEN,False,False,False,2026-06-09
ALLENAGH,False,False,False,2026-06-09
ALLENGORT,False,False,False,2026-06-09
ALLENSTOWN BIG,False,False,False,2026-06-09
ALLENSTOWN DEMESNE,False,False,False,2026-06-09
ALLENSTOWN LITTLE,False,False,False,2026-06-09
ALLENSWOOD,False,False,False,2026-06-09
ALLENWOOD MIDDLE,False,False,False,2026-06-09
ALLENWOOD NORTH,False,False,False,2026-06-09
ALLENWOOD SOUTH,False,False,False,2026-06-09
ALLIGANSTOWN,False,False,False,2026-06-09
ALLIHIES,False,False,False,2026-06-09
ALLISTRAGH,False,False,False,2026-06-09
ALLOON LOWER,False,False,False,2026-06-09
ALLOON UPPER,False,False,False,2026-06-09
ALLOONBAUN,False,False,False,2026-06-09
ALLOWAN ISLAND,False,False,False,2026-06-09
ALLY,False,False,False,2026-06-09
ALLYGOLA,False,False,False,2026-06-09
ALLYKEOLAUN,False,False,False,2026-06-09
ALMONDSTOWN,False,False,False,2026-06-09
ALOHART,False,False,False,2026-06-09
ALSMEED,False,False,False,2026-06-09
ALT,False,False,False,2026-06-09
ALT LOWER,False,False,False,2026-06-09
ALT UPPER,False,False,False,2026-06-09
ALTACAMCOSY,False,False,False,2026-06-09
ALTACHULLION LOWER,False,False,False,2026-06-09
ALTACHULLION UPPER,False,False,False,2026-06-09
ALTADAVEN,False,False,False,2026-06-09
ALTADOO,False,False,False,2026-06-09
ALTADUSH,False,False,False,2026-06-09
ALTAGHADERRY,False,False,False,2026-06-09
ALTAGHONEY,False,False,False,2026-06-09
ALTAGOAGHAN,False,False,False,2026-06-09
ALTAGORE,False,False,False,2026-06-09
ALTAGOWLAN,False,False,False,2026-06-09
ALTAHALLA,False,False,False,2026-06-09
ALTAKEERAN,False,False,False,2026-06-09
ALTAMIRA,False,False,False,2026-06-09
ALTAMONT,False,False,False,2026-06-09
ALTAMOOSKAN,False,False,False,2026-06-09
ALTAMULLAN,False,False,False,2026-06-09
ALTAN,False,False,False,2026-06-09
ALTANAGH,False,False,False,2026-06-09
ALTANAVERAGH,False,False,False,2026-06-09
ALTANELVICK,False,False,False,2026-06-09
ALTANS,False,False,False,2026-06-09
ALTAR,False,False,False,2026-06-09
ALTARICHARD,False,False,False,2026-06-09
ALTARTATE GLEBE,False,False,False,2026-06-09
ALTASHANE,False,False,False,2026-06-09
ALTASKIN,False,False,False,2026-06-09
ALTATESKIN,False,False,False,2026-06-09
ALTATRAGHT,False,False,False,2026-06-09
ALTATURK,False,False,False,2026-06-09
ALTAVEEDAN NORTH,False,False,False,2026-06-09
ALTAVEEDAN SOUTH,False,False,False,2026-06-09
ALTAVILLA,False,False,False,2026-06-09
ALTAVRA,False,False,False,2026-06-09
ALTAWARK,False,False,False,2026-06-09
ALTBAUN,False,False,False,2026-06-09
ALTBEAGH,False,False,False,2026-06-09
ALTBREAN,False,False,False,2026-06-09
ALTCLOGH,False,False,False,2026-06-09
ALTCLOGHFIN,False,False,False,2026-06-09
ALTCOR,False,False,False,2026-06-09
ALTCROCK,False,False,False,2026-06-09
ALTDERG,False,False,False,2026-06-09
ALTDOGHAL,False,False,False,2026-06-09
ALTDRUMMAN,False,False,False,2026-06-09
ALTDUFF,False,False,False,2026-06-09
ALTEEN,False,False,False,2026-06-09
ALTEENACRES GLEBE,False,False,False,2026-06-09
ALTERNAN PARK,False,False,False,2026-06-09
ALTGOLAN,False,False,False,2026-06-09
ALTIBRIAN,False,False,False,2026-06-09
ALTIGARRON,False,False,False,2026-06-09
ALTIKEERAGH,False,False,False,2026-06-09
ALTILEVELLY,False,False,False,2026-06-09
ALTILOW,False,False,False,2026-06-09
ALTINIERIN,False,False,False,2026-06-09
ALTINURE,False,False,False,2026-06-09
ALTINURE LOWER,False,False,False,2026-06-09
ALTINURE UPPER,False,False,False,2026-06-09
ALTIQUIN,False,False,False,2026-06-09
ALTISHAHANE,False,False,False,2026-06-09
ALTLAHAN,False,False,False,2026-06-09
ALTMARTIN,False,False,False,2026-06-09
ALTMORE,False,False,False,2026-06-09
ALTMORE LOWER,False,False,False,2026-06-09
ALTMORE UPPER,False,False,False,2026-06-09
ALTMUSH,False,False,False,2026-06-09
ALTNABROCKY,False,False,False,2026-06-09
ALTNADARRAGH,False,False,False,2026-06-09
ALTNAGAPPLE,False,False,False,2026-06-09
ALTNAGEEROG,False,False,False,2026-06-09
ALTNAGELVIN,False,False,False,2026-06-09
ALTNAGLUSHAN,False,False,False,2026-06-09
ALTNAGORE,False,False,False,2026-06-09
ALTNAHINCH,False,False,False,2026-06-09
ALTNAMACKAN,False,False,False,2026-06-09
ALTNAPASTE,False,False,False,2026-06-09
ALTNAPONER,False,False,False,2026-06-09
ALTNASHEEN,False,False,False,2026-06-09
ALTNAVANNOG,False,False,False,2026-06-09
ALTNAVEAGH,False,False,False,2026-06-09
ALTNAVEIGH,False,False,False,2026-06-09
ALTOGHIL,False,False,False,2026-06-09
ALTORE,False,False,False,2026-06-09
ALTREST,False,False,False,2026-06-09
ALTS,False,False,False,2026-06-09
ALTSHALLAN,False,False,False,2026-06-09
ALTVELID,False,False,False,2026-06-09
ALVA,False,False,False,2026-06-09
ALWORIES,False,False,False,2026-06-09
AMAGH,False,False,False,2026-06-09
AMAUN,False,False,False,2026-06-09
AMBERHILL,False,False,False,2026-06-09
AMBROSETOWN,False,False,False,2026-06-09
AMERICA,False,False,False,2026-06-09
AMOGAN BEG,False,False,False,2026-06-09
AMOGAN MORE,False,False,False,2026-06-09
AMORSET,False,False,False,2026-06-09
AN ARDAIDH BHEAG,False,False,False,2026-06-09
AN ARDAIDH MHÃ³R,False,False,False,2026-06-09
AN BAILE BREAC,False,False,False,2026-06-09
AN BAILE UACHTARACH THIAR,False,False,False,2026-06-09
AN BAILE UACHTARACH THOIR,False,False,False,2026-06-09
AN BHÃNRAINN BHÃN THUAIDH,False,False,False,2026-06-09
AN CAISEAL,False,False,False,2026-06-09
AN CARN MÃ³R THIAR,False,False,False,2026-06-09
AN CARRAIGÃN,False,False,False,2026-06-09
AN CHAISLEACH,False,False,False,2026-06-09
AN CHATHAIR BHEARNACH,False,False,False,2026-06-09
AN CHEAPACH THIAR,False,False,False,2026-06-09
AN CHEAPACH THOIR,False,False,False,2026-06-09
AN CHEATHRÃº CHAOL,False,False,False,2026-06-09
AN CHEATHRÃº RUA THEAS,False,False,False,2026-06-09
AN CHEATHRÃº RUA THUAIDH,False,False,False,2026-06-09
AN CHILLÃN LIATH,False,False,False,2026-06-09
AN CHLAIS,False,False,False,2026-06-09
AN CHLOICH MHÃ³R THUAIDH,False,False,False,2026-06-09
AN CHLUAIN,False,False,False,2026-06-09
AN CHNAPÃ³G,False,False,False,2026-06-09
AN CHOILL BHEAG ÃOCHTAIR,False,False,False,2026-06-09
AN CHORRBHUAILE,False,False,False,2026-06-09
AN CHORRGHRÃIG,False,False,False,2026-06-09
AN CHÃºIL RUA,False,False,False,2026-06-09
AN CLADRACH,False,False,False,2026-06-09
AN CNOCÃN RUA,False,False,False,2026-06-09
AN COIMÃN THEAS,False,False,False,2026-06-09
AN COIMÃN THUAIDH,False,False,False,2026-06-09
AN COM,False,False,False,2026-06-09
AN CORRMHACHA,False,False,False,2026-06-09
AN DOIRÃN,False,False,False,2026-06-09
AN DOIRÃN ÃLAINN,False,False,False,2026-06-09
AN DROMAID,False,False,False,2026-06-09
AN FEARANN IARTHACH,False,False,False,2026-06-09
AN FHAICHE,False,False,False,2026-06-09
AN FHAILL DRONNACH,False,False,False,2026-06-09
AN FHAIRCHE,False,False,False,2026-06-09
AN FÃL CARRACH,False,False,False,2026-06-09
AN GABHLÃN,False,False,False,2026-06-09
AN GHRÃIG,False,False,False,2026-06-09
AN GHRÁINSEACH,False,False,False,2026-06-09
AN GLAIDHB,False,False,False,2026-06-09
AN GLEANN BEAG,False,False,False,2026-06-09
AN GLEANN IARTHACH,False,False,False,2026-06-09
AN GLEANN MÃ³R,False,False,False,2026-06-09
AN GORT MÃ³R,False,False,False,2026-06-09
AN INSE BHUÃ,False,False,False,2026-06-09
AN LAIGHDEACÃN,False,False,False,2026-06-09
AN LEITHEAD,False,False,False,2026-06-09
AN LIAG,False,False,False,2026-06-09
AN LOMÃNACH BHEAG,False,False,False,2026-06-09
AN LOMÃNACH MHÃ³R,False,False,False,2026-06-09
AN LÃIM THIAR,False,False,False,2026-06-09
AN LÃIM THOIR,False,False,False,2026-06-09
AN LÃ³THAR,False,False,False,2026-06-09
AN MHAOILINN,False,False,False,2026-06-09
AN MHUIRÃOCH,False,False,False,2026-06-09
AN MHÃ³IN FHIONN,False,False,False,2026-06-09
AN MUIRNEACH BEAG,False,False,False,2026-06-09
AN MÃM THOIR,False,False,False,2026-06-09
AN MÃ³INÃN MÃ³R,False,False,False,2026-06-09
AN RATHÃºNACH THOIR,False,False,False,2026-06-09
AN RIASC,False,False,False,2026-06-09
AN RINN IARTHACH,False,False,False,2026-06-09
AN RINN RUA,False,False,False,2026-06-09
AN RINNÃN,False,False,False,2026-06-09
AN ROISÃN THIAR,False,False,False,2026-06-09
AN ROISÃN THOIR,False,False,False,2026-06-09
AN RÃTH,False,False,False,2026-06-09
AN RÃ MHEÃNACH,False,False,False,2026-06-09
AN SCREATHAN,False,False,False,2026-06-09
AN SEANBHAILE,False,False,False,2026-06-09
AN SEANCHNOC,False,False,False,2026-06-09
AN SIÃN RUA,False,False,False,2026-06-09
AN SLIABH RIABHACH,False,False,False,2026-06-09
AN SPIDÃAL THOIR,False,False,False,2026-06-09
AN TULAIGH,False,False,False,2026-06-09
AN TARDGHORT,False,False,False,2026-06-09
AN TIMLEACH MÃ³R THIAR,False,False,False,2026-06-09
AN TIMLEACH MÃ³R THOIR,False,False,False,2026-06-09
AN TOILEÃN BUÃ,False,False,False,2026-06-09
AN TOILEÃN BÃN,False,False,False,2026-06-09
AN TSEANTÃ³IR,False,False,False,2026-06-09
ANABLAHA,False,False,False,2026-06-09
ANACRAMP,False,False,False,2026-06-09
ANAGASNA GLEBE,False,False,False,2026-06-09
ANAGLOG,False,False,False,2026-06-09
ANAHARLICK,False,False,False,2026-06-09
ANATRIM,False,False,False,2026-06-09
ANAUNBOY SOUTH,False,False,False,2026-06-09
ANAVERNA,False,False,False,2026-06-09
ANBALLY,False,False,False,2026-06-09
ANDRAID,False,False,False,2026-06-09
ANDRESNA,False,False,False,2026-06-09
ANGLESBOROUGH,False,False,False,2026-06-09
ANGLINGHAM,False,False,False,2026-06-09
ANGLODE,False,False,False,2026-06-09
ANGLONT,False,False,False,2026-06-09
ANGLORE,False,False,False,2026-06-09
ANGRAM,False,False,False,2026-06-09
ANHID EAST,False,False,False,2026-06-09
ANHID WEST,False,False,False,2026-06-09
ANKAIL,False,False,False,2026-06-09
ANKERS BOWER,False,False,False,2026-06-09
ANNA BEG,False,False,False,2026-06-09
ANNA ISLAND,False,False,False,2026-06-09
ANNA MORE,False,False,False,2026-06-09
ANNABELLA,False,False,False,2026-06-09
ANNABOE,False,False,False,2026-06-09
ANNACARNEY,False,False,False,2026-06-09
ANNACARRIGA,False,False,False,2026-06-09
ANNACATTY,False,False,False,2026-06-09
ANNACHULLION GLEBE,False,False,False,2026-06-09
ANNACLARE,False,False,False,2026-06-09
ANNACLAREY,False,False,False,2026-06-09
ANNACLOCHAN,False,False,False,2026-06-09
ANNACLOGHMULLIN,False,False,False,2026-06-09
ANNACLOY,False,False,False,2026-06-09
ANNACRAMPH,False,False,False,2026-06-09
ANNACROFF,False,False,False,2026-06-09
ANNADALE,False,False,False,2026-06-09
ANNADORN,False,False,False,2026-06-09
ANNADRUMMAN,False,False,False,2026-06-09
ANNADUFF,False,False,False,2026-06-09
ANNADUFF GLEBE,False,False,False,2026-06-09
ANNAFARNEY,False,False,False,2026-06-09
ANNAGALLY,False,False,False,2026-06-09
ANNAGANNIHY,False,False,False,2026-06-09
ANNAGAP,False,False,False,2026-06-09
ANNAGAR,False,False,False,2026-06-09
ANNAGARVEY,False,False,False,2026-06-09
ANNAGARY,False,False,False,2026-06-09
ANNAGELLIFF,False,False,False,2026-06-09
ANNAGERRIL,False,False,False,2026-06-09
ANNAGH,False,False,False,2026-06-09
ANNAGH AUGHER,False,False,False,2026-06-09
ANNAGH BLESSINGBOURNE,False,False,False,2026-06-09
ANNAGH BOLTONS,False,False,False,2026-06-09
ANNAGH MCCANNS,False,False,False,2026-06-09
ANNAGH BEG,False,False,False,2026-06-09
ANNAGH BOGS,False,False,False,2026-06-09
ANNAGH CENTRAL,False,False,False,2026-06-09
ANNAGH DEMESNE,False,False,False,2026-06-09
ANNAGH EAST,False,False,False,2026-06-09
ANNAGH HILL,False,False,False,2026-06-09
ANNAGH ISLAND,False,False,False,2026-06-09
ANNAGH ISLAND EAST,False,False,False,2026-06-09
ANNAGH ISLAND MIDDLE,False,False,False,2026-06-09
ANNAGH ISLAND WEST,False,False,False,2026-06-09
ANNAGH LONG,False,False,False,2026-06-09
ANNAGH LOWER,False,False,False,2026-06-09
ANNAGH MIDDLE,False,False,False,2026-06-09
ANNAGH MORE,False,False,False,2026-06-09
ANNAGH NORTH,False,False,False,2026-06-09
ANNAGH SOUTH,False,False,False,2026-06-09
ANNAGH UPPER,False,False,False,2026-06-09
ANNAGH WEST,False,False,False,2026-06-09
ANNAGH AND MONEYSTERLIN,False,False,False,2026-06-09
ANNAGHADERG,False,False,False,2026-06-09
ANNAGHALOUGH,False,False,False,2026-06-09
ANNAGHANANAM,False,False,False,2026-06-09
ANNAGHANANNY,False,False,False,2026-06-09
ANNAGHANERRIG,False,False,False,2026-06-09
ANNAGHANMONEY,False,False,False,2026-06-09
ANNAGHANOON,False,False,False,2026-06-09
ANNAGHARAP,False,False,False,2026-06-09
ANNAGHARD,False,False,False,2026-06-09
ANNAGHARNET,False,False,False,2026-06-09
ANNAGHARVEY,False,False,False,2026-06-09
ANNAGHASKIN,False,False,False,2026-06-09
ANNAGHASNA,False,False,False,2026-06-09
ANNAGHBANE,False,False,False,2026-06-09
ANNAGHBEG,False,False,False,2026-06-09
ANNAGHBO,False,False,False,2026-06-09
ANNAGHBOY,False,False,False,2026-06-09
ANNAGHBRACK,False,False,False,2026-06-09
ANNAGHBRACK GLEBE,False,False,False,2026-06-09
ANNAGHBRADICAN,False,False,False,2026-06-09
ANNAGHBRIDE,False,False,False,2026-06-09
ANNAGHCALLOW,False,False,False,2026-06-09
ANNAGHCARTHY,False,False,False,2026-06-09
ANNAGHCLOY,False,False,False,2026-06-09
ANNAGHCOOLEEN,False,False,False,2026-06-09
ANNAGHCOR,False,False,False,2026-06-09
ANNAGHCORRIB,False,False,False,2026-06-09
ANNAGHDANIEL,False,False,False,2026-06-09
ANNAGHDERG LOWER,False,False,False,2026-06-09
ANNAGHDERG UPPER,False,False,False,2026-06-09
ANNAGHDOWN,False,False,False,2026-06-09
ANNAGHDUFF,False,False,False,2026-06-09
ANNAGHEANE,False,False,False,2026-06-09
ANNAGHEARLY,False,False,False,2026-06-09
ANNAGHER,False,False,False,2026-06-09
ANNAGHERVY,False,False,False,2026-06-09
ANNAGHFIN,False,False,False,2026-06-09
ANNAGHGAD,False,False,False,2026-06-09
ANNAGHGAP,False,False,False,2026-06-09
ANNAGHGERRY,False,False,False,2026-06-09
ANNAGHGORTAGH,False,False,False,2026-06-09
ANNAGHGOWAN,False,False,False,2026-06-09
ANNAGHGOWLA ISLAND,False,False,False,2026-06-09
ANNAGHHILL,False,False,False,2026-06-09
ANNAGHIERIN,False,False,False,2026-06-09
ANNAGHILLA,False,False,False,2026-06-09
ANNAGHILLY NORTH,False,False,False,2026-06-09
ANNAGHILLY SOUTH,False,False,False,2026-06-09
ANNAGHILYMORE,False,False,False,2026-06-09
ANNAGHKEEL,False,False,False,2026-06-09
ANNAGHKEELANE,False,False,False,2026-06-09
ANNAGHKEEN,False,False,False,2026-06-09
ANNAGHKEENLY,False,False,False,2026-06-09
ANNAGHKEENTY,False,False,False,2026-06-09
ANNAGHKILLY,False,False,False,2026-06-09
ANNAGHLEE,False,False,False,2026-06-09
ANNAGHMACMANUS,False,False,False,2026-06-09
ANNAGHMACONWAY,False,False,False,2026-06-09
ANNAGHMACULLEN,False,False,False,2026-06-09
ANNAGHMAGHERA,False,False,False,2026-06-09
ANNAGHMAGURTHAN,False,False,False,2026-06-09
ANNAGHMAKEONAN,False,False,False,2026-06-09
ANNAGHMAKEOWN,False,False,False,2026-06-09
ANNAGHMARE,False,False,False,2026-06-09
ANNAGHMARTIN,False,False,False,2026-06-09
ANNAGHMINNAN,False,False,False,2026-06-09
ANNAGHMINNOGUE,False,False,False,2026-06-09
ANNAGHMONA,False,False,False,2026-06-09
ANNAGHMORE,False,False,False,2026-06-09
ANNAGHMORE EAST,False,False,False,2026-06-09
ANNAGHMORE GLEBE,False,False,False,2026-06-09
ANNAGHMORE WEST,False,False,False,2026-06-09
ANNAGHMORE AND ANNAGHBEG,False,False,False,2026-06-09
ANNAGHMULLIN,False,False,False,2026-06-09
ANNAGHMURNIN,False,False,False,2026-06-09
ANNAGHNABOE,False,False,False,2026-06-09
ANNAGHNAMADDOO,False,False,False,2026-06-09
ANNAGHNEAL,False,False,False,2026-06-09
ANNAGHOASH,False,False,False,2026-06-09
ANNAGHONE,False,False,False,2026-06-09
ANNAGHONEY,False,False,False,2026-06-09
ANNAGHQUIN,False,False,False,2026-06-09
ANNAGHRAW,False,False,False,2026-06-09
ANNAGHROE,False,False,False,2026-06-09
ANNAGHROE ISLAND,False,False,False,2026-06-09
ANNAGHS,False,False,False,2026-06-09
ANNAGHSALLAGH,False,False,False,2026-06-09
ANNAGHSELHERNY,False,False,False,2026-06-09
ANNAGHTEIGE,False,False,False,2026-06-09
ANNAGHTEIGE ISLAND,False,False,False,2026-06-09
ANNAGHVAAN,False,False,False,2026-06-09
ANNAGHVACKY,False,False,False,2026-06-09
ANNAGHWOOD,False,False,False,2026-06-09
ANNAGHYBANE,False,False,False,2026-06-09
ANNAGHYDUFF,False,False,False,2026-06-09
ANNAGINNY,False,False,False,2026-06-09
ANNAGLEVE,False,False,False,2026-06-09
ANNAGLOGH,False,False,False,2026-06-09
ANNAGLOOR,False,False,False,2026-06-09
ANNAGOLA,False,False,False,2026-06-09
ANNAGOLGAN,False,False,False,2026-06-09
ANNAGOR,False,False,False,2026-06-09
ANNAGORA,False,False,False,2026-06-09
ANNAGOSE,False,False,False,2026-06-09
ANNAHAGH,False,False,False,2026-06-09
ANNAHAGH NORTH,False,False,False,2026-06-09
ANNAHAGH SOUTH,False,False,False,2026-06-09
ANNAHAIA,False,False,False,2026-06-09
ANNAHALA EAST,False,False,False,2026-06-09
ANNAHALA WEST,False,False,False,2026-06-09
ANNAHALABOG,False,False,False,2026-06-09
ANNAHALE,False,False,False,2026-06-09
ANNAHAVIL,False,False,False,2026-06-09
ANNAHEAN,False,False,False,2026-06-09
ANNAHERVY,False,False,False,2026-06-09
ANNAHOLTY,False,False,False,2026-06-09
ANNAHONE,False,False,False,2026-06-09
ANNAHUBY,False,False,False,2026-06-09
ANNAHUGH,False,False,False,2026-06-09
ANNAHUNSHIGO,False,False,False,2026-06-09
ANNAKEERA,False,False,False,2026-06-09
ANNAKISHA,False,False,False,2026-06-09
ANNAKISHA NORTH,False,False,False,2026-06-09
ANNAKISHA SOUTH,False,False,False,2026-06-09
ANNALECK LOWER,False,False,False,2026-06-09
ANNALECK UPPER,False,False,False,2026-06-09
ANNALECKA,False,False,False,2026-06-09
ANNALECKY,False,False,False,2026-06-09
ANNALITTIN,False,False,False,2026-06-09
ANNALOIST,False,False,False,2026-06-09
ANNALOUGH,False,False,False,2026-06-09
ANNALOUGHAN,False,False,False,2026-06-09
ANNAMACNEILL,False,False,False,2026-06-09
ANNAMAKIFF,False,False,False,2026-06-09
ANNAMARRAN,False,False,False,2026-06-09
ANNAMOE,False,False,False,2026-06-09
ANNAMOY,False,False,False,2026-06-09
ANNAMULT,False,False,False,2026-06-09
ANNANEESE,False,False,False,2026-06-09
ANNAREAGH,False,False,False,2026-06-09
ANNAREAGH NORTH,False,False,False,2026-06-09
ANNAREAGH SOUTH,False,False,False,2026-06-09
ANNAROE,False,False,False,2026-06-09
ANNASAMRY,False,False,False,2026-06-09
ANNASEERAGH,False,False,False,2026-06-09
ANNASHANCO,False,False,False,2026-06-09
ANNASKINNAN,False,False,False,2026-06-09
ANNASLEE,False,False,False,2026-06-09
ANNAVEAGH,False,False,False,2026-06-09
ANNAYALLA,False,False,False,2026-06-09
ANNEES,False,False,False,2026-06-09
ANNEETER BEG,False,False,False,2026-06-09
ANNEETER MORE,False,False,False,2026-06-09
ANNEFIELD,False,False,False,2026-06-09
ANNESGIFT,False,False,False,2026-06-09
ANNESGROVE,False,False,False,2026-06-09
ANNESTOWN,False,False,False,2026-06-09
ANNEVILLE,False,False,False,2026-06-09
ANNEVILLE OR CLONARD OLD,False,False,False,2026-06-09
ANNEVILLE OR RATHDUFF,False,False,False,2026-06-09
ANNFIELD,False,False,False,2026-06-09
ANNGROVE,False,False,False,2026-06-09
ANNIES,False,False,False,2026-06-09
ANNISTOWN,False,False,False,2026-06-09
ANNSBROOK,False,False,False,2026-06-09
ANNY,False,False,False,2026-06-09
ANNY FAR AND NEAR,False,False,False,2026-06-09
ANNYALTY,False,False,False,2026-06-09
ANNYART,False,False,False,2026-06-09
ANNYEEB,False,False,False,2026-06-09
ANNYERK,False,False,False,2026-06-09
ANNYNANUM,False,False,False,2026-06-09
ANRITTABEG,False,False,False,2026-06-09
ANSKERT,False,False,False,2026-06-09
ANSTER,False,False,False,2026-06-09
ANTFIELD,False,False,False,2026-06-09
ANTICUR,False,False,False,2026-06-09
ANTIGUA,False,False,False,2026-06-09
ANTIVILLE,False,False,False,2026-06-09
ANTYLSTOWN,False,False,False,2026-06-09
ANTYNANUM,False,False,False,2026-06-09
ANVEYERG,False,False,False,2026-06-09
APHORT,False,False,False,2026-06-09
APPLE ISLAND,False,False,False,2026-06-09
APPLEFORT,False,False,False,2026-06-09
APPLETEE,False,False,False,2026-06-09
APPLETOWN,False,False,False,2026-06-09
APPLEVALE,False,False,False,2026-06-09
ARA,False,False,False,2026-06-09
ARABELA,False,False,False,2026-06-09
ARABOY,False,False,False,2026-06-09
ARAGHTY,False,False,False,2026-06-09
ARBATT,False,False,False,2026-06-09
ARBOURHILL,False,False,False,2026-06-09
ARCH HALL,False,False,False,2026-06-09
ARCHDEACONRY GLEBE,False,False,False,2026-06-09
ARCHERSLEAS,False,False,False,2026-06-09
ARCHERSRATH,False,False,False,2026-06-09
ARCHERSTOWN,False,False,False,2026-06-09
ARCHERSTREET LOT,False,False,False,2026-06-09
ARCHILL,False,False,False,2026-06-09
ARCLINTAGH,False,False,False,2026-06-09
ARD,False,False,False,2026-06-09
ARD EAST,False,False,False,2026-06-09
ARD WEST,False,False,False,2026-06-09
ARD NA CAITHNE,False,False,False,2026-06-09
ARDA,False,False,False,2026-06-09
ARDABAUN,False,False,False,2026-06-09
ARDABRONE,False,False,False,2026-06-09
ARDACARHA,False,False,False,2026-06-09
ARDACHRIN,False,False,False,2026-06-09
ARDACLUCKEEN,False,False,False,2026-06-09
ARDACLUGGIN,False,False,False,2026-06-09
ARDACONG,False,False,False,2026-06-09
ARDACROW,False,False,False,2026-06-09
ARDADAM,False,False,False,2026-06-09
ARDAGANNIVE,False,False,False,2026-06-09
ARDAGANNY,False,False,False,2026-06-09
ARDAGAWNA,False,False,False,2026-06-09
ARDAGH,False,False,False,2026-06-09
ARDAGH GILBRIDE,False,False,False,2026-06-09
ARDAGH SHEERAN,False,False,False,2026-06-09
ARDAGH DEMESNE,False,False,False,2026-06-09
ARDAGH EAST,False,False,False,2026-06-09
ARDAGH KILL,False,False,False,2026-06-09
ARDAGH NORTH,False,False,False,2026-06-09
ARDAGH SOUTH,False,False,False,2026-06-09
ARDAGH WEST,False,False,False,2026-06-09
ARDAGHMORE,False,False,False,2026-06-09
ARDAGHY,False,False,False,2026-06-09
ARDAGHY GLEBE,False,False,False,2026-06-09
ARDAGILLA,False,False,False,2026-06-09
ARDAGULLION,False,False,False,2026-06-09
ARDAHEE,False,False,False,2026-06-09
ARDAHILL,False,False,False,2026-06-09
ARDAKILLIN,False,False,False,2026-06-09
ARDAKIP BEG,False,False,False,2026-06-09
ARDAKIP MORE,False,False,False,2026-06-09
ARDALOO,False,False,False,2026-06-09
ARDAMADANE,False,False,False,2026-06-09
ARDAMAGH,False,False,False,2026-06-09
ARDAMORE,False,False,False,2026-06-09
ARDAMULLIVAN,False,False,False,2026-06-09
ARDAN,False,False,False,2026-06-09
ARDANAFFRIN,False,False,False,2026-06-09
ARDANE,False,False,False,2026-06-09
ARDANEANIG,False,False,False,2026-06-09
ARDANEER,False,False,False,2026-06-09
ARDANENEEN,False,False,False,2026-06-09
ARDANENIG,False,False,False,2026-06-09
ARDANEW,False,False,False,2026-06-09
ARDANRAGH,False,False,False,2026-06-09
ARDANREAGH,False,False,False,2026-06-09
ARDAPRIOR,False,False,False,2026-06-09
ARDARA,False,False,False,2026-06-09
ARDARAGH EAST,False,False,False,2026-06-09
ARDARAGH WEST,False,False,False,2026-06-09
ARDARAVAN,False,False,False,2026-06-09
ARDARAWER,False,False,False,2026-06-09
ARDARDAGH,False,False,False,2026-06-09
ARDAROSTIG,False,False,False,2026-06-09
ARDAROU,False,False,False,2026-06-09
ARDARRAGH,False,False,False,2026-06-09
ARDARRIG,False,False,False,2026-06-09
ARDARVER,False,False,False,2026-06-09
ARDASS,False,False,False,2026-06-09
ARDATAGGLE,False,False,False,2026-06-09
ARDATEDAUN,False,False,False,2026-06-09
ARDATEGGLE,False,False,False,2026-06-09
ARDATINNY,False,False,False,2026-06-09
ARDATOWEL,False,False,False,2026-06-09
ARDATRAVE,False,False,False,2026-06-09
ARDATTIN,False,False,False,2026-06-09
ARDATURR,False,False,False,2026-06-09
ARDATURR MOUNTAIN,False,False,False,2026-06-09
ARDATURRISH BEG,False,False,False,2026-06-09
ARDATURRISH MORE,False,False,False,2026-06-09
ARDAUN,False,False,False,2026-06-09
ARDAUN EAST,False,False,False,2026-06-09
ARDAUN WEST,False,False,False,2026-06-09
ARDAVAGGA,False,False,False,2026-06-09
ARDAVULLANE,False,False,False,2026-06-09
ARDAWARRY,False,False,False,2026-06-09
ARDBALLAN,False,False,False,2026-06-09
ARDBALLYMORE,False,False,False,2026-06-09
ARDBANE,False,False,False,2026-06-09
ARDBARREN LOWER,False,False,False,2026-06-09
ARDBARREN UPPER,False,False,False,2026-06-09
ARDBASH,False,False,False,2026-06-09
ARDBAUN,False,False,False,2026-06-09
ARDBEAR,False,False,False,2026-06-09
ARDBEARN,False,False,False,2026-06-09
ARDBEARN AND TORMAN,False,False,False,2026-06-09
ARDBEG,False,False,False,2026-06-09
ARDBERREEN,False,False,False,2026-06-09
ARDBOGHIL,False,False,False,2026-06-09
ARDBOHIL,False,False,False,2026-06-09
ARDBOLEY NORTH,False,False,False,2026-06-09
ARDBOLEY SOUTH,False,False,False,2026-06-09
ARDBOLIES,False,False,False,2026-06-09
ARDBOLINE,False,False,False,2026-06-09
ARDBOOLY LOWER,False,False,False,2026-06-09
ARDBOOLY UPPER,False,False,False,2026-06-09
ARDBORRA,False,False,False,2026-06-09
ARDBOY,False,False,False,2026-06-09
ARDBRACCAN,False,False,False,2026-06-09
ARDBRACK,False,False,False,2026-06-09
ARDBRACKAN OR WRIGHTOWN,False,False,False,2026-06-09
ARDBRENNAN,False,False,False,2026-06-09
ARDBRIN,False,False,False,2026-06-09
ARDBUCKAN,False,False,False,2026-06-09
ARDCAHAN,False,False,False,2026-06-09
ARDCALF,False,False,False,2026-06-09
ARDCALLUM,False,False,False,2026-06-09
ARDCAME,False,False,False,2026-06-09
ARDCANAGHT,False,False,False,2026-06-09
ARDCANDRISK,False,False,False,2026-06-09
ARDCARN,False,False,False,2026-06-09
ARDCARNEY,False,False,False,2026-06-09
ARDCATH,False,False,False,2026-06-09
ARDCAVAN,False,False,False,2026-06-09
ARDCHAMOYLE,False,False,False,2026-06-09
ARDCHICKEN,False,False,False,2026-06-09
ARDCLINIS,False,False,False,2026-06-09
ARDCLOGH,False,False,False,2026-06-09
ARDCLONE,False,False,False,2026-06-09
ARDCLOON,False,False,False,2026-06-09
ARDCLOONY,False,False,False,2026-06-09
ARDCLOYNE,False,False,False,2026-06-09
ARDCOLAGH,False,False,False,2026-06-09
ARDCOLM,False,False,False,2026-06-09
ARDCOLMAN,False,False,False,2026-06-09
ARDCOLUM,False,False,False,2026-06-09
ARDCONNELL,False,False,False,2026-06-09
ARDCONRA,False,False,False,2026-06-09
ARDCOOHIG,False,False,False,2026-06-09
ARDCORCORAN,False,False,False,2026-06-09
ARDCORKY,False,False,False,2026-06-09
ARDCOST,False,False,False,2026-06-09
ARDCOTTEN,False,False,False,2026-06-09
ARDCREE,False,False,False,2026-06-09
ARDCRONE,False,False,False,2026-06-09
ARDCRONY,False,False,False,2026-06-09
ARDCULLEN,False,False,False,2026-06-09
ARDCULLEN-MARSHES,False,False,False,2026-06-09
ARDCUMBER,False,False,False,2026-06-09
ARDCURLEY,False,False,False,2026-06-09
ARDDERROO,False,False,False,2026-06-09
ARDDERRYNAGLERAGH,False,False,False,2026-06-09
ARDDRINE,False,False,False,2026-06-09
ARDEA,False,False,False,2026-06-09
ARDEAMUSH,False,False,False,2026-06-09
ARDEAN,False,False,False,2026-06-09
ARDEASH,False,False,False,2026-06-09
ARDEE,False,False,False,2026-06-09
ARDEELAN LOWER,False,False,False,2026-06-09
ARDEELAN UPPER,False,False,False,2026-06-09
ARDEEN,False,False,False,2026-06-09
ARDEENLOUN EAST,False,False,False,2026-06-09
ARDEENLOUN WEST,False,False,False,2026-06-09
ARDEES LOWER,False,False,False,2026-06-09
ARDEES UPPER,False,False,False,2026-06-09
ARDEEVIN,False,False,False,2026-06-09
ARDELLIS LOWER,False,False,False,2026-06-09
ARDELLIS UPPER,False,False,False,2026-06-09
ARDENAGH GREAT,False,False,False,2026-06-09
ARDENAGH LITTLE,False,False,False,2026-06-09
ARDERRA,False,False,False,2026-06-09
ARDERRAWINNY,False,False,False,2026-06-09
ARDERROW,False,False,False,2026-06-09
ARDERRY,False,False,False,2026-06-09
ARDESKIN,False,False,False,2026-06-09
ARDESS GLEBE,False,False,False,2026-06-09
ARDFARN,False,False,False,2026-06-09
ARDFERT,False,False,False,2026-06-09
ARDFERT OUGHTER,False,False,False,2026-06-09
ARDFINNAN,False,False,False,2026-06-09
ARDFINTAN,False,False,False,2026-06-09
ARDFRAIL,False,False,False,2026-06-09
ARDFRY,False,False,False,2026-06-09
ARDGAINEEN,False,False,False,2026-06-09
ARDGALLAGHER,False,False,False,2026-06-09
ARDGALLIN,False,False,False,2026-06-09
ARDGART,False,False,False,2026-06-09
ARDGARVAN,False,False,False,2026-06-09
ARDGEEHA,False,False,False,2026-06-09
ARDGEEHA LOWER,False,False,False,2026-06-09
ARDGEEHA UPPER,False,False,False,2026-06-09
ARDGEEHAN,False,False,False,2026-06-09
ARDGEHANE,False,False,False,2026-06-09
ARDGILLAN DEMESNE,False,False,False,2026-06-09
ARDGILLEW,False,False,False,2026-06-09
ARDGINNY,False,False,False,2026-06-09
ARDGIVNA,False,False,False,2026-06-09
ARDGLARE,False,False,False,2026-06-09
ARDGLASS,False,False,False,2026-06-09
ARDGLOSSAN,False,False,False,2026-06-09
ARDGLUSHIN,False,False,False,2026-06-09
ARDGONNELL,False,False,False,2026-06-09
ARDGOUL NORTH,False,False,False,2026-06-09
ARDGOUL SOUTH,False,False,False,2026-06-09
ARDGOULBEG,False,False,False,2026-06-09
ARDGOWNA,False,False,False,2026-06-09
ARDGRAIGUE,False,False,False,2026-06-09
ARDGREAGH,False,False,False,2026-06-09
ARDGREGANE,False,False,False,2026-06-09
ARDGROOM INWARD,False,False,False,2026-06-09
ARDGROOM OUTWARD,False,False,False,2026-06-09
ARDGROUND,False,False,False,2026-06-09
ARDHOOM,False,False,False,2026-06-09
ARDICOAN,False,False,False,2026-06-09
ARDIGON,False,False,False,2026-06-09
ARDIHANNON,False,False,False,2026-06-09
ARDILEA,False,False,False,2026-06-09
ARDILLAUN,False,False,False,2026-06-09
ARDILLON,False,False,False,2026-06-09
ARDINA,False,False,False,2026-06-09
ARDINARIVE,False,False,False,2026-06-09
ARDINAWARK,False,False,False,2026-06-09
ARDINODE EAST,False,False,False,2026-06-09
ARDINODE WEST,False,False,False,2026-06-09
ARDINTENANT,False,False,False,2026-06-09
ARDIVAGHAN,False,False,False,2026-06-09
ARDKEARAGH,False,False,False,2026-06-09
ARDKEEL,False,False,False,2026-06-09
ARDKEEN,False,False,False,2026-06-09
ARDKEEN MORE,False,False,False,2026-06-09
ARDKEENAGH,False,False,False,2026-06-09
ARDKEENAGH PLUNKETT,False,False,False,2026-06-09
ARDKEENAN,False,False,False,2026-06-09
ARDKEERAGH,False,False,False,2026-06-09
ARDKEERAN,False,False,False,2026-06-09
ARDKILL,False,False,False,2026-06-09
ARDKILL BEG,False,False,False,2026-06-09
ARDKILL MORE,False,False,False,2026-06-09
ARDKILLEEN,False,False,False,2026-06-09
ARDKILLY,False,False,False,2026-06-09
ARDKILMARTIN,False,False,False,2026-06-09
ARDKIRK,False,False,False,2026-06-09
ARDKITT EAST,False,False,False,2026-06-09
ARDKITT WEST,False,False,False,2026-06-09
ARDKYLE,False,False,False,2026-06-09
ARDLA,False,False,False,2026-06-09
ARDLAGHAS,False,False,False,2026-06-09
ARDLAGHEEN BEG,False,False,False,2026-06-09
ARDLAGHEEN MORE,False,False,False,2026-06-09
ARDLAHAN,False,False,False,2026-06-09
ARDLAMAN,False,False,False,2026-06-09
ARDLARAGHAN,False,False,False,2026-06-09
ARDLAVAGH,False,False,False,2026-06-09
ARDLEA,False,False,False,2026-06-09
ARDLEAG,False,False,False,2026-06-09
ARDLECKNA,False,False,False,2026-06-09
ARDLEE,False,False,False,2026-06-09
ARDLEEBEG,False,False,False,2026-06-09
ARDLENAGH,False,False,False,2026-06-09
ARDLENY,False,False,False,2026-06-09
ARDLINE,False,False,False,2026-06-09
ARDLOMAN,False,False,False,2026-06-09
ARDLONA,False,False,False,2026-06-09
ARDLONAN,False,False,False,2026-06-09
ARDLOUGH,False,False,False,2026-06-09
ARDLOUGHER,False,False,False,2026-06-09
ARDLOUGHILL,False,False,False,2026-06-09
ARDLOW,False,False,False,2026-06-09
ARDLOY,False,False,False,2026-06-09
ARDMACLANCY,False,False,False,2026-06-09
ARDMACROAN,False,False,False,2026-06-09
ARDMAGHBREAGUE,False,False,False,2026-06-09
ARDMALIN,False,False,False,2026-06-09
ARDMANAGH,False,False,False,2026-06-09
ARDMANNING BEG,False,False,False,2026-06-09
ARDMANNING MORE,False,False,False,2026-06-09
ARDMARTIN,False,False,False,2026-06-09
ARDMAYLE,False,False,False,2026-06-09
ARDMAYLE EAST,False,False,False,2026-06-09
ARDMAYLE WEST,False,False,False,2026-06-09
ARDMEELODE,False,False,False,2026-06-09
ARDMEEN,False,False,False,2026-06-09
ARDMEENAN,False,False,False,2026-06-09
ARDMINNAN,False,False,False,2026-06-09
ARDMONE,False,False,False,2026-06-09
ARDMONE EAST,False,False,False,2026-06-09
ARDMONE WEST,False,False,False,2026-06-09
ARDMONEEL,False,False,False,2026-06-09
ARDMONEEN,False,False,False,2026-06-09
ARDMONEY,False,False,False,2026-06-09
ARDMORAN,False,False,False,2026-06-09
ARDMORE,False,False,False,2026-06-09
ARDMORE ISLAND,False,False,False,2026-06-09
ARDMORE POINT,False,False,False,2026-06-09
ARDMORNEY,False,False,False,2026-06-09
ARDMOYLE,False,False,False,2026-06-09
ARDMULCHAN,False,False,False,2026-06-09
ARDMULLAN,False,False,False,2026-06-09
ARDNABLEASK,False,False,False,2026-06-09
ARDNABOHA,False,False,False,2026-06-09
ARDNABOURKEY,False,False,False,2026-06-09
ARDNABROCKY,False,False,False,2026-06-09
ARDNACALLY,False,False,False,2026-06-09
ARDNACASSAGH,False,False,False,2026-06-09
ARDNACLOGHY,False,False,False,2026-06-09
ARDNACLUG,False,False,False,2026-06-09
ARDNACRAA,False,False,False,2026-06-09
ARDNACRANY NORTH,False,False,False,2026-06-09
ARDNACRANY SOUTH,False,False,False,2026-06-09
ARDNACROHY,False,False,False,2026-06-09
ARDNACROSS ISLAND,False,False,False,2026-06-09
ARDNACRUSHY,False,False,False,2026-06-09
ARDNACULLIA NORTH,False,False,False,2026-06-09
ARDNACULLIA SOUTH,False,False,False,2026-06-09
ARDNADITIAN,False,False,False,2026-06-09
ARDNADOMAN EAST,False,False,False,2026-06-09
ARDNADOMAN WEST,False,False,False,2026-06-09
ARDNAGALL,False,False,False,2026-06-09
ARDNAGALLIAGH,False,False,False,2026-06-09
ARDNAGANNAGH,False,False,False,2026-06-09
ARDNAGAPPARY,False,False,False,2026-06-09
ARDNAGASHEL,False,False,False,2026-06-09
ARDNAGASSAN,False,False,False,2026-06-09
ARDNAGASSANE,False,False,False,2026-06-09
ARDNAGEEHA,False,False,False,2026-06-09
ARDNAGEEHY,False,False,False,2026-06-09
ARDNAGEEHY BEG,False,False,False,2026-06-09
ARDNAGEEHY EAST,False,False,False,2026-06-09
ARDNAGEEHY MORE,False,False,False,2026-06-09
ARDNAGEEHY WEST,False,False,False,2026-06-09
ARDNAGLASS,False,False,False,2026-06-09
ARDNAGLASS LOWER,False,False,False,2026-06-09
ARDNAGLASS UPPER,False,False,False,2026-06-09
ARDNAGLE,False,False,False,2026-06-09
ARDNAGLEW,False,False,False,2026-06-09
ARDNAGLUG,False,False,False,2026-06-09
ARDNAGNO,False,False,False,2026-06-09
ARDNAGOR,False,False,False,2026-06-09
ARDNAGRAGH,False,False,False,2026-06-09
ARDNAGRAGH DIGBY,False,False,False,2026-06-09
ARDNAGREEVAGH,False,False,False,2026-06-09
ARDNAGRENA,False,False,False,2026-06-09
ARDNAGROGHERY,False,False,False,2026-06-09
ARDNAGROSS,False,False,False,2026-06-09
ARDNAGUNIOG,False,False,False,2026-06-09
ARDNAHEA,False,False,False,2026-06-09
ARDNAHINCH,False,False,False,2026-06-09
ARDNAHOW,False,False,False,2026-06-09
ARDNAMANAGH,False,False,False,2026-06-09
ARDNAMOGHILL,False,False,False,2026-06-09
ARDNAMONEE,False,False,False,2026-06-09
ARDNAMULLAN,False,False,False,2026-06-09
ARDNAMWEELY,False,False,False,2026-06-09
ARDNANAGH,False,False,False,2026-06-09
ARDNANEAN,False,False,False,2026-06-09
ARDNANURE,False,False,False,2026-06-09
ARDNAPONRA,False,False,False,2026-06-09
ARDNAPREAGHAUN,False,False,False,2026-06-09
ARDNAREE,False,False,False,2026-06-09
ARDNAREE OR SHANAGHY,False,False,False,2026-06-09
ARDNARGLE,False,False,False,2026-06-09
ARDNASALLEM,False,False,False,2026-06-09
ARDNASILLAGH,False,False,False,2026-06-09
ARDNASODAN,False,False,False,2026-06-09
ARDNASOOL,False,False,False,2026-06-09
ARDNAVEAGH,False,False,False,2026-06-09
ARDNEESKAN,False,False,False,2026-06-09
ARDNEHUE,False,False,False,2026-06-09
ARDNURCHER,False,False,False,2026-06-09
ARDNURCHER GLEBE,False,False,False,2026-06-09
ARDOBIREEN,False,False,False,2026-06-09
ARDOCHEASTY,False,False,False,2026-06-09
ARDOGEENA,False,False,False,2026-06-09
ARDOGELLY,False,False,False,2026-06-09
ARDOGHIL,False,False,False,2026-06-09
ARDOGINNA,False,False,False,2026-06-09
ARDOGOMMON,False,False,False,2026-06-09
ARDOHILL,False,False,False,2026-06-09
ARDOLEY,False,False,False,2026-06-09
ARDONAN,False,False,False,2026-06-09
ARDOOHY,False,False,False,2026-06-09
ARDORE,False,False,False,2026-06-09
ARDOSLOUGH,False,False,False,2026-06-09
ARDOUGH OR HUNTSPARK,False,False,False,2026-06-09
ARDOUGHAN,False,False,False,2026-06-09
ARDOUGHTER,False,False,False,2026-06-09
ARDOUR,False,False,False,2026-06-09
ARDOWEN,False,False,False,2026-06-09
ARDOWEN COMMON,False,False,False,2026-06-09
ARDPADDIN,False,False,False,2026-06-09
ARDPATRICK,False,False,False,2026-06-09
ARDPATTAN,False,False,False,2026-06-09
ARDQUIN,False,False,False,2026-06-09
ARDRA,False,False,False,2026-06-09
ARDRA BEG,False,False,False,2026-06-09
ARDRA MORE,False,False,False,2026-06-09
ARDRAGH,False,False,False,2026-06-09
ARDRAH,False,False,False,2026-06-09
ARDRAHAN,False,False,False,2026-06-09
ARDRAHAN NORTH,False,False,False,2026-06-09
ARDRAHAN SOUTH,False,False,False,2026-06-09
ARDRAHEEN BEG,False,False,False,2026-06-09
ARDRAHEEN MORE,False,False,False,2026-06-09
ARDRAHIN,False,False,False,2026-06-09
ARDRALY,False,False,False,2026-06-09
ARDRANNY BEG,False,False,False,2026-06-09
ARDRANNY MORE,False,False,False,2026-06-09
ARDRASS,False,False,False,2026-06-09
ARDRASS LOWER,False,False,False,2026-06-09
ARDRASS UPPER,False,False,False,2026-06-09
ARDREA,False,False,False,2026-06-09
ARDREAGH,False,False,False,2026-06-09
ARDREE,False,False,False,2026-06-09
ARDRESS EAST,False,False,False,2026-06-09
ARDRESS WEST,False,False,False,2026-06-09
ARDREW,False,False,False,2026-06-09
ARDRINANE,False,False,False,2026-06-09
ARDRISTAN,False,False,False,2026-06-09
ARDROE,False,False,False,2026-06-09
ARDROS,False,False,False,2026-06-09
ARDROSS,False,False,False,2026-06-09
ARDRUM,False,False,False,2026-06-09
ARDRUMKILLA,False,False,False,2026-06-09
ARDRUMMAN,False,False,False,2026-06-09
ARDRUMS GREAT,False,False,False,2026-06-09
ARDRUMS LITTLE,False,False,False,2026-06-09
ARDRUSH,False,False,False,2026-06-09
ARDS,False,False,False,2026-06-09
ARDS BEG,False,False,False,2026-06-09
ARDS BIG,False,False,False,2026-06-09
ARDS LITTLE,False,False,False,2026-06-09
ARDS MORE EAST,False,False,False,2026-06-09
ARDS MORE WEST,False,False,False,2026-06-09
ARDSALLAGH,False,False,False,2026-06-09
ARDSALLAGH BEG,False,False,False,2026-06-09
ARDSALLAGH MORE,False,False,False,2026-06-09
ARDSCULL,False,False,False,2026-06-09
ARDSHANAVOOLY,False,False,False,2026-06-09
ARDSHANBALLY,False,False,False,2026-06-09
ARDSHANKILL,False,False,False,2026-06-09
ARDSHEELHANE EAST,False,False,False,2026-06-09
ARDSHEELHANE WEST,False,False,False,2026-06-09
ARDSKEA MORE,False,False,False,2026-06-09
ARDSKEAGH,False,False,False,2026-06-09
ARDSKRAGH,False,False,False,2026-06-09
ARDSMORE MOUNTAIN,False,False,False,2026-06-09
ARDSOLLUS,False,False,False,2026-06-09
ARDSOREEN,False,False,False,2026-06-09
ARDSTRAW,False,False,False,2026-06-09
ARDTANAGH,False,False,False,2026-06-09
ARDTEEGALVAN,False,False,False,2026-06-09
ARDTERMON,False,False,False,2026-06-09
ARDTOLE,False,False,False,2026-06-09
ARDTOMIN,False,False,False,2026-06-09
ARDTONNAGH,False,False,False,2026-06-09
ARDTRASNA,False,False,False,2026-06-09
ARDTULLY,False,False,False,2026-06-09
ARDTULLY BEG,False,False,False,2026-06-09
ARDTULLY MORE,False,False,False,2026-06-09
ARDUE,False,False,False,2026-06-09
ARDULTAGH,False,False,False,2026-06-09
ARDUN,False,False,False,2026-06-09
ARDUNS,False,False,False,2026-06-09
ARDUNSAGHAN,False,False,False,2026-06-09
ARDUNSHIN,False,False,False,2026-06-09
ARDURA BEG,False,False,False,2026-06-09
ARDURA MORE,False,False,False,2026-06-09
ARDUSLOUGH,False,False,False,2026-06-09
ARDVAGH,False,False,False,2026-06-09
ARDVALLY,False,False,False,2026-06-09
ARDVARNA,False,False,False,2026-06-09
ARDVARNE,False,False,False,2026-06-09
ARDVARNESS,False,False,False,2026-06-09
ARDVARNEY,False,False,False,2026-06-09
ARDVARNISH,False,False,False,2026-06-09
ARDVARNOCK GLEBE,False,False,False,2026-06-09
ARDVARNY,False,False,False,2026-06-09
ARDVARNY EAST,False,False,False,2026-06-09
ARDVARNY WEST,False,False,False,2026-06-09
ARDVONE,False,False,False,2026-06-09
ARDWANIG,False,False,False,2026-06-09
ARDYDONAGAN,False,False,False,2026-06-09
ARDYDUFFY,False,False,False,2026-06-09
ARDYHOOLIHANE,False,False,False,2026-06-09
ARDYKEOHANE,False,False,False,2026-06-09
ARDYOUL,False,False,False,2026-06-09
ARGOS,False,False,False,2026-06-09
ARIGNAGH,False,False,False,2026-06-09
ARKEEN BEG,False,False,False,2026-06-09
ARKLOW,False,False,False,2026-06-09
ARLANDS,False,False,False,2026-06-09
ARLINSTOWN,False,False,False,2026-06-09
ARLISH,False,False,False,2026-06-09
ARLNAMULLAGH,False,False,False,2026-06-09
ARLONSTOWN,False,False,False,2026-06-09
ARM,False,False,False,2026-06-09
ARMAGHBRAGUE,False,False,False,2026-06-09
ARMALUGHEY,False,False,False,2026-06-09
ARMYHILL,False,False,False,2026-06-09
ARNAGHAN,False,False,False,2026-06-09
ARNASBRACK,False,False,False,2026-06-09
ARNESTOWN,False,False,False,2026-06-09
ARNOTS GROVE,False,False,False,2026-06-09
ARODDY,False,False,False,2026-06-09
ARODSTOWN,False,False,False,2026-06-09
ARPINSTOWN,False,False,False,2026-06-09
ARRAGH BEG,False,False,False,2026-06-09
ARRAGH MORE,False,False,False,2026-06-09
ARRAGHAN,False,False,False,2026-06-09
ARRAGLEN,False,False,False,2026-06-09
ARRAGORTEEN,False,False,False,2026-06-09
ARRANAGH,False,False,False,2026-06-09
ARRIGAL,False,False,False,2026-06-09
ARROO,False,False,False,2026-06-09
ARRYBREAGA,False,False,False,2026-06-09
ARRYHEERNABIN,False,False,False,2026-06-09
ARTABRACKAGH,False,False,False,2026-06-09
ARTAINE DOMVILLE,False,False,False,2026-06-09
ARTAINE EAST,False,False,False,2026-06-09
ARTAINE NORTH,False,False,False,2026-06-09
ARTAINE SOUTH,False,False,False,2026-06-09
ARTAINE WEST,False,False,False,2026-06-09
ARTALEVERY,False,False,False,2026-06-09
ARTASOOLY,False,False,False,2026-06-09
ARTCLEA,False,False,False,2026-06-09
ARTHURSTOWN,False,False,False,2026-06-09
ARTHURSTOWN LITTLE,False,False,False,2026-06-09
ARTIBRANNAN,False,False,False,2026-06-09
ARTICLAVE LOWER,False,False,False,2026-06-09
ARTICLAVE UPPER,False,False,False,2026-06-09
ARTICRUNAGHT NORTH,False,False,False,2026-06-09
ARTICRUNAGHT SOUTH,False,False,False,2026-06-09
ARTIDILLON,False,False,False,2026-06-09
ARTIDOWNEY,False,False,False,2026-06-09
ARTIFERRALL,False,False,False,2026-06-09
ARTIFORTY,False,False,False,2026-06-09
ARTIGARVAN,False,False,False,2026-06-09
ARTIGORAN,False,False,False,2026-06-09
ARTIKELLY,False,False,False,2026-06-09
ARTIKELLYS,False,False,False,2026-06-09
ARTILOMAN,False,False,False,2026-06-09
ARTIMACORMICK,False,False,False,2026-06-09
ARTINAGH,False,False,False,2026-06-09
ARTITEIGUE,False,False,False,2026-06-09
ARTLONE,False,False,False,2026-06-09
ARTNACREA,False,False,False,2026-06-09
ARTNAGROSS,False,False,False,2026-06-09
ARTNAGULLIAN,False,False,False,2026-06-09
ARTONAGH,False,False,False,2026-06-09
ARTONEY,False,False,False,2026-06-09
ARTRAMON,False,False,False,2026-06-09
ARTRESNAHAN,False,False,False,2026-06-09
ARTTIQUIN,False,False,False,2026-06-09
ARUNDELMILLS,False,False,False,2026-06-09
ARVALEE,False,False,False,2026-06-09
ARYWEE,False,False,False,2026-06-09
ASH BIG,False,False,False,2026-06-09
ASH HILL,False,False,False,2026-06-09
ASH ISLAND,False,False,False,2026-06-09
ASH LITTLE,False,False,False,2026-06-09
ASHBROOK,False,False,False,2026-06-09
ASHBROOK OR AGHAMORE,False,False,False,2026-06-09
ASHBURY,False,False,False,2026-06-09
ASHFIELD,False,False,False,2026-06-09
ASHFIELD DEMESNE,False,False,False,2026-06-09
ASHFIELD OR SCREEBOGE,False,False,False,2026-06-09
ASHFORT,False,False,False,2026-06-09
ASHGLEN OR GLENNAFUNSHOGE,False,False,False,2026-06-09
ASHGROVE,False,False,False,2026-06-09
ASHHILL,False,False,False,2026-06-09
ASHHOE,False,False,False,2026-06-09
ASHLAMADUFF,False,False,False,2026-06-09
ASHLEYPARK,False,False,False,2026-06-09
ASHPARK,False,False,False,2026-06-09
ASHTOWN,False,False,False,2026-06-09
ASHWELL'S-LOT,False,False,False,2026-06-09
ASHWOOD LOWER,False,False,False,2026-06-09
ASHWOOD UPPER,False,False,False,2026-06-09
ASHWOODS,False,False,False,2026-06-09
ASHWOODS OR WOODY MULLAGHREE,False,False,False,2026-06-09
ASK,False,False,False,2026-06-09
ASKA BEG,False,False,False,2026-06-09
ASKA MORE,False,False,False,2026-06-09
ASKABEG,False,False,False,2026-06-09
ASKAHBIGHE,False,False,False,2026-06-09
ASKAKEEL,False,False,False,2026-06-09
ASKASILLA,False,False,False,2026-06-09
ASKE,False,False,False,2026-06-09
ASKEATON,False,False,False,2026-06-09
ASKILL,False,False,False,2026-06-09
ASKILLAUN,False,False,False,2026-06-09
ASKINAMOE,False,False,False,2026-06-09
ASKINCH LOWER,False,False,False,2026-06-09
ASKINCH UPPER,False,False,False,2026-06-09
ASKINFARNEY,False,False,False,2026-06-09
ASKINGARRAN LOWER,False,False,False,2026-06-09
ASKINGARRAN UPPER,False,False,False,2026-06-09
ASKINVILLAR LOWER,False,False,False,2026-06-09
ASKINVILLAR UPPER,False,False,False,2026-06-09
ASKPARK,False,False,False,2026-06-09
ASKUNSHIN,False,False,False,2026-06-09
ASNAGH,False,False,False,2026-06-09
ASSAGART,False,False,False,2026-06-09
ASSALY GREAT,False,False,False,2026-06-09
ASSALY LITTLE,False,False,False,2026-06-09
ASSAN,False,False,False,2026-06-09
ASSAUN,False,False,False,2026-06-09
ASSEY,False,False,False,2026-06-09
ASSOLAS,False,False,False,2026-06-09
ASTAGOB CLONSILLA,False,False,False,2026-06-09
ASTEE EAST,False,False,False,2026-06-09
ASTEE WEST,False,False,False,2026-06-09
ASTOGOB CASTLEKNOCK,False,False,False,2026-06-09
ASTRISH BEG,False,False,False,2026-06-09
ASTRISH MORE,False,False,False,2026-06-09
ATATEEMORE,False,False,False,2026-06-09
ATHABRYANMORE,False,False,False,2026-06-09
ATHASSELABBEY NORTH,False,False,False,2026-06-09
ATHASSELABBEY SOUTH,False,False,False,2026-06-09
ATHCARNE,False,False,False,2026-06-09
ATHCLARE,False,False,False,2026-06-09
ATHEA LOWER,False,False,False,2026-06-09
ATHEA UPPER,False,False,False,2026-06-09
ATHENBOY,False,False,False,2026-06-09
ATHENREE,False,False,False,2026-06-09
ATHENRY,False,False,False,2026-06-09
ATHGAINE GREAT,False,False,False,2026-06-09
ATHGAINE LITTLE,False,False,False,2026-06-09
ATHGARRETT,False,False,False,2026-06-09
ATHGOE,False,False,False,2026-06-09
ATHGOE NORTH,False,False,False,2026-06-09
ATHGOE SOUTH,False,False,False,2026-06-09
ATHLACCA NORTH,False,False,False,2026-06-09
ATHLACCA SOUTH,False,False,False,2026-06-09
ATHLEAGUE,False,False,False,2026-06-09
ATHLONE,False,False,False,2026-06-09
ATHLONE AND BIGMEADOW,False,False,False,2026-06-09
ATHLUMMON,False,False,False,2026-06-09
ATHLUMNEY,False,False,False,2026-06-09
ATHLUNKARD,False,False,False,2026-06-09
ATHNID BEG,False,False,False,2026-06-09
ATHNID MORE,False,False,False,2026-06-09
ATHROE,False,False,False,2026-06-09
ATHRONAN,False,False,False,2026-06-09
ATHRY,False,False,False,2026-06-09
ATHY,False,False,False,2026-06-09
ATNAMOLLYBOY,False,False,False,2026-06-09
ATSHANBOE CAHILL,False,False,False,2026-06-09
ATSHANBOE LAUNDERY,False,False,False,2026-06-09
ATTAEENOE LOWER,False,False,False,2026-06-09
ATTAEENOE UPPER,False,False,False,2026-06-09
ATTAGH,False,False,False,2026-06-09
ATTAGHMORE,False,False,False,2026-06-09
ATTATANTEE,False,False,False,2026-06-09
ATTAVALLY,False,False,False,2026-06-09
ATTAVALLY ISLAND,False,False,False,2026-06-09
ATTEAGH,False,False,False,2026-06-09
ATTIANTAGGART,False,False,False,2026-06-09
ATTIAPPLETON,False,False,False,2026-06-09
ATTIBLANEY,False,False,False,2026-06-09
ATTIBRASSIL,False,False,False,2026-06-09
ATTICAHILL,False,False,False,2026-06-09
ATTICAL,False,False,False,2026-06-09
ATTICHREE,False,False,False,2026-06-09
ATTICLOGH,False,False,False,2026-06-09
ATTICLOGHY,False,False,False,2026-06-09
ATTICOFFEY EAST,False,False,False,2026-06-09
ATTICOFFEY WEST,False,False,False,2026-06-09
ATTICONAUN,False,False,False,2026-06-09
ATTICONOR,False,False,False,2026-06-09
ATTICORRA,False,False,False,2026-06-09
ATTIDAVOCK,False,False,False,2026-06-09
ATTIDERMOT,False,False,False,2026-06-09
ATTIDUFF,False,False,False,2026-06-09
ATTIFARRY,False,False,False,2026-06-09
ATTIFINLAY,False,False,False,2026-06-09
ATTIFLYNN,False,False,False,2026-06-09
ATTIGARA,False,False,False,2026-06-09
ATTIGODDAUN,False,False,False,2026-06-09
ATTIKEE,False,False,False,2026-06-09
ATTIKNOCKAN,False,False,False,2026-06-09
ATTIMACHUGH,False,False,False,2026-06-09
ATTIMANUS,False,False,False,2026-06-09
ATTIMANY,False,False,False,2026-06-09
ATTIMONBEG,False,False,False,2026-06-09
ATTIMONMORE NORTH,False,False,False,2026-06-09
ATTIMONMORE SOUTH,False,False,False,2026-06-09
ATTIMURTAGH,False,False,False,2026-06-09
ATTINADAGUE,False,False,False,2026-06-09
ATTINASKOLLIA,False,False,False,2026-06-09
ATTINKEE,False,False,False,2026-06-09
ATTIRALLA,False,False,False,2026-06-09
ATTIREESH,False,False,False,2026-06-09
ATTIREGAN,False,False,False,2026-06-09
ATTIRORY,False,False,False,2026-06-09
ATTIROWERTY,False,False,False,2026-06-09
ATTISHANE,False,False,False,2026-06-09
ATTISHANE JOYNT,False,False,False,2026-06-09
ATTITHOMASREVAGH,False,False,False,2026-06-09
ATTIVILLE,False,False,False,2026-06-09
ATTLAGHYGRANA,False,False,False,2026-06-09
ATTYBARON,False,False,False,2026-06-09
ATTYBRICK,False,False,False,2026-06-09
ATTYCLANNABRYAN,False,False,False,2026-06-09
ATTYCRISTORA,False,False,False,2026-06-09
ATTYFINEEN,False,False,False,2026-06-09
ATTYFLIN,False,False,False,2026-06-09
ATTYJAMES,False,False,False,2026-06-09
ATTYKIT,False,False,False,2026-06-09
ATTYSHONOCK,False,False,False,2026-06-09
ATTYSLANY NORTH,False,False,False,2026-06-09
ATTYSLANY SOUTH,False,False,False,2026-06-09
ATTYTERRILA,False,False,False,2026-06-09
AUBURN,False,False,False,2026-06-09
AUBWEE,False,False,False,2026-06-09
AUCLOGGEEN,False,False,False,2026-06-09
AUDLEY'S ACRE,False,False,False,2026-06-09
AUDLEYSTOWN,False,False,False,2026-06-09
AUGERIS,False,False,False,2026-06-09
AUGHABOY,False,False,False,2026-06-09
AUGHABRACK,False,False,False,2026-06-09
AUGHACASLA NORTH,False,False,False,2026-06-09
AUGHACASLA SOUTH,False,False,False,2026-06-09
AUGHADANOVE,False,False,False,2026-06-09
AUGHAGALLA,False,False,False,2026-06-09
AUGHAGARNA,False,False,False,2026-06-09
AUGHAGAULT,False,False,False,2026-06-09
AUGHAGAULT BIG,False,False,False,2026-06-09
AUGHAGRANNA,False,False,False,2026-06-09
AUGHALEIGUE BEG,False,False,False,2026-06-09
AUGHALEIGUE MORE,False,False,False,2026-06-09
AUGHALIN,False,False,False,2026-06-09
AUGHALISH,False,False,False,2026-06-09
AUGHALL BEG,False,False,False,2026-06-09
AUGHALL MIDDLE,False,False,False,2026-06-09
AUGHALL MORE,False,False,False,2026-06-09
AUGHAMULLAN,False,False,False,2026-06-09
AUGHANDUFF,False,False,False,2026-06-09
AUGHANE,False,False,False,2026-06-09
AUGHANNA,False,False,False,2026-06-09
AUGHANS,False,False,False,2026-06-09
AUGHANURE,False,False,False,2026-06-09
AUGHAREAMLAGH,False,False,False,2026-06-09
AUGHATHLAPPA,False,False,False,2026-06-09
AUGHATUBBRID OR CHATSWORTH,False,False,False,2026-06-09
AUGHAVANLOMAUN,False,False,False,2026-06-09
AUGHAVEHIR,False,False,False,2026-06-09
AUGHAVINNA,False,False,False,2026-06-09
AUGHAWARD,False,False,False,2026-06-09
AUGHBOY,False,False,False,2026-06-09
AUGHCLARE,False,False,False,2026-06-09
AUGHER TENEMENTS,False,False,False,2026-06-09
AUGHERMON,False,False,False,2026-06-09
AUGHERNAGALLIAGH,False,False,False,2026-06-09
AUGHERSKEA,False,False,False,2026-06-09
AUGHEY,False,False,False,2026-06-09
AUGHFAD,False,False,False,2026-06-09
AUGHIL,False,False,False,2026-06-09
AUGHILLS,False,False,False,2026-06-09
AUGHINE,False,False,False,2026-06-09
AUGHINIDA,False,False,False,2026-06-09
AUGHINISH,False,False,False,2026-06-09
AUGHINISH EAST,False,False,False,2026-06-09
AUGHINISH WEST,False,False,False,2026-06-09
AUGHINTOBER,False,False,False,2026-06-09
AUGHISKA BEG,False,False,False,2026-06-09
AUGHKEELY,False,False,False,2026-06-09
AUGHKILETAUN,False,False,False,2026-06-09
AUGHLISH,False,False,False,2026-06-09
AUGHMORE,False,False,False,2026-06-09
AUGHNACARNEY,False,False,False,2026-06-09
AUGHNACAVEN,False,False,False,2026-06-09
AUGHNACLEAGH,False,False,False,2026-06-09
AUGHNACLOY,False,False,False,2026-06-09
AUGHNACRUMPANE,False,False,False,2026-06-09
AUGHNACURRAVEEL,False,False,False,2026-06-09
AUGHNADARRAGH,False,False,False,2026-06-09
AUGHNADRUMMAN,False,False,False,2026-06-09
AUGHNAFOSKER,False,False,False,2026-06-09
AUGHNAGALLEY,False,False,False,2026-06-09
AUGHNAGAN,False,False,False,2026-06-09
AUGHNAGOMAUN,False,False,False,2026-06-09
AUGHNAGON,False,False,False,2026-06-09
AUGHNAGURGAN,False,False,False,2026-06-09
AUGHNAHEEL,False,False,False,2026-06-09
AUGHNAHOLLE,False,False,False,2026-06-09
AUGHNAHOORY,False,False,False,2026-06-09
AUGHNAHOY,False,False,False,2026-06-09
AUGHNALOOPY,False,False,False,2026-06-09
AUGHNALYRA,False,False,False,2026-06-09
AUGHNAMAULMEEN,False,False,False,2026-06-09
AUGHNAMULLAN,False,False,False,2026-06-09
AUGHNASILLAGH,False,False,False,2026-06-09
AUGHNASKEAGH,False,False,False,2026-06-09
AUGHNAVALLOG,False,False,False,2026-06-09
AUGHNESS,False,False,False,2026-06-09
AUGHNISH,False,False,False,2026-06-09
AUGHNISH ISLE,False,False,False,2026-06-09
AUGHRAFIN,False,False,False,2026-06-09
AUGHRIM,False,False,False,2026-06-09
AUGHRIM KELLY,False,False,False,2026-06-09
AUGHRIM ROSS,False,False,False,2026-06-09
AUGHRIM TOOHY,False,False,False,2026-06-09
AUGHRIM BEG,False,False,False,2026-06-09
AUGHRIM MORE,False,False,False,2026-06-09
AUGHRIMAN,False,False,False,2026-06-09
AUGHRIMAN SOUTH,False,False,False,2026-06-09
AUGHRIMDERG,False,False,False,2026-06-09
AUGHRIS,False,False,False,2026-06-09
AUGHRUS BEG,False,False,False,2026-06-09
AUGHRUS MORE,False,False,False,2026-06-09
AUGHRY,False,False,False,2026-06-09
AUGHT,False,False,False,2026-06-09
AUGHTANNY,False,False,False,2026-06-09
AUGHTERCLOONEY,False,False,False,2026-06-09
AUGHTERMOY,False,False,False,2026-06-09
AUGHTREAGH,False,False,False,2026-06-09
AUGHULLEN,False,False,False,2026-06-09
AUGHVALLYDEAG,False,False,False,2026-06-09
AUGHVOLEYSHANE,False,False,False,2026-06-09
AUGLISKA MORE,False,False,False,2026-06-09
AUGULLIES,False,False,False,2026-06-09
AULANEBANE,False,False,False,2026-06-09
AULANEDUFF,False,False,False,2026-06-09
AULT,False,False,False,2026-06-09
AULTAGH,False,False,False,2026-06-09
AULTAGHREAGH,False,False,False,2026-06-09
AUNAMIHOONAGH,False,False,False,2026-06-09
AUNGIERSTOWN AND BALLYBANE,False,False,False,2026-06-09
AUSKURRA BIG,False,False,False,2026-06-09
AUSKURRA LITTLE,False,False,False,2026-06-09
AVALBANE,False,False,False,2026-06-09
AVALREAGH,False,False,False,2026-06-09
AVALTYGORT,False,False,False,2026-06-09
AVENUE,False,False,False,2026-06-09
AVERY ISLAND,False,False,False,2026-06-09
AVISH,False,False,False,2026-06-09
AVOLEY,False,False,False,2026-06-09
AVOUGH ISLAND,False,False,False,2026-06-09
AWNASKIRTAUN,False,False,False,2026-06-09
AYLE,False,False,False,2026-06-09
AYLE LOWER,False,False,False,2026-06-09
AYLE UPPER,False,False,False,2026-06-09
AYLMERSTOWN,False,False,False,2026-06-09
AYLWARDSTOWN,False,False,False,2026-06-09
AYRESFIELDS,False,False,False,2026-06-09
BABESWOOD,False,False,False,2026-06-09
BACHELORSHALL,False,False,False,2026-06-09
BACK,False,False,False,2026-06-09
BACK LOWER,False,False,False,2026-06-09
BACK UPPER,False,False,False,2026-06-09
BACK OF THE HILL,False,False,False,2026-06-09
BACKADERRY,False,False,False,2026-06-09
BACKAN,False,False,False,2026-06-09
BACKFARM,False,False,False,2026-06-09
BACKFENCE,False,False,False,2026-06-09
BACKHILL,False,False,False,2026-06-09
BACKLAND,False,False,False,2026-06-09
BACKNAMULLAGH,False,False,False,2026-06-09
BACKPARK,False,False,False,2026-06-09
BACKSTEEL,False,False,False,2026-06-09
BACKSTOWN,False,False,False,2026-06-09
BACKTOWN,False,False,False,2026-06-09
BACKWESTON PARK,False,False,False,2026-06-09
BACKWESTONPARK,False,False,False,2026-06-09
BACKWOOD,False,False,False,2026-06-09
BACONSTOWN,False,False,False,2026-06-09
BADGERFORT,False,False,False,2026-06-09
BADGERHILL,False,False,False,2026-06-09
BADGERISLAND,False,False,False,2026-06-09
BADGERROCK,False,False,False,2026-06-09
BADONEY,False,False,False,2026-06-09
BAGGOTRATH,False,False,False,2026-06-09
BAGGOTRATH EAST,False,False,False,2026-06-09
BAGGOTRATH NORTH,False,False,False,2026-06-09
BAGGOTRATH WEST,False,False,False,2026-06-09
BAGGOTSTOWN,False,False,False,2026-06-09
BAGGOTSTOWN EAST,False,False,False,2026-06-09
BAGGOTSTOWN WEST,False,False,False,2026-06-09
BAGGOTTSPARK,False,False,False,2026-06-09
BAGHLOONAGH,False,False,False,2026-06-09
BAHAGHA,False,False,False,2026-06-09
BAHAGHS,False,False,False,2026-06-09
BAILE CHONAILL,False,False,False,2026-06-09
BAILE DHÃITH,False,False,False,2026-06-09
BAILE FHINN,False,False,False,2026-06-09
BAILE GHIB,False,False,False,2026-06-09
BAILE IARTHACH THEAS,False,False,False,2026-06-09
BAILE IARTHACH THUAIDH,False,False,False,2026-06-09
BAILE MHAC AIRT UACHTARACH,False,False,False,2026-06-09
BAILE MHISTÃIL,False,False,False,2026-06-09
BAILE REO,False,False,False,2026-06-09
BAILE UÃ BHAOITHÃN,False,False,False,2026-06-09
BAILE UÃ CHORRÃIN,False,False,False,2026-06-09
BAILE UÃ CHURRAOIN THEAS,False,False,False,2026-06-09
BAILE UÃ CHURRAOIN THUAIDH,False,False,False,2026-06-09
BAILE UÃ RAGHALLAIGH,False,False,False,2026-06-09
BAILE UÃ SHEARÃºCHÃIN,False,False,False,2026-06-09
BAILE AN AICÃADAIGH,False,False,False,2026-06-09
BAILE AN BHIOCÃIRE,False,False,False,2026-06-09
BAILE AN CHNOCÃIN,False,False,False,2026-06-09
BAILE AN EASA,False,False,False,2026-06-09
BAILE AN GHLEANNA,False,False,False,2026-06-09
BAILE AN LOCHAIGH,False,False,False,2026-06-09
BAILE AN MHÃºRAIGH,False,False,False,2026-06-09
BAILE AN RÃ³ID,False,False,False,2026-06-09
BAILE AN SCEILG,False,False,False,2026-06-09
BAILE AN TEAMPAILL,False,False,False,2026-06-09
BAILE AN TSLÃIBHE,False,False,False,2026-06-09
BAILE AN TSLÃIBHE THUAIDH,False,False,False,2026-06-09
BAILE NA BÃ³,False,False,False,2026-06-09
BAILE NA CILLE,False,False,False,2026-06-09
BAILE NA CÃºIRTE THEAS,False,False,False,2026-06-09
BAILE NA MÃ³NA UACHTARACH,False,False,False,2026-06-09
BAILE NA RÃTHA THEAS,False,False,False,2026-06-09
BAILE NA BPOC,False,False,False,2026-06-09
BAILE NA BHFLANN,False,False,False,2026-06-09
BAILE NA HABHA,False,False,False,2026-06-09
BAILE NA HABHANN,False,False,False,2026-06-09
BAILE NA HABHANN THUAIDH,False,False,False,2026-06-09
BAILE NA NGALL BEAG,False,False,False,2026-06-09
BAILE NA NGALL MÃ³R,False,False,False,2026-06-09
BAILE ÃCÃN,False,False,False,2026-06-09
BAILE ÃRTHAÃ,False,False,False,2026-06-09
BAILIS,False,False,False,2026-06-09
BAILYLAND,False,False,False,2026-06-09
BAILYPARK,False,False,False,2026-06-09
BAKERSCLOSE,False,False,False,2026-06-09
BAL OF DOOKINELLY CALVY,False,False,False,2026-06-09
BALALLY,False,False,False,2026-06-09
BALBANE,False,False,False,2026-06-09
BALBOBIN,False,False,False,2026-06-09
BALBRADAGH,False,False,False,2026-06-09
BALBRIGGAN,False,False,False,2026-06-09
BALBRIGH,False,False,False,2026-06-09
BALBUTCHER,False,False,False,2026-06-09
BALCARRICK,False,False,False,2026-06-09
BALCARRIG,False,False,False,2026-06-09
BALCARRIGHILL,False,False,False,2026-06-09
BALCULTRY,False,False,False,2026-06-09
BALCUNNIN,False,False,False,2026-06-09
BALCURRIS,False,False,False,2026-06-09
BALDONGAN,False,False,False,2026-06-09
BALDONNELL LITTLE,False,False,False,2026-06-09
BALDONNELL LOWER,False,False,False,2026-06-09
BALDONNELL UPPER,False,False,False,2026-06-09
BALDOYLE,False,False,False,2026-06-09
BALDOYLE OR CURTISTOWN LOWER,False,False,False,2026-06-09
BALDRUMMAN,False,False,False,2026-06-09
BALDURGAN,False,False,False,2026-06-09
BALDWINSTOWN,False,False,False,2026-06-09
BALFEAGHAN,False,False,False,2026-06-09
BALFEDDOCK,False,False,False,2026-06-09
BALFESTOWN,False,False,False,2026-06-09
BALGADDY,False,False,False,2026-06-09
BALGARRETT,False,False,False,2026-06-09
BALGATHERAN,False,False,False,2026-06-09
BALGEEN,False,False,False,2026-06-09
BALGEETH,False,False,False,2026-06-09
BALGREE,False,False,False,2026-06-09
BALGRIFFIN,False,False,False,2026-06-09
BALGRIFFIN PARK,False,False,False,2026-06-09
BALHEARY,False,False,False,2026-06-09
BALHEARY DEMESNE,False,False,False,2026-06-09
BALIEF LOWER,False,False,False,2026-06-09
BALIEF UPPER,False,False,False,2026-06-09
BALINACRANE,False,False,False,2026-06-09
BALINCARROONA,False,False,False,2026-06-09
BALINVOHER,False,False,False,2026-06-09
BALIX LOWER,False,False,False,2026-06-09
BALIX UPPER,False,False,False,2026-06-09
BALKINSTOWN,False,False,False,2026-06-09
BALLA,False,False,False,2026-06-09
BALLABONY,False,False,False,2026-06-09
BALLADIAN,False,False,False,2026-06-09
BALLADY,False,False,False,2026-06-09
BALLAGAN,False,False,False,2026-06-09
BALLAGH ACHMUTY,False,False,False,2026-06-09
BALLAGH BURROW,False,False,False,2026-06-09
BALLAGH EAST,False,False,False,2026-06-09
BALLAGH WEST,False,False,False,2026-06-09
BALLAGHABAWBEG,False,False,False,2026-06-09
BALLAGHABAWMORE,False,False,False,2026-06-09
BALLAGHABLAKE,False,False,False,2026-06-09
BALLAGHACLAY,False,False,False,2026-06-09
BALLAGHADERNEEN,False,False,False,2026-06-09
BALLAGHADERREEN,False,False,False,2026-06-09
BALLAGHADERRY,False,False,False,2026-06-09
BALLAGHADIGUE,False,False,False,2026-06-09
BALLAGHADOWN NORTH,False,False,False,2026-06-09
BALLAGHADOWN SOUTH,False,False,False,2026-06-09
BALLAGHAFADDY EAST,False,False,False,2026-06-09
BALLAGHAFADDY WEST,False,False,False,2026-06-09
BALLAGHAGLASH,False,False,False,2026-06-09
BALLAGHALARE,False,False,False,2026-06-09
BALLAGHALINE,False,False,False,2026-06-09
BALLAGHALODE,False,False,False,2026-06-09
BALLAGHAMUCK,False,False,False,2026-06-09
BALLAGHANEA,False,False,False,2026-06-09
BALLAGHANERY,False,False,False,2026-06-09
BALLAGHANERY UPPER,False,False,False,2026-06-09
BALLAGHANNA,False,False,False,2026-06-09
BALLAGHANOHER,False,False,False,2026-06-09
BALLAGHANURE,False,False,False,2026-06-09
BALLAGHARAHIN,False,False,False,2026-06-09
BALLAGHAREA,False,False,False,2026-06-09
BALLAGHASSAAN,False,False,False,2026-06-09
BALLAGHAUGEAG EAST,False,False,False,2026-06-09
BALLAGHAUGEAG WEST,False,False,False,2026-06-09
BALLAGHAVORRAGA,False,False,False,2026-06-09
BALLAGHAWEARY,False,False,False,2026-06-09
BALLAGHBAUN,False,False,False,2026-06-09
BALLAGHBEDDY,False,False,False,2026-06-09
BALLAGHBEG,False,False,False,2026-06-09
BALLAGHBEHY,False,False,False,2026-06-09
BALLAGHBEHY EAST,False,False,False,2026-06-09
BALLAGHBEHY SOUTH,False,False,False,2026-06-09
BALLAGHBOY,False,False,False,2026-06-09
BALLAGHCLONEEN,False,False,False,2026-06-09
BALLAGHCULLIA,False,False,False,2026-06-09
BALLAGHDACKER,False,False,False,2026-06-09
BALLAGHDERG,False,False,False,2026-06-09
BALLAGHDORRAGH,False,False,False,2026-06-09
BALLAGHDORRAGHA,False,False,False,2026-06-09
BALLAGHDUFF,False,False,False,2026-06-09
BALLAGHFARNA,False,False,False,2026-06-09
BALLAGHGAR,False,False,False,2026-06-09
BALLAGHGEE,False,False,False,2026-06-09
BALLAGHGOWLA,False,False,False,2026-06-09
BALLAGHGOWLA AND FROGHAN,False,False,False,2026-06-09
BALLAGHKEERAN BIG,False,False,False,2026-06-09
BALLAGHKEERAN LITTLE,False,False,False,2026-06-09
BALLAGHLYRAGH OR NEALSTOWN,False,False,False,2026-06-09
BALLAGHMOON,False,False,False,2026-06-09
BALLAGHMOON CASTLE,False,False,False,2026-06-09
BALLAGHMORE,False,False,False,2026-06-09
BALLAGHMORE LOWER,False,False,False,2026-06-09
BALLAGHMORE UPPER,False,False,False,2026-06-09
BALLAGHNABEHY,False,False,False,2026-06-09
BALLAGHNAGEARN,False,False,False,2026-06-09
BALLAGHNAGROSHEEN,False,False,False,2026-06-09
BALLAGHNEED,False,False,False,2026-06-09
BALLAGHSTOWN,False,False,False,2026-06-09
BALLAGHTALION,False,False,False,2026-06-09
BALLAGHVENY,False,False,False,2026-06-09
BALLAGHY,False,False,False,2026-06-09
BALLAGHYMURRY,False,False,False,2026-06-09
BALLAGROGE,False,False,False,2026-06-09
BALLAHACOMMANE,False,False,False,2026-06-09
BALLAHANTOURAGH,False,False,False,2026-06-09
BALLAHEEN,False,False,False,2026-06-09
BALLAIR,False,False,False,2026-06-09
BALLAKELLY,False,False,False,2026-06-09
BALLALEASE NORTH,False,False,False,2026-06-09
BALLALEASE SOUTH,False,False,False,2026-06-09
BALLALEASE WEST,False,False,False,2026-06-09
BALLALLEN,False,False,False,2026-06-09
BALLALLOG,False,False,False,2026-06-09
BALLAMAN,False,False,False,2026-06-09
BALLANAMORE,False,False,False,2026-06-09
BALLANY,False,False,False,2026-06-09
BALLARD COMMONS,False,False,False,2026-06-09
BALLARD EAST,False,False,False,2026-06-09
BALLARD PARK,False,False,False,2026-06-09
BALLARD WEST,False,False,False,2026-06-09
BALLARDAN GREAT,False,False,False,2026-06-09
BALLARDAN LITTLE,False,False,False,2026-06-09
BALLARDIGGAN,False,False,False,2026-06-09
BALLARE,False,False,False,2026-06-09
BALLASK,False,False,False,2026-06-09
BALLASPORT,False,False,False,2026-06-09
BALLASTRAN,False,False,False,2026-06-09
BALLAUN ROCK,False,False,False,2026-06-09
BALLAVERTY,False,False,False,2026-06-09
BALLCOURCY BEG,False,False,False,2026-06-09
BALLCOURCY MORE,False,False,False,2026-06-09
BALLEA,False,False,False,2026-06-09
BALLEAGNY,False,False,False,2026-06-09
BALLEALLY EAST,False,False,False,2026-06-09
BALLEALLY WEST,False,False,False,2026-06-09
BALLEALY NORTH,False,False,False,2026-06-09
BALLEALY SOUTH,False,False,False,2026-06-09
BALLEE,False,False,False,2026-06-09
BALLEEGHAN,False,False,False,2026-06-09
BALLEEGHAN LOWER,False,False,False,2026-06-09
BALLEEGHAN UPPER,False,False,False,2026-06-09
BALLEEK,False,False,False,2026-06-09
BALLEEK BEG,False,False,False,2026-06-09
BALLEELAGHAN,False,False,False,2026-06-09
BALLEEN,False,False,False,2026-06-09
BALLEEN LITTLE,False,False,False,2026-06-09
BALLEEN LOWER,False,False,False,2026-06-09
BALLEER,False,False,False,2026-06-09
BALLEEVY,False,False,False,2026-06-09
BALLEIGHTERAGH EAST,False,False,False,2026-06-09
BALLEIGHTERAGH WEST,False,False,False,2026-06-09
BALLENAN,False,False,False,2026-06-09
BALLENY,False,False,False,2026-06-09
BALLESTRAN,False,False,False,2026-06-09
BALLEVEN,False,False,False,2026-06-09
BALLEW,False,False,False,2026-06-09
BALLEYGOREY,False,False,False,2026-06-09
BALLGEERY WEST,False,False,False,2026-06-09
BALLGILL,False,False,False,2026-06-09
BALLICHMOYLER,False,False,False,2026-06-09
BALLICKMOYLER,False,False,False,2026-06-09
BALLICKMOYLER UPPER,False,False,False,2026-06-09
BALLICKNAHEE,False,False,False,2026-06-09
BALLIGGAN,False,False,False,2026-06-09
BALLILOGUE,False,False,False,2026-06-09
BALLIN,False,False,False,2026-06-09
BALLINA,False,False,False,2026-06-09
BALLINA LOWER,False,False,False,2026-06-09
BALLINA UPPER,False,False,False,2026-06-09
BALLINA OR BECTIVE,False,False,False,2026-06-09
BALLINAB,False,False,False,2026-06-09
BALLINABARNEY,False,False,False,2026-06-09
BALLINABOOLA,False,False,False,2026-06-09
BALLINABOY,False,False,False,2026-06-09
BALLINABRANAGH,False,False,False,2026-06-09
BALLINACARRIG,False,False,False,2026-06-09
BALLINACLOGH LOWER,False,False,False,2026-06-09
BALLINACLOGH UPPER,False,False,False,2026-06-09
BALLINACOOLA,False,False,False,2026-06-09
BALLINACOOLA BEG,False,False,False,2026-06-09
BALLINACOOLA MORE,False,False,False,2026-06-09
BALLINACOSTELLO,False,False,False,2026-06-09
BALLINACREA,False,False,False,2026-06-09
BALLINACUBBY,False,False,False,2026-06-09
BALLINACUR,False,False,False,2026-06-09
BALLINACURRA,False,False,False,2026-06-09
BALLINACURRA BOWMAN,False,False,False,2026-06-09
BALLINACURRA HART,False,False,False,2026-06-09
BALLINACURRA WESTON,False,False,False,2026-06-09
BALLINADEE,False,False,False,2026-06-09
BALLINADRIMNA,False,False,False,2026-06-09
BALLINADRUM,False,False,False,2026-06-09
BALLINADRUMMIN,False,False,False,2026-06-09
BALLINAFAD,False,False,False,2026-06-09
BALLINAFUNSHOGE,False,False,False,2026-06-09
BALLINAGAM LOWER,False,False,False,2026-06-09
BALLINAGAM UPPER,False,False,False,2026-06-09
BALLINAGAR,False,False,False,2026-06-09
BALLINAGARD,False,False,False,2026-06-09
BALLINAGAVNA,False,False,False,2026-06-09
BALLINAGEELOGE,False,False,False,2026-06-09
BALLINAGILKY,False,False,False,2026-06-09
BALLINAGRAN,False,False,False,2026-06-09
BALLINAGRANN LOWER,False,False,False,2026-06-09
BALLINAGRANN UPPER,False,False,False,2026-06-09
BALLINAGROSS,False,False,False,2026-06-09
BALLINAGROUN,False,False,False,2026-06-09
BALLINAHA,False,False,False,2026-06-09
BALLINAHEMERY,False,False,False,2026-06-09
BALLINAHINCH,False,False,False,2026-06-09
BALLINAHORNA,False,False,False,2026-06-09
BALLINALACK,False,False,False,2026-06-09
BALLINALEAMA,False,False,False,2026-06-09
BALLINALECKA,False,False,False,2026-06-09
BALLINALEE OR SAINTJOHNSTOWN,False,False,False,2026-06-09
BALLINALEUCRA,False,False,False,2026-06-09
BALLINALTIG,False,False,False,2026-06-09
BALLINALTIG BEG,False,False,False,2026-06-09
BALLINAMALLAGHT,False,False,False,2026-06-09
BALLINAMINTON EAST,False,False,False,2026-06-09
BALLINAMINTON WEST,False,False,False,2026-06-09
BALLINAMOE,False,False,False,2026-06-09
BALLINAMORE,False,False,False,2026-06-09
BALLINAMORRAGH,False,False,False,2026-06-09
BALLINANCHOR,False,False,False,2026-06-09
BALLINANIMA,False,False,False,2026-06-09
BALLINANIMA D'ARCY,False,False,False,2026-06-09
BALLINANIMA MASSY,False,False,False,2026-06-09
BALLINARINK,False,False,False,2026-06-09
BALLINARRY,False,False,False,2026-06-09
BALLINASCORNEY LOWER,False,False,False,2026-06-09
BALLINASCORNEY UPPER,False,False,False,2026-06-09
BALLINASIG,False,False,False,2026-06-09
BALLINASPEAKA,False,False,False,2026-06-09
BALLINASPICK NORTH,False,False,False,2026-06-09
BALLINASPICK SOUTH,False,False,False,2026-06-09
BALLINASPICK OR BISHOPSTOWN,False,False,False,2026-06-09
BALLINASPIG BEG,False,False,False,2026-06-09
BALLINASPIG MORE,False,False,False,2026-06-09
BALLINASTACK,False,False,False,2026-06-09
BALLINASTER,False,False,False,2026-06-09
BALLINASTRAW LOWER,False,False,False,2026-06-09
BALLINASTRAW UPPER,False,False,False,2026-06-09
BALLINASTUDD,False,False,False,2026-06-09
BALLINATONA,False,False,False,2026-06-09
BALLINATTIN,False,False,False,2026-06-09
BALLINATTIN LOWER,False,False,False,2026-06-09
BALLINATTIN UPPER,False,False,False,2026-06-09
BALLINAVARY,False,False,False,2026-06-09
BALLINAVUNIA,False,False,False,2026-06-09
BALLINAYA,False,False,False,2026-06-09
BALLINBEA,False,False,False,2026-06-09
BALLINBEG,False,False,False,2026-06-09
BALLINBRANHIG,False,False,False,2026-06-09
BALLINBRITTIG,False,False,False,2026-06-09
BALLINCAR,False,False,False,2026-06-09
BALLINCARROONA,False,False,False,2026-06-09
BALLINCARROONIG,False,False,False,2026-06-09
BALLINCASH LOWER,False,False,False,2026-06-09
BALLINCASH UPPER,False,False,False,2026-06-09
BALLINCASSA,False,False,False,2026-06-09
BALLINCASTLE,False,False,False,2026-06-09
BALLINCHALLA,False,False,False,2026-06-09
BALLINCLAY,False,False,False,2026-06-09
BALLINCLAY LOWER,False,False,False,2026-06-09
BALLINCLAY UPPER,False,False,False,2026-06-09
BALLINCLEMESIG,False,False,False,2026-06-09
BALLINCLOGHAN,False,False,False,2026-06-09
BALLINCLOGHAN LITTLE,False,False,False,2026-06-09
BALLINCLOHER,False,False,False,2026-06-09
BALLINCLOHER EAST,False,False,False,2026-06-09
BALLINCLOHER WEST,False,False,False,2026-06-09
BALLINCOLLA,False,False,False,2026-06-09
BALLINCOLLIG,False,False,False,2026-06-09
BALLINCOLLOO,False,False,False,2026-06-09
BALLINCOLLOP,False,False,False,2026-06-09
BALLINCOLLY,False,False,False,2026-06-09
BALLINCOOL,False,False,False,2026-06-09
BALLINCOR,False,False,False,2026-06-09
BALLINCOR DEMESNE,False,False,False,2026-06-09
BALLINCOTA,False,False,False,2026-06-09
BALLINCOURCEY,False,False,False,2026-06-09
BALLINCOURLEA,False,False,False,2026-06-09
BALLINCOURNEENIG,False,False,False,2026-06-09
BALLINCRAHEEN,False,False,False,2026-06-09
BALLINCRANIG,False,False,False,2026-06-09
BALLINCREA,False,False,False,2026-06-09
BALLINCRICK AND BALLYNABROCKY,False,False,False,2026-06-09
BALLINCROKIG,False,False,False,2026-06-09
BALLINCROSSIG,False,False,False,2026-06-09
BALLINCULLOO,False,False,False,2026-06-09
BALLINCUR,False,False,False,2026-06-09
BALLINCURRA,False,False,False,2026-06-09
BALLINCURRA NORTH,False,False,False,2026-06-09
BALLINCURRA SOUTH,False,False,False,2026-06-09
BALLINCURRAGH,False,False,False,2026-06-09
BALLINCURRIG,False,False,False,2026-06-09
BALLINCURRY,False,False,False,2026-06-09
BALLINCURRY UPPER,False,False,False,2026-06-09
BALLINDAGGAN,False,False,False,2026-06-09
BALLINDAGNY AND CULLYVORE,False,False,False,2026-06-09
BALLINDALL,False,False,False,2026-06-09
BALLINDAM,False,False,False,2026-06-09
BALLINDANGAN,False,False,False,2026-06-09
BALLINDARRA,False,False,False,2026-06-09
BALLINDARRAGH,False,False,False,2026-06-09
BALLINDEASIG,False,False,False,2026-06-09
BALLINDEENISK,False,False,False,2026-06-09
BALLINDELL EAST,False,False,False,2026-06-09
BALLINDELL WEST,False,False,False,2026-06-09
BALLINDERREEN,False,False,False,2026-06-09
BALLINDERRIN,False,False,False,2026-06-09
BALLINDERRY,False,False,False,2026-06-09
BALLINDERRY BIG,False,False,False,2026-06-09
BALLINDERRY LITTLE,False,False,False,2026-06-09
BALLINDIGNY,False,False,False,2026-06-09
BALLINDILLANIG,False,False,False,2026-06-09
BALLINDINAS,False,False,False,2026-06-09
BALLINDINE EAST,False,False,False,2026-06-09
BALLINDINE NORTH,False,False,False,2026-06-09
BALLINDINE WEST,False,False,False,2026-06-09
BALLINDINIS,False,False,False,2026-06-09
BALLINDOALTY,False,False,False,2026-06-09
BALLINDOALTY UPPER,False,False,False,2026-06-09
BALLINDOLLAGHAN CRUMP,False,False,False,2026-06-09
BALLINDOLLAGHAN KNOX,False,False,False,2026-06-09
BALLINDONEY,False,False,False,2026-06-09
BALLINDONEY EAST,False,False,False,2026-06-09
BALLINDONEY WEST,False,False,False,2026-06-09
BALLINDOO,False,False,False,2026-06-09
BALLINDOOGANIG,False,False,False,2026-06-09
BALLINDOOLEY,False,False,False,2026-06-09
BALLINDOOLIN,False,False,False,2026-06-09
BALLINDOON,False,False,False,2026-06-09
BALLINDOWN,False,False,False,2026-06-09
BALLINDRAIT,False,False,False,2026-06-09
BALLINDREEN IRISH,False,False,False,2026-06-09
BALLINDREEN SCOTCH,False,False,False,2026-06-09
BALLINDREHID,False,False,False,2026-06-09
BALLINDRESROUGH,False,False,False,2026-06-09
BALLINDRIMNA,False,False,False,2026-06-09
BALLINDRINAN,False,False,False,2026-06-09
BALLINDRINNAN,False,False,False,2026-06-09
BALLINDRUM,False,False,False,2026-06-09
BALLINDRUMLEA,False,False,False,2026-06-09
BALLINDRUMMA,False,False,False,2026-06-09
BALLINDRUMMEEN,False,False,False,2026-06-09
BALLINDUD,False,False,False,2026-06-09
BALLINDUFF,False,False,False,2026-06-09
BALLINDULLAGH INWARD,False,False,False,2026-06-09
BALLINDULLAGH OUTWARD,False,False,False,2026-06-09
BALLINDURROW,False,False,False,2026-06-09
BALLINDVRAGNOSIG,False,False,False,2026-06-09
BALLINDYSERT,False,False,False,2026-06-09
BALLINE,False,False,False,2026-06-09
BALLINEADIG,False,False,False,2026-06-09
BALLINEALOE,False,False,False,2026-06-09
BALLINEANIG-CHURCHQUARTER,False,False,False,2026-06-09
BALLINEDEN,False,False,False,2026-06-09
BALLINEEDORA,False,False,False,2026-06-09
BALLINEESTEENIG,False,False,False,2026-06-09
BALLINEETIG,False,False,False,2026-06-09
BALLINENA,False,False,False,2026-06-09
BALLINENAGH,False,False,False,2026-06-09
BALLINESKER,False,False,False,2026-06-09
BALLINFOILE,False,False,False,2026-06-09
BALLINFRASE,False,False,False,2026-06-09
BALLINFREER,False,False,False,2026-06-09
BALLINFUIL,False,False,False,2026-06-09
BALLING,False,False,False,2026-06-09
BALLINGADDY EAST,False,False,False,2026-06-09
BALLINGADDY NORTH,False,False,False,2026-06-09
BALLINGADDY SOUTH,False,False,False,2026-06-09
BALLINGADDY WEST,False,False,False,2026-06-09
BALLINGALE,False,False,False,2026-06-09
BALLINGARDEN,False,False,False,2026-06-09
BALLINGARRA,False,False,False,2026-06-09
BALLINGARRANE,False,False,False,2026-06-09
BALLINGARRANE NORTH,False,False,False,2026-06-09
BALLINGARRAUN,False,False,False,2026-06-09
BALLINGARRY,False,False,False,2026-06-09
BALLINGARRY EAST,False,False,False,2026-06-09
BALLINGARRY LOWER,False,False,False,2026-06-09
BALLINGARRY MIDDLE,False,False,False,2026-06-09
BALLINGARRY UPPER,False,False,False,2026-06-09
BALLINGARRY WEST,False,False,False,2026-06-09
BALLINGARRYWOOD,False,False,False,2026-06-09
BALLINGATTA,False,False,False,2026-06-09
BALLINGAYROUR,False,False,False,2026-06-09
BALLINGEARY EAST,False,False,False,2026-06-09
BALLINGEARY WEST,False,False,False,2026-06-09
BALLINGEEMANIGBEG,False,False,False,2026-06-09
BALLINGEER,False,False,False,2026-06-09
BALLINGLANNA,False,False,False,2026-06-09
BALLINGLANNA NORTH,False,False,False,2026-06-09
BALLINGLANNA SOUTH,False,False,False,2026-06-09
BALLINGLIN,False,False,False,2026-06-09
BALLINGLINBEG,False,False,False,2026-06-09
BALLINGLY,False,False,False,2026-06-09
BALLINGOHIG,False,False,False,2026-06-09
BALLINGOOLA,False,False,False,2026-06-09
BALLINGORRAUN,False,False,False,2026-06-09
BALLINGOWAN,False,False,False,2026-06-09
BALLINGOWAN EAST,False,False,False,2026-06-09
BALLINGOWAN GLEBE,False,False,False,2026-06-09
BALLINGOWAN WEST,False,False,False,2026-06-09
BALLINGROGY,False,False,False,2026-06-09
BALLINGUILLY,False,False,False,2026-06-09
BALLINGURRA,False,False,False,2026-06-09
BALLINGURTEEN,False,False,False,2026-06-09
BALLINHALLA,False,False,False,2026-06-09
BALLINHOE,False,False,False,2026-06-09
BALLINILLANE,False,False,False,2026-06-09
BALLINILLAUN,False,False,False,2026-06-09
BALLINIMLAGH,False,False,False,2026-06-09
BALLINIRY,False,False,False,2026-06-09
BALLINISKA,False,False,False,2026-06-09
BALLINIVARRIG,False,False,False,2026-06-09
BALLINIVE,False,False,False,2026-06-09
BALLINKEEL,False,False,False,2026-06-09
BALLINKEEN,False,False,False,2026-06-09
BALLINKEENY OR MOSSTOWN,False,False,False,2026-06-09
BALLINKILLIN,False,False,False,2026-06-09
BALLINKINA,False,False,False,2026-06-09
BALLINKNOCK,False,False,False,2026-06-09
BALLINKNOCKANE,False,False,False,2026-06-09
BALLINLA,False,False,False,2026-06-09
BALLINLABAN,False,False,False,2026-06-09
BALLINLABAUN,False,False,False,2026-06-09
BALLINLAG,False,False,False,2026-06-09
BALLINLAMMY,False,False,False,2026-06-09
BALLINLARE,False,False,False,2026-06-09
BALLINLASS,False,False,False,2026-06-09
BALLINLASSA,False,False,False,2026-06-09
BALLINLASSY,False,False,False,2026-06-09
BALLINLAUR,False,False,False,2026-06-09
BALLINLAVAN,False,False,False,2026-06-09
BALLINLAW,False,False,False,2026-06-09
BALLINLAWLESS,False,False,False,2026-06-09
BALLINLEA LOWER,False,False,False,2026-06-09
BALLINLEA UPPER,False,False,False,2026-06-09
BALLINLEAGUE,False,False,False,2026-06-09
BALLINLEE,False,False,False,2026-06-09
BALLINLEE NORTH,False,False,False,2026-06-09
BALLINLEE SOUTH,False,False,False,2026-06-09
BALLINLEENTY,False,False,False,2026-06-09
BALLINLEGANE,False,False,False,2026-06-09
BALLINLENA,False,False,False,2026-06-09
BALLINLEVANE EAST,False,False,False,2026-06-09
BALLINLEVANE WEST,False,False,False,2026-06-09
BALLINLIG,False,False,False,2026-06-09
BALLINLIG LOWER,False,False,False,2026-06-09
BALLINLIG UPPER,False,False,False,2026-06-09
BALLINLINA,False,False,False,2026-06-09
BALLINLINING,False,False,False,2026-06-09
BALLINLISHEEN,False,False,False,2026-06-09
BALLINLISS,False,False,False,2026-06-09
BALLINLLIG,False,False,False,2026-06-09
BALLINLOMAN,False,False,False,2026-06-09
BALLINLONGIG,False,False,False,2026-06-09
BALLINLONTY,False,False,False,2026-06-09
BALLINLOUGH,False,False,False,2026-06-09
BALLINLOUGH WADDING,False,False,False,2026-06-09
BALLINLOUGH BIG,False,False,False,2026-06-09
BALLINLOUGH EAST,False,False,False,2026-06-09
BALLINLOUGH LITTLE,False,False,False,2026-06-09
BALLINLOUGH WEST,False,False,False,2026-06-09
BALLINLOUGHAN,False,False,False,2026-06-09
BALLINLOUGHANE,False,False,False,2026-06-09
BALLINLOUGHAUN,False,False,False,2026-06-09
BALLINLOUGHQUARTER,False,False,False,2026-06-09
BALLINLOW,False,False,False,2026-06-09
BALLINLUG,False,False,False,2026-06-09
BALLINLUG EAST,False,False,False,2026-06-09
BALLINLUG WEST,False,False,False,2026-06-09
BALLINLUIG,False,False,False,2026-06-09
BALLINLUIG EAST,False,False,False,2026-06-09
BALLINLUIG WEST,False,False,False,2026-06-09
BALLINLUSKA,False,False,False,2026-06-09
BALLINLYNA LOWER,False,False,False,2026-06-09
BALLINLYNA UPPER,False,False,False,2026-06-09
BALLINLYNY,False,False,False,2026-06-09
BALLINN,False,False,False,2026-06-09
BALLINOOKERY,False,False,False,2026-06-09
BALLINOOSKNY,False,False,False,2026-06-09
BALLINORAN,False,False,False,2026-06-09
BALLINORANA,False,False,False,2026-06-09
BALLINORIG EAST,False,False,False,2026-06-09
BALLINORIG SOUTH,False,False,False,2026-06-09
BALLINORIG WEST,False,False,False,2026-06-09
BALLINOROHER,False,False,False,2026-06-09
BALLINOULART,False,False,False,2026-06-09
BALLINOWLART NORTH,False,False,False,2026-06-09
BALLINOWLART SOUTH,False,False,False,2026-06-09
BALLINPHELIC,False,False,False,2026-06-09
BALLINPHELLIC,False,False,False,2026-06-09
BALLINPHILE,False,False,False,2026-06-09
BALLINPHORT,False,False,False,2026-06-09
BALLINPHUIL,False,False,False,2026-06-09
BALLINPHUILL,False,False,False,2026-06-09
BALLINPHULL,False,False,False,2026-06-09
BALLINPHUNT,False,False,False,2026-06-09
BALLINPHUNTA,False,False,False,2026-06-09
BALLINPRIOR,False,False,False,2026-06-09
BALLINRA,False,False,False,2026-06-09
BALLINRAHIN,False,False,False,2026-06-09
BALLINRALLY,False,False,False,2026-06-09
BALLINRAN,False,False,False,2026-06-09
BALLINRAN UPPER,False,False,False,2026-06-09
BALLINRANNIG,False,False,False,2026-06-09
BALLINRATH,False,False,False,2026-06-09
BALLINREA,False,False,False,2026-06-09
BALLINREA SOUTH,False,False,False,2026-06-09
BALLINREAGHAN,False,False,False,2026-06-09
BALLINREASK,False,False,False,2026-06-09
BALLINREE,False,False,False,2026-06-09
BALLINREE AND BALLYMOAT,False,False,False,2026-06-09
BALLINREENLANIG,False,False,False,2026-06-09
BALLINREES,False,False,False,2026-06-09
BALLINREESHIG,False,False,False,2026-06-09
BALLINRICHARD,False,False,False,2026-06-09
BALLINRIDDERA,False,False,False,2026-06-09
BALLINRIG,False,False,False,2026-06-09
BALLINROAD,False,False,False,2026-06-09
BALLINROBE DEMESNE,False,False,False,2026-06-09
BALLINROCHE EAST,False,False,False,2026-06-09
BALLINROCHE NORTH,False,False,False,2026-06-09
BALLINRODDY,False,False,False,2026-06-09
BALLINROE,False,False,False,2026-06-09
BALLINROE EAST,False,False,False,2026-06-09
BALLINROOAUN,False,False,False,2026-06-09
BALLINROOEY,False,False,False,2026-06-09
BALLINROSS,False,False,False,2026-06-09
BALLINROSTIG,False,False,False,2026-06-09
BALLINRUAN,False,False,False,2026-06-09
BALLINRUANE,False,False,False,2026-06-09
BALLINRUD EAST,False,False,False,2026-06-09
BALLINRUD GLEBE,False,False,False,2026-06-09
BALLINRUD WEST,False,False,False,2026-06-09
BALLINRUDDERY,False,False,False,2026-06-09
BALLINRUMPA,False,False,False,2026-06-09
BALLINSCAULA,False,False,False,2026-06-09
BALLINSCOOLA,False,False,False,2026-06-09
BALLINSCURLOGE,False,False,False,2026-06-09
BALLINSKEAGH,False,False,False,2026-06-09
BALLINSMAUL,False,False,False,2026-06-09
BALLINSMAULA,False,False,False,2026-06-09
BALLINSPITTLE,False,False,False,2026-06-09
BALLINSTONA NORTH,False,False,False,2026-06-09
BALLINSTONA SOUTH,False,False,False,2026-06-09
BALLINTADDER,False,False,False,2026-06-09
BALLINTAFFY,False,False,False,2026-06-09
BALLINTAGGART,False,False,False,2026-06-09
BALLINTANNIG,False,False,False,2026-06-09
BALLINTANTASSIG,False,False,False,2026-06-09
BALLINTARSA,False,False,False,2026-06-09
BALLINTARSAN,False,False,False,2026-06-09
BALLINTARTON,False,False,False,2026-06-09
BALLINTATE,False,False,False,2026-06-09
BALLINTAVA,False,False,False,2026-06-09
BALLINTAW,False,False,False,2026-06-09
BALLINTAYLOR LOWER,False,False,False,2026-06-09
BALLINTAYLOR UPPER,False,False,False,2026-06-09
BALLINTEANE,False,False,False,2026-06-09
BALLINTEE,False,False,False,2026-06-09
BALLINTEEAN,False,False,False,2026-06-09
BALLINTEEAUN,False,False,False,2026-06-09
BALLINTEENOE,False,False,False,2026-06-09
BALLINTEER,False,False,False,2026-06-09
BALLINTEER NORTH,False,False,False,2026-06-09
BALLINTEER SOUTH,False,False,False,2026-06-09
BALLINTEMPAN,False,False,False,2026-06-09
BALLINTEMPO,False,False,False,2026-06-09
BALLINTEOSIG,False,False,False,2026-06-09
BALLINTER,False,False,False,2026-06-09
BALLINTERMON,False,False,False,2026-06-09
BALLINTERRY,False,False,False,2026-06-09
BALLINTILLAN,False,False,False,2026-06-09
BALLINTINE,False,False,False,2026-06-09
BALLINTISE,False,False,False,2026-06-09
BALLINTLEA,False,False,False,2026-06-09
BALLINTLEA LOWER,False,False,False,2026-06-09
BALLINTLEA NORTH,False,False,False,2026-06-09
BALLINTLEA SOUTH,False,False,False,2026-06-09
BALLINTLEA UPPER,False,False,False,2026-06-09
BALLINTLEAVE,False,False,False,2026-06-09
BALLINTLEAVE COMMONS,False,False,False,2026-06-09
BALLINTLEVA,False,False,False,2026-06-09
BALLINTLEVY,False,False,False,2026-06-09
BALLINTLIEVE,False,False,False,2026-06-09
BALLINTOBER BONNY,False,False,False,2026-06-09
BALLINTOBER ROCK,False,False,False,2026-06-09
BALLINTOBER EAST,False,False,False,2026-06-09
BALLINTOBER SOUTH,False,False,False,2026-06-09
BALLINTOBER WEST,False,False,False,2026-06-09
BALLINTOBERNIG,False,False,False,2026-06-09
BALLINTOGHEE,False,False,False,2026-06-09
BALLINTOGHER,False,False,False,2026-06-09
BALLINTOOEY,False,False,False,2026-06-09
BALLINTOOR,False,False,False,2026-06-09
BALLINTOPPAN,False,False,False,2026-06-09
BALLINTORE,False,False,False,2026-06-09
BALLINTOTIS,False,False,False,2026-06-09
BALLINTOTTY,False,False,False,2026-06-09
BALLINTOY,False,False,False,2026-06-09
BALLINTOY DEMENSE,False,False,False,2026-06-09
BALLINTRA,False,False,False,2026-06-09
BALLINTRA EAST,False,False,False,2026-06-09
BALLINTRA WEST,False,False,False,2026-06-09
BALLINTRAE,False,False,False,2026-06-09
BALLINTRAIN,False,False,False,2026-06-09
BALLINTRANE,False,False,False,2026-06-09
BALLINTRAY LOWER,False,False,False,2026-06-09
BALLINTRAY UPPER,False,False,False,2026-06-09
BALLINTREDIDA,False,False,False,2026-06-09
BALLINTRIDEEN,False,False,False,2026-06-09
BALLINTRIM,False,False,False,2026-06-09
BALLINTROFAUN,False,False,False,2026-06-09
BALLINTRY,False,False,False,2026-06-09
BALLINTUBBERT,False,False,False,2026-06-09
BALLINTUBBRID,False,False,False,2026-06-09
BALLINTUBBRID EAST,False,False,False,2026-06-09
BALLINTUBBRID WEST,False,False,False,2026-06-09
BALLINTUE,False,False,False,2026-06-09
BALLINTUR,False,False,False,2026-06-09
BALLINTUR UPPER,False,False,False,2026-06-09
BALLINTURLY,False,False,False,2026-06-09
BALLINTURNER,False,False,False,2026-06-09
BALLINULTY,False,False,False,2026-06-09
BALLINULTY LOWER,False,False,False,2026-06-09
BALLINULTY UPPER,False,False,False,2026-06-09
BALLINUNTY,False,False,False,2026-06-09
BALLINURD,False,False,False,2026-06-09
BALLINURE,False,False,False,2026-06-09
BALLINURRA,False,False,False,2026-06-09
BALLINVA,False,False,False,2026-06-09
BALLINVA NORTH,False,False,False,2026-06-09
BALLINVA SOUTH,False,False,False,2026-06-09
BALLINVACK,False,False,False,2026-06-09
BALLINVALLA,False,False,False,2026-06-09
BALLINVALLEY LOWER,False,False,False,2026-06-09
BALLINVALLIG,False,False,False,2026-06-09
BALLINVALLY EAST,False,False,False,2026-06-09
BALLINVALLY LOWER,False,False,False,2026-06-09
BALLINVALLY UPPER,False,False,False,2026-06-09
BALLINVALLY WEST,False,False,False,2026-06-09
BALLINVALLY AND KILTENNELL,False,False,False,2026-06-09
BALLINVANA,False,False,False,2026-06-09
BALLINVARD,False,False,False,2026-06-09
BALLINVARISCAL,False,False,False,2026-06-09
BALLINVAROSIG,False,False,False,2026-06-09
BALLINVARRIG,False,False,False,2026-06-09
BALLINVARRIG EAST,False,False,False,2026-06-09
BALLINVARRIG LOWER,False,False,False,2026-06-09
BALLINVARRIG UPPER,False,False,False,2026-06-09
BALLINVARRIG WEST,False,False,False,2026-06-09
BALLINVARRY,False,False,False,2026-06-09
BALLINVARRY ENGLISH,False,False,False,2026-06-09
BALLINVARRY IRISH,False,False,False,2026-06-09
BALLINVASA,False,False,False,2026-06-09
BALLINVEALA,False,False,False,2026-06-09
BALLINVEE,False,False,False,2026-06-09
BALLINVEELIG,False,False,False,2026-06-09
BALLINVEGGA,False,False,False,2026-06-09
BALLINVEILTIG,False,False,False,2026-06-09
BALLINVELLA,False,False,False,2026-06-09
BALLINVENY,False,False,False,2026-06-09
BALLINVILLA,False,False,False,2026-06-09
BALLINVILLA DEMESNE,False,False,False,2026-06-09
BALLINVINNY NORTH,False,False,False,2026-06-09
BALLINVINNY SOUTH,False,False,False,2026-06-09
BALLINVIR,False,False,False,2026-06-09
BALLINVIRA,False,False,False,2026-06-09
BALLINVIRICK,False,False,False,2026-06-09
BALLINVOASH,False,False,False,2026-06-09
BALLINVOGIG,False,False,False,2026-06-09
BALLINVOHER,False,False,False,2026-06-09
BALLINVOHER NORTH,False,False,False,2026-06-09
BALLINVOHER SOUTH,False,False,False,2026-06-09
BALLINVOLOGE,False,False,False,2026-06-09
BALLINVONEAR,False,False,False,2026-06-09
BALLINVOSNERIG EAST,False,False,False,2026-06-09
BALLINVOSNERIG WEST,False,False,False,2026-06-09
BALLINVOULTIG,False,False,False,2026-06-09
BALLINVOWNIG,False,False,False,2026-06-09
BALLINVOY,False,False,False,2026-06-09
BALLINVREDIG,False,False,False,2026-06-09
BALLINVREENA,False,False,False,2026-06-09
BALLINVRINSIG,False,False,False,2026-06-09
BALLINVRISKIG,False,False,False,2026-06-09
BALLINVROKIG,False,False,False,2026-06-09
BALLINVRONIG,False,False,False,2026-06-09
BALLINVULLA,False,False,False,2026-06-09
BALLINVULLIN,False,False,False,2026-06-09
BALLINVUSKIG,False,False,False,2026-06-09
BALLINVUSKIG EAST,False,False,False,2026-06-09
BALLINVUSKIG WEST,False,False,False,2026-06-09
BALLINWEAR,False,False,False,2026-06-09
BALLINWILLIN,False,False,False,2026-06-09
BALLINWING,False,False,False,2026-06-09
BALLINWIRE,False,False,False,2026-06-09
BALLINWULLY,False,False,False,2026-06-09
BALLINY NORTH,False,False,False,2026-06-09
BALLINY SOUTH,False,False,False,2026-06-09
BALLISK,False,False,False,2026-06-09
BALLISK COMMON,False,False,False,2026-06-09
BALLISNAHYNY,False,False,False,2026-06-09
BALLITORE,False,False,False,2026-06-09
BALLIVER,False,False,False,2026-06-09
BALLIVOR,False,False,False,2026-06-09
BALLLINAMOUGHT EAST,False,False,False,2026-06-09
BALLLINAMOUGHT WEST,False,False,False,2026-06-09
BALLON,False,False,False,2026-06-09
BALLONAGHAN,False,False,False,2026-06-09
BALLOO,False,False,False,2026-06-09
BALLOO LOWER,False,False,False,2026-06-09
BALLOOLY,False,False,False,2026-06-09
BALLOOLY EYRE,False,False,False,2026-06-09
BALLOOLY KELLY,False,False,False,2026-06-09
BALLOOLY MC DERMOTT,False,False,False,2026-06-09
BALLOOLYMORE,False,False,False,2026-06-09
BALLOONAGH,False,False,False,2026-06-09
BALLOONIGAN,False,False,False,2026-06-09
BALLOONY,False,False,False,2026-06-09
BALLOOR,False,False,False,2026-06-09
BALLOOR EAST,False,False,False,2026-06-09
BALLOOR WEST,False,False,False,2026-06-09
BALLOORCLERHY,False,False,False,2026-06-09
BALLOUGH,False,False,False,2026-06-09
BALLOUGHADALLA,False,False,False,2026-06-09
BALLOUGHLY,False,False,False,2026-06-09
BALLOUGHT,False,False,False,2026-06-09
BALLOUGHTON,False,False,False,2026-06-09
BALLOUGRY,False,False,False,2026-06-09
BALLOY,False,False,False,2026-06-09
BALLSALLAGH,False,False,False,2026-06-09
BALLSBRIDGE,False,False,False,2026-06-09
BALLSGROVE,False,False,False,2026-06-09
BALLTDONIGAN,False,False,False,2026-06-09
BALLUG,False,False,False,2026-06-09
BALLURE,False,False,False,2026-06-09
BALLUSTREE,False,False,False,2026-06-09
BALLY BEG,False,False,False,2026-06-09
